[
{
  "model": "blog.postpageblogcategory",
  "pk": 1,
  "fields": {
    "page": 6,
    "blog_category": 1
  }
},
{
  "model": "blog.postpageblogcategory",
  "pk": 2,
  "fields": {
    "page": 7,
    "blog_category": 1
  }
},
{
  "model": "blog.postpageblogcategory",
  "pk": 3,
  "fields": {
    "page": 8,
    "blog_category": 1
  }
},
{
  "model": "blog.postpageblogcategory",
  "pk": 4,
  "fields": {
    "page": 13,
    "blog_category": 2
  }
},
{
  "model": "blog.postpageblogcategory",
  "pk": 5,
  "fields": {
    "page": 14,
    "blog_category": 2
  }
},
{
  "model": "blog.postpageblogcategory",
  "pk": 6,
  "fields": {
    "page": 15,
    "blog_category": 2
  }
},
{
  "model": "blog.postpageblogcategory",
  "pk": 7,
  "fields": {
    "page": 18,
    "blog_category": 1
  }
},
{
  "model": "blog.postpageblogcategory",
  "pk": 8,
  "fields": {
    "page": 19,
    "blog_category": 1
  }
},
{
  "model": "blog.postpageblogcategory",
  "pk": 9,
  "fields": {
    "page": 20,
    "blog_category": 1
  }
},
{
  "model": "blog.postpageblogcategory",
  "pk": 10,
  "fields": {
    "page": 25,
    "blog_category": 2
  }
},
{
  "model": "blog.postpageblogcategory",
  "pk": 11,
  "fields": {
    "page": 26,
    "blog_category": 2
  }
},
{
  "model": "blog.postpageblogcategory",
  "pk": 12,
  "fields": {
    "page": 27,
    "blog_category": 2
  }
},
{
  "model": "blog.blogcategory",
  "pk": 1,
  "fields": {
    "name": "Oranges",
    "slug": "oranges"
  }
},
{
  "model": "blog.blogcategory",
  "pk": 2,
  "fields": {
    "name": "Lemons",
    "slug": "lemons"
  }
},
{
  "model": "blog.postpagetag",
  "pk": 4,
  "fields": {
    "tag": 1,
    "content_object": 6
  }
},
{
  "model": "blog.postpagetag",
  "pk": 5,
  "fields": {
    "tag": 2,
    "content_object": 6
  }
},
{
  "model": "blog.postpagetag",
  "pk": 6,
  "fields": {
    "tag": 3,
    "content_object": 6
  }
},
{
  "model": "blog.postpagetag",
  "pk": 15,
  "fields": {
    "tag": 1,
    "content_object": 7
  }
},
{
  "model": "blog.postpagetag",
  "pk": 16,
  "fields": {
    "tag": 5,
    "content_object": 7
  }
},
{
  "model": "blog.postpagetag",
  "pk": 17,
  "fields": {
    "tag": 6,
    "content_object": 7
  }
},
{
  "model": "blog.postpagetag",
  "pk": 18,
  "fields": {
    "tag": 7,
    "content_object": 7
  }
},
{
  "model": "blog.postpagetag",
  "pk": 22,
  "fields": {
    "tag": 8,
    "content_object": 8
  }
},
{
  "model": "blog.postpagetag",
  "pk": 23,
  "fields": {
    "tag": 1,
    "content_object": 8
  }
},
{
  "model": "blog.postpagetag",
  "pk": 24,
  "fields": {
    "tag": 3,
    "content_object": 8
  }
},
{
  "model": "blog.postpagetag",
  "pk": 25,
  "fields": {
    "tag": 1,
    "content_object": 13
  }
},
{
  "model": "blog.postpagetag",
  "pk": 26,
  "fields": {
    "tag": 10,
    "content_object": 13
  }
},
{
  "model": "blog.postpagetag",
  "pk": 27,
  "fields": {
    "tag": 9,
    "content_object": 13
  }
},
{
  "model": "blog.postpagetag",
  "pk": 31,
  "fields": {
    "tag": 12,
    "content_object": 14
  }
},
{
  "model": "blog.postpagetag",
  "pk": 32,
  "fields": {
    "tag": 14,
    "content_object": 14
  }
},
{
  "model": "blog.postpagetag",
  "pk": 33,
  "fields": {
    "tag": 15,
    "content_object": 14
  }
},
{
  "model": "blog.postpagetag",
  "pk": 37,
  "fields": {
    "tag": 16,
    "content_object": 15
  }
},
{
  "model": "blog.postpagetag",
  "pk": 38,
  "fields": {
    "tag": 12,
    "content_object": 15
  }
},
{
  "model": "blog.postpagetag",
  "pk": 39,
  "fields": {
    "tag": 15,
    "content_object": 15
  }
},
{
  "model": "blog.postpagetag",
  "pk": 40,
  "fields": {
    "tag": 1,
    "content_object": 18
  }
},
{
  "model": "blog.postpagetag",
  "pk": 41,
  "fields": {
    "tag": 2,
    "content_object": 18
  }
},
{
  "model": "blog.postpagetag",
  "pk": 42,
  "fields": {
    "tag": 3,
    "content_object": 18
  }
},
{
  "model": "blog.postpagetag",
  "pk": 43,
  "fields": {
    "tag": 1,
    "content_object": 19
  }
},
{
  "model": "blog.postpagetag",
  "pk": 44,
  "fields": {
    "tag": 5,
    "content_object": 19
  }
},
{
  "model": "blog.postpagetag",
  "pk": 45,
  "fields": {
    "tag": 6,
    "content_object": 19
  }
},
{
  "model": "blog.postpagetag",
  "pk": 46,
  "fields": {
    "tag": 7,
    "content_object": 19
  }
},
{
  "model": "blog.postpagetag",
  "pk": 47,
  "fields": {
    "tag": 8,
    "content_object": 20
  }
},
{
  "model": "blog.postpagetag",
  "pk": 48,
  "fields": {
    "tag": 1,
    "content_object": 20
  }
},
{
  "model": "blog.postpagetag",
  "pk": 49,
  "fields": {
    "tag": 3,
    "content_object": 20
  }
},
{
  "model": "blog.postpagetag",
  "pk": 50,
  "fields": {
    "tag": 1,
    "content_object": 25
  }
},
{
  "model": "blog.postpagetag",
  "pk": 51,
  "fields": {
    "tag": 10,
    "content_object": 25
  }
},
{
  "model": "blog.postpagetag",
  "pk": 52,
  "fields": {
    "tag": 9,
    "content_object": 25
  }
},
{
  "model": "blog.postpagetag",
  "pk": 53,
  "fields": {
    "tag": 12,
    "content_object": 26
  }
},
{
  "model": "blog.postpagetag",
  "pk": 54,
  "fields": {
    "tag": 14,
    "content_object": 26
  }
},
{
  "model": "blog.postpagetag",
  "pk": 55,
  "fields": {
    "tag": 15,
    "content_object": 26
  }
},
{
  "model": "blog.postpagetag",
  "pk": 56,
  "fields": {
    "tag": 16,
    "content_object": 27
  }
},
{
  "model": "blog.postpagetag",
  "pk": 57,
  "fields": {
    "tag": 12,
    "content_object": 27
  }
},
{
  "model": "blog.postpagetag",
  "pk": 58,
  "fields": {
    "tag": 15,
    "content_object": 27
  }
},
{
  "model": "wagtail_localize.localesynchronization",
  "pk": 1,
  "fields": {
    "locale": 3,
    "sync_from": 1
  }
},
{
  "model": "wagtailimages.rendition",
  "pk": 1,
  "fields": {
    "filter_spec": "max-165x165",
    "file": "images/orange.max-165x165.jpg",
    "width": 165,
    "height": 110,
    "focal_point_key": "",
    "image": 1
  }
},
{
  "model": "wagtailimages.rendition",
  "pk": 2,
  "fields": {
    "filter_spec": "max-100x100",
    "file": "images/orange.max-100x100.jpg",
    "width": 100,
    "height": 66,
    "focal_point_key": "",
    "image": 1
  }
},
{
  "model": "wagtailimages.rendition",
  "pk": 3,
  "fields": {
    "filter_spec": "max-165x165",
    "file": "images/more_oranges.max-165x165.jpg",
    "width": 165,
    "height": 110,
    "focal_point_key": "",
    "image": 2
  }
},
{
  "model": "wagtailimages.rendition",
  "pk": 4,
  "fields": {
    "filter_spec": "original",
    "file": "images/more_oranges.original.jpg",
    "width": 3870,
    "height": 2580,
    "focal_point_key": "",
    "image": 2
  }
},
{
  "model": "wagtailimages.rendition",
  "pk": 5,
  "fields": {
    "filter_spec": "max-165x165",
    "file": "images/orange_with_hand.max-165x165.jpg",
    "width": 165,
    "height": 110,
    "focal_point_key": "",
    "image": 3
  }
},
{
  "model": "wagtailimages.rendition",
  "pk": 6,
  "fields": {
    "filter_spec": "original",
    "file": "images/orange_with_hand.original.jpg",
    "width": 2070,
    "height": 1381,
    "focal_point_key": "",
    "image": 3
  }
},
{
  "model": "wagtailimages.rendition",
  "pk": 7,
  "fields": {
    "filter_spec": "width-400",
    "file": "images/orange.width-400.jpg",
    "width": 400,
    "height": 266,
    "focal_point_key": "",
    "image": 1
  }
},
{
  "model": "wagtailimages.rendition",
  "pk": 8,
  "fields": {
    "filter_spec": "width-400",
    "file": "images/more_oranges.width-400.jpg",
    "width": 400,
    "height": 266,
    "focal_point_key": "",
    "image": 2
  }
},
{
  "model": "wagtailimages.rendition",
  "pk": 9,
  "fields": {
    "filter_spec": "max-165x165",
    "file": "images/oranges_in_a_line.max-165x165.jpg",
    "width": 165,
    "height": 109,
    "focal_point_key": "",
    "image": 4
  }
},
{
  "model": "wagtailimages.rendition",
  "pk": 10,
  "fields": {
    "filter_spec": "original",
    "file": "images/oranges_in_a_line.original.jpg",
    "width": 2372,
    "height": 1579,
    "focal_point_key": "",
    "image": 4
  }
},
{
  "model": "wagtailimages.rendition",
  "pk": 11,
  "fields": {
    "filter_spec": "max-165x165",
    "file": "images/lemons_jpEkBgk.max-165x165.jpg",
    "width": 165,
    "height": 112,
    "focal_point_key": "",
    "image": 5
  }
},
{
  "model": "wagtailimages.rendition",
  "pk": 12,
  "fields": {
    "filter_spec": "max-100x100",
    "file": "images/lemons_jpEkBgk.max-100x100.jpg",
    "width": 100,
    "height": 68,
    "focal_point_key": "",
    "image": 5
  }
},
{
  "model": "wagtailimages.rendition",
  "pk": 13,
  "fields": {
    "filter_spec": "max-165x165",
    "file": "images/lemons_sliced.max-165x165.jpg",
    "width": 165,
    "height": 110,
    "focal_point_key": "",
    "image": 6
  }
},
{
  "model": "wagtailimages.rendition",
  "pk": 14,
  "fields": {
    "filter_spec": "max-165x165",
    "file": "images/yellow_balls.max-165x165.jpg",
    "width": 165,
    "height": 110,
    "focal_point_key": "",
    "image": 7
  }
},
{
  "model": "wagtailimages.rendition",
  "pk": 15,
  "fields": {
    "filter_spec": "original",
    "file": "images/yellow_balls.original.jpg",
    "width": 1170,
    "height": 780,
    "focal_point_key": "",
    "image": 7
  }
},
{
  "model": "wagtailimages.rendition",
  "pk": 16,
  "fields": {
    "filter_spec": "width-400",
    "file": "images/lemons_jpEkBgk.width-400.jpg",
    "width": 400,
    "height": 273,
    "focal_point_key": "",
    "image": 5
  }
},
{
  "model": "wagtailimages.rendition",
  "pk": 17,
  "fields": {
    "filter_spec": "original",
    "file": "images/lemons_sliced.original.jpg",
    "width": 1170,
    "height": 780,
    "focal_point_key": "",
    "image": 6
  }
},
{
  "model": "wagtailimages.rendition",
  "pk": 18,
  "fields": {
    "filter_spec": "max-165x165",
    "file": "images/yellow_pencil.max-165x165.jpg",
    "width": 165,
    "height": 110,
    "focal_point_key": "",
    "image": 8
  }
},
{
  "model": "wagtailimages.rendition",
  "pk": 19,
  "fields": {
    "filter_spec": "original",
    "file": "images/yellow_pencil.original.jpg",
    "width": 1170,
    "height": 780,
    "focal_point_key": "",
    "image": 8
  }
},
{
  "model": "wagtailimages.rendition",
  "pk": 20,
  "fields": {
    "filter_spec": "original",
    "file": "images/lemons_jpEkBgk.original.jpg",
    "width": 2050,
    "height": 1400,
    "focal_point_key": "",
    "image": 5
  }
},
{
  "model": "wagtailcore.site",
  "pk": 3,
  "fields": {
    "hostname": "localhost",
    "port": 8000,
    "site_name": "The Orange Brand Site",
    "root_page": 4,
    "is_default_site": true
  }
},
{
  "model": "wagtailcore.site",
  "pk": 4,
  "fields": {
    "hostname": "site2.localhost",
    "port": 8000,
    "site_name": "The Yellow Brand Site",
    "root_page": 10,
    "is_default_site": false
  }
},
{
  "model": "wagtailcore.collection",
  "pk": 1,
  "fields": {
    "path": "0001",
    "depth": 1,
    "numchild": 0,
    "name": "Root"
  }
},
{
  "model": "wagtailcore.locale",
  "pk": 1,
  "fields": {
    "language_code": "en"
  }
},
{
  "model": "wagtailcore.locale",
  "pk": 3,
  "fields": {
    "language_code": "de"
  }
},
{
  "model": "wagtailcore.workflowpage",
  "pk": 1,
  "fields": {
    "workflow": 1
  }
},
{
  "model": "wagtailcore.workflowtask",
  "pk": 1,
  "fields": {
    "sort_order": 0,
    "workflow": 1,
    "task": 1
  }
},
{
  "model": "wagtailcore.workflow",
  "pk": 1,
  "fields": {
    "name": "Moderators approval",
    "active": true
  }
},
{
  "model": "taggit.tag",
  "pk": 1,
  "fields": {
    "name": "fruit",
    "slug": "fruit"
  }
},
{
  "model": "taggit.tag",
  "pk": 2,
  "fields": {
    "name": "facts",
    "slug": "facts"
  }
},
{
  "model": "taggit.tag",
  "pk": 3,
  "fields": {
    "name": "Orange",
    "slug": "orange"
  }
},
{
  "model": "taggit.tag",
  "pk": 5,
  "fields": {
    "name": "orange",
    "slug": "orange_1"
  }
},
{
  "model": "taggit.tag",
  "pk": 6,
  "fields": {
    "name": "News",
    "slug": "news"
  }
},
{
  "model": "taggit.tag",
  "pk": 7,
  "fields": {
    "name": "breaking",
    "slug": "breaking"
  }
},
{
  "model": "taggit.tag",
  "pk": 8,
  "fields": {
    "name": "cta",
    "slug": "cta"
  }
},
{
  "model": "taggit.tag",
  "pk": 9,
  "fields": {
    "name": "Lemons",
    "slug": "lemons"
  }
},
{
  "model": "taggit.tag",
  "pk": 10,
  "fields": {
    "name": "sour",
    "slug": "sour"
  }
},
{
  "model": "taggit.tag",
  "pk": 12,
  "fields": {
    "name": "news",
    "slug": "news_1"
  }
},
{
  "model": "taggit.tag",
  "pk": 14,
  "fields": {
    "name": "lemons",
    "slug": "lemons_1"
  }
},
{
  "model": "taggit.tag",
  "pk": 15,
  "fields": {
    "name": "yellow",
    "slug": "yellow"
  }
},
{
  "model": "taggit.tag",
  "pk": 16,
  "fields": {
    "name": "colours",
    "slug": "colours"
  }
},
{
  "model": "contenttypes.contenttype",
  "pk": 1,
  "fields": {
    "app_label": "wagtailcore",
    "model": "page"
  }
},
{
  "model": "contenttypes.contenttype",
  "pk": 2,
  "fields": {
    "app_label": "wagtailimages",
    "model": "image"
  }
},
{
  "model": "contenttypes.contenttype",
  "pk": 3,
  "fields": {
    "app_label": "wagtailcore",
    "model": "groupapprovaltask"
  }
},
{
  "model": "contenttypes.contenttype",
  "pk": 4,
  "fields": {
    "app_label": "home",
    "model": "homepage"
  }
},
{
  "model": "contenttypes.contenttype",
  "pk": 5,
  "fields": {
    "app_label": "wagtail_localize",
    "model": "translation"
  }
},
{
  "model": "contenttypes.contenttype",
  "pk": 6,
  "fields": {
    "app_label": "wagtailadmin",
    "model": "admin"
  }
},
{
  "model": "contenttypes.contenttype",
  "pk": 7,
  "fields": {
    "app_label": "wagtaildocs",
    "model": "document"
  }
},
{
  "model": "contenttypes.contenttype",
  "pk": 8,
  "fields": {
    "app_label": "blog",
    "model": "blogcategory"
  }
},
{
  "model": "contenttypes.contenttype",
  "pk": 9,
  "fields": {
    "app_label": "blog",
    "model": "blogpage"
  }
},
{
  "model": "contenttypes.contenttype",
  "pk": 10,
  "fields": {
    "app_label": "blog",
    "model": "postpage"
  }
},
{
  "model": "contenttypes.contenttype",
  "pk": 11,
  "fields": {
    "app_label": "blog",
    "model": "tag"
  }
},
{
  "model": "contenttypes.contenttype",
  "pk": 12,
  "fields": {
    "app_label": "blog",
    "model": "postpagetag"
  }
},
{
  "model": "contenttypes.contenttype",
  "pk": 13,
  "fields": {
    "app_label": "blog",
    "model": "postpageblogcategory"
  }
},
{
  "model": "contenttypes.contenttype",
  "pk": 14,
  "fields": {
    "app_label": "blog",
    "model": "footer"
  }
},
{
  "model": "contenttypes.contenttype",
  "pk": 15,
  "fields": {
    "app_label": "landing",
    "model": "landingpage"
  }
},
{
  "model": "contenttypes.contenttype",
  "pk": 16,
  "fields": {
    "app_label": "wagtail_localize",
    "model": "string"
  }
},
{
  "model": "contenttypes.contenttype",
  "pk": 17,
  "fields": {
    "app_label": "wagtail_localize",
    "model": "template"
  }
},
{
  "model": "contenttypes.contenttype",
  "pk": 18,
  "fields": {
    "app_label": "wagtail_localize",
    "model": "translatableobject"
  }
},
{
  "model": "contenttypes.contenttype",
  "pk": 19,
  "fields": {
    "app_label": "wagtail_localize",
    "model": "translationsource"
  }
},
{
  "model": "contenttypes.contenttype",
  "pk": 20,
  "fields": {
    "app_label": "wagtail_localize",
    "model": "translationlog"
  }
},
{
  "model": "contenttypes.contenttype",
  "pk": 21,
  "fields": {
    "app_label": "wagtail_localize",
    "model": "translationcontext"
  }
},
{
  "model": "contenttypes.contenttype",
  "pk": 22,
  "fields": {
    "app_label": "wagtail_localize",
    "model": "templatesegment"
  }
},
{
  "model": "contenttypes.contenttype",
  "pk": 23,
  "fields": {
    "app_label": "wagtail_localize",
    "model": "stringsegment"
  }
},
{
  "model": "contenttypes.contenttype",
  "pk": 24,
  "fields": {
    "app_label": "wagtail_localize",
    "model": "relatedobjectsegment"
  }
},
{
  "model": "contenttypes.contenttype",
  "pk": 25,
  "fields": {
    "app_label": "wagtail_localize",
    "model": "stringtranslation"
  }
},
{
  "model": "contenttypes.contenttype",
  "pk": 26,
  "fields": {
    "app_label": "wagtail_localize",
    "model": "overridablesegment"
  }
},
{
  "model": "contenttypes.contenttype",
  "pk": 27,
  "fields": {
    "app_label": "wagtail_localize",
    "model": "segmentoverride"
  }
},
{
  "model": "contenttypes.contenttype",
  "pk": 28,
  "fields": {
    "app_label": "wagtail_localize",
    "model": "localesynchronization"
  }
},
{
  "model": "contenttypes.contenttype",
  "pk": 29,
  "fields": {
    "app_label": "wagtailforms",
    "model": "formsubmission"
  }
},
{
  "model": "contenttypes.contenttype",
  "pk": 30,
  "fields": {
    "app_label": "wagtailredirects",
    "model": "redirect"
  }
},
{
  "model": "contenttypes.contenttype",
  "pk": 31,
  "fields": {
    "app_label": "wagtailembeds",
    "model": "embed"
  }
},
{
  "model": "contenttypes.contenttype",
  "pk": 32,
  "fields": {
    "app_label": "wagtailusers",
    "model": "userprofile"
  }
},
{
  "model": "contenttypes.contenttype",
  "pk": 33,
  "fields": {
    "app_label": "wagtaildocs",
    "model": "uploadeddocument"
  }
},
{
  "model": "contenttypes.contenttype",
  "pk": 34,
  "fields": {
    "app_label": "wagtailimages",
    "model": "rendition"
  }
},
{
  "model": "contenttypes.contenttype",
  "pk": 35,
  "fields": {
    "app_label": "wagtailimages",
    "model": "uploadedimage"
  }
},
{
  "model": "contenttypes.contenttype",
  "pk": 36,
  "fields": {
    "app_label": "wagtailsearch",
    "model": "query"
  }
},
{
  "model": "contenttypes.contenttype",
  "pk": 37,
  "fields": {
    "app_label": "wagtailsearch",
    "model": "querydailyhits"
  }
},
{
  "model": "contenttypes.contenttype",
  "pk": 38,
  "fields": {
    "app_label": "wagtailcore",
    "model": "grouppagepermission"
  }
},
{
  "model": "contenttypes.contenttype",
  "pk": 39,
  "fields": {
    "app_label": "wagtailcore",
    "model": "pagerevision"
  }
},
{
  "model": "contenttypes.contenttype",
  "pk": 40,
  "fields": {
    "app_label": "wagtailcore",
    "model": "pageviewrestriction"
  }
},
{
  "model": "contenttypes.contenttype",
  "pk": 41,
  "fields": {
    "app_label": "wagtailcore",
    "model": "site"
  }
},
{
  "model": "contenttypes.contenttype",
  "pk": 42,
  "fields": {
    "app_label": "wagtailcore",
    "model": "collection"
  }
},
{
  "model": "contenttypes.contenttype",
  "pk": 43,
  "fields": {
    "app_label": "wagtailcore",
    "model": "groupcollectionpermission"
  }
},
{
  "model": "contenttypes.contenttype",
  "pk": 44,
  "fields": {
    "app_label": "wagtailcore",
    "model": "collectionviewrestriction"
  }
},
{
  "model": "contenttypes.contenttype",
  "pk": 45,
  "fields": {
    "app_label": "wagtailcore",
    "model": "task"
  }
},
{
  "model": "contenttypes.contenttype",
  "pk": 46,
  "fields": {
    "app_label": "wagtailcore",
    "model": "taskstate"
  }
},
{
  "model": "contenttypes.contenttype",
  "pk": 47,
  "fields": {
    "app_label": "wagtailcore",
    "model": "workflow"
  }
},
{
  "model": "contenttypes.contenttype",
  "pk": 48,
  "fields": {
    "app_label": "wagtailcore",
    "model": "workflowstate"
  }
},
{
  "model": "contenttypes.contenttype",
  "pk": 49,
  "fields": {
    "app_label": "wagtailcore",
    "model": "workflowpage"
  }
},
{
  "model": "contenttypes.contenttype",
  "pk": 50,
  "fields": {
    "app_label": "wagtailcore",
    "model": "workflowtask"
  }
},
{
  "model": "contenttypes.contenttype",
  "pk": 51,
  "fields": {
    "app_label": "wagtailcore",
    "model": "pagelogentry"
  }
},
{
  "model": "contenttypes.contenttype",
  "pk": 52,
  "fields": {
    "app_label": "wagtailcore",
    "model": "locale"
  }
},
{
  "model": "contenttypes.contenttype",
  "pk": 53,
  "fields": {
    "app_label": "wagtailcore",
    "model": "comment"
  }
},
{
  "model": "contenttypes.contenttype",
  "pk": 54,
  "fields": {
    "app_label": "wagtailcore",
    "model": "commentreply"
  }
},
{
  "model": "contenttypes.contenttype",
  "pk": 55,
  "fields": {
    "app_label": "wagtailcore",
    "model": "pagesubscription"
  }
},
{
  "model": "contenttypes.contenttype",
  "pk": 56,
  "fields": {
    "app_label": "taggit",
    "model": "tag"
  }
},
{
  "model": "contenttypes.contenttype",
  "pk": 57,
  "fields": {
    "app_label": "taggit",
    "model": "taggeditem"
  }
},
{
  "model": "contenttypes.contenttype",
  "pk": 58,
  "fields": {
    "app_label": "admin",
    "model": "logentry"
  }
},
{
  "model": "contenttypes.contenttype",
  "pk": 59,
  "fields": {
    "app_label": "auth",
    "model": "permission"
  }
},
{
  "model": "contenttypes.contenttype",
  "pk": 60,
  "fields": {
    "app_label": "auth",
    "model": "group"
  }
},
{
  "model": "contenttypes.contenttype",
  "pk": 61,
  "fields": {
    "app_label": "auth",
    "model": "user"
  }
},
{
  "model": "contenttypes.contenttype",
  "pk": 62,
  "fields": {
    "app_label": "contenttypes",
    "model": "contenttype"
  }
},
{
  "model": "contenttypes.contenttype",
  "pk": 63,
  "fields": {
    "app_label": "sessions",
    "model": "session"
  }
},
{
  "model": "contenttypes.contenttype",
  "pk": 64,
  "fields": {
    "app_label": "about",
    "model": "aboutpage"
  }
},
{
  "model": "sessions.session",
  "pk": "w9gj64z6zfv39b479hegrt0v9wgk7yv4",
  "fields": {
    "session_data": ".eJxVjMsOwiAQRf-FtSHA8HTp3m8gwAxSNTQp7cr479qkC93ec859sZi2tcVt0BInZGcm2el3y6k8qO8A76nfZl7mvi5T5rvCDzr4dUZ6Xg7376Cl0b610FVQqqkGJS0GawCktjlDJYG6FGc8BQ_SUnHBoS0avQtaKAXGQtbs_QHjQDdU:1mdZ17:Ri4xlVCf-XpcSfNkq0gmBJukBT-z2ZddO2f-y7ZmBus",
    "expire_date": "2021-11-04T14:26:01.635Z"
  }
},
{
  "model": "auth.permission",
  "pk": 1,
  "fields": {
    "name": "Can add image",
    "content_type": [
      "wagtailimages",
      "image"
    ],
    "codename": "add_image"
  }
},
{
  "model": "auth.permission",
  "pk": 2,
  "fields": {
    "name": "Can change image",
    "content_type": [
      "wagtailimages",
      "image"
    ],
    "codename": "change_image"
  }
},
{
  "model": "auth.permission",
  "pk": 3,
  "fields": {
    "name": "Can delete image",
    "content_type": [
      "wagtailimages",
      "image"
    ],
    "codename": "delete_image"
  }
},
{
  "model": "auth.permission",
  "pk": 4,
  "fields": {
    "name": "Can choose image",
    "content_type": [
      "wagtailimages",
      "image"
    ],
    "codename": "choose_image"
  }
},
{
  "model": "auth.permission",
  "pk": 5,
  "fields": {
    "name": "Can submit translations",
    "content_type": [
      "wagtail_localize",
      "translation"
    ],
    "codename": "submit_translation"
  }
},
{
  "model": "auth.permission",
  "pk": 6,
  "fields": {
    "name": "Can access Wagtail admin",
    "content_type": [
      "wagtailadmin",
      "admin"
    ],
    "codename": "access_admin"
  }
},
{
  "model": "auth.permission",
  "pk": 7,
  "fields": {
    "name": "Can add document",
    "content_type": [
      "wagtaildocs",
      "document"
    ],
    "codename": "add_document"
  }
},
{
  "model": "auth.permission",
  "pk": 8,
  "fields": {
    "name": "Can change document",
    "content_type": [
      "wagtaildocs",
      "document"
    ],
    "codename": "change_document"
  }
},
{
  "model": "auth.permission",
  "pk": 9,
  "fields": {
    "name": "Can delete document",
    "content_type": [
      "wagtaildocs",
      "document"
    ],
    "codename": "delete_document"
  }
},
{
  "model": "auth.permission",
  "pk": 10,
  "fields": {
    "name": "Can choose document",
    "content_type": [
      "wagtaildocs",
      "document"
    ],
    "codename": "choose_document"
  }
},
{
  "model": "auth.permission",
  "pk": 11,
  "fields": {
    "name": "Can add home page",
    "content_type": [
      "home",
      "homepage"
    ],
    "codename": "add_homepage"
  }
},
{
  "model": "auth.permission",
  "pk": 12,
  "fields": {
    "name": "Can change home page",
    "content_type": [
      "home",
      "homepage"
    ],
    "codename": "change_homepage"
  }
},
{
  "model": "auth.permission",
  "pk": 13,
  "fields": {
    "name": "Can delete home page",
    "content_type": [
      "home",
      "homepage"
    ],
    "codename": "delete_homepage"
  }
},
{
  "model": "auth.permission",
  "pk": 14,
  "fields": {
    "name": "Can view home page",
    "content_type": [
      "home",
      "homepage"
    ],
    "codename": "view_homepage"
  }
},
{
  "model": "auth.permission",
  "pk": 15,
  "fields": {
    "name": "Can add Category",
    "content_type": [
      "blog",
      "blogcategory"
    ],
    "codename": "add_blogcategory"
  }
},
{
  "model": "auth.permission",
  "pk": 16,
  "fields": {
    "name": "Can change Category",
    "content_type": [
      "blog",
      "blogcategory"
    ],
    "codename": "change_blogcategory"
  }
},
{
  "model": "auth.permission",
  "pk": 17,
  "fields": {
    "name": "Can delete Category",
    "content_type": [
      "blog",
      "blogcategory"
    ],
    "codename": "delete_blogcategory"
  }
},
{
  "model": "auth.permission",
  "pk": 18,
  "fields": {
    "name": "Can view Category",
    "content_type": [
      "blog",
      "blogcategory"
    ],
    "codename": "view_blogcategory"
  }
},
{
  "model": "auth.permission",
  "pk": 19,
  "fields": {
    "name": "Can add blog page",
    "content_type": [
      "blog",
      "blogpage"
    ],
    "codename": "add_blogpage"
  }
},
{
  "model": "auth.permission",
  "pk": 20,
  "fields": {
    "name": "Can change blog page",
    "content_type": [
      "blog",
      "blogpage"
    ],
    "codename": "change_blogpage"
  }
},
{
  "model": "auth.permission",
  "pk": 21,
  "fields": {
    "name": "Can delete blog page",
    "content_type": [
      "blog",
      "blogpage"
    ],
    "codename": "delete_blogpage"
  }
},
{
  "model": "auth.permission",
  "pk": 22,
  "fields": {
    "name": "Can view blog page",
    "content_type": [
      "blog",
      "blogpage"
    ],
    "codename": "view_blogpage"
  }
},
{
  "model": "auth.permission",
  "pk": 23,
  "fields": {
    "name": "Can add post page",
    "content_type": [
      "blog",
      "postpage"
    ],
    "codename": "add_postpage"
  }
},
{
  "model": "auth.permission",
  "pk": 24,
  "fields": {
    "name": "Can change post page",
    "content_type": [
      "blog",
      "postpage"
    ],
    "codename": "change_postpage"
  }
},
{
  "model": "auth.permission",
  "pk": 25,
  "fields": {
    "name": "Can delete post page",
    "content_type": [
      "blog",
      "postpage"
    ],
    "codename": "delete_postpage"
  }
},
{
  "model": "auth.permission",
  "pk": 26,
  "fields": {
    "name": "Can view post page",
    "content_type": [
      "blog",
      "postpage"
    ],
    "codename": "view_postpage"
  }
},
{
  "model": "auth.permission",
  "pk": 27,
  "fields": {
    "name": "Can add tag",
    "content_type": [
      "blog",
      "tag"
    ],
    "codename": "add_tag"
  }
},
{
  "model": "auth.permission",
  "pk": 28,
  "fields": {
    "name": "Can change tag",
    "content_type": [
      "blog",
      "tag"
    ],
    "codename": "change_tag"
  }
},
{
  "model": "auth.permission",
  "pk": 29,
  "fields": {
    "name": "Can delete tag",
    "content_type": [
      "blog",
      "tag"
    ],
    "codename": "delete_tag"
  }
},
{
  "model": "auth.permission",
  "pk": 30,
  "fields": {
    "name": "Can view tag",
    "content_type": [
      "blog",
      "tag"
    ],
    "codename": "view_tag"
  }
},
{
  "model": "auth.permission",
  "pk": 31,
  "fields": {
    "name": "Can add post page tag",
    "content_type": [
      "blog",
      "postpagetag"
    ],
    "codename": "add_postpagetag"
  }
},
{
  "model": "auth.permission",
  "pk": 32,
  "fields": {
    "name": "Can change post page tag",
    "content_type": [
      "blog",
      "postpagetag"
    ],
    "codename": "change_postpagetag"
  }
},
{
  "model": "auth.permission",
  "pk": 33,
  "fields": {
    "name": "Can delete post page tag",
    "content_type": [
      "blog",
      "postpagetag"
    ],
    "codename": "delete_postpagetag"
  }
},
{
  "model": "auth.permission",
  "pk": 34,
  "fields": {
    "name": "Can view post page tag",
    "content_type": [
      "blog",
      "postpagetag"
    ],
    "codename": "view_postpagetag"
  }
},
{
  "model": "auth.permission",
  "pk": 35,
  "fields": {
    "name": "Can add post page blog category",
    "content_type": [
      "blog",
      "postpageblogcategory"
    ],
    "codename": "add_postpageblogcategory"
  }
},
{
  "model": "auth.permission",
  "pk": 36,
  "fields": {
    "name": "Can change post page blog category",
    "content_type": [
      "blog",
      "postpageblogcategory"
    ],
    "codename": "change_postpageblogcategory"
  }
},
{
  "model": "auth.permission",
  "pk": 37,
  "fields": {
    "name": "Can delete post page blog category",
    "content_type": [
      "blog",
      "postpageblogcategory"
    ],
    "codename": "delete_postpageblogcategory"
  }
},
{
  "model": "auth.permission",
  "pk": 38,
  "fields": {
    "name": "Can view post page blog category",
    "content_type": [
      "blog",
      "postpageblogcategory"
    ],
    "codename": "view_postpageblogcategory"
  }
},
{
  "model": "auth.permission",
  "pk": 39,
  "fields": {
    "name": "Can add footer",
    "content_type": [
      "blog",
      "footer"
    ],
    "codename": "add_footer"
  }
},
{
  "model": "auth.permission",
  "pk": 40,
  "fields": {
    "name": "Can change footer",
    "content_type": [
      "blog",
      "footer"
    ],
    "codename": "change_footer"
  }
},
{
  "model": "auth.permission",
  "pk": 41,
  "fields": {
    "name": "Can delete footer",
    "content_type": [
      "blog",
      "footer"
    ],
    "codename": "delete_footer"
  }
},
{
  "model": "auth.permission",
  "pk": 42,
  "fields": {
    "name": "Can view footer",
    "content_type": [
      "blog",
      "footer"
    ],
    "codename": "view_footer"
  }
},
{
  "model": "auth.permission",
  "pk": 43,
  "fields": {
    "name": "Can add landing page",
    "content_type": [
      "landing",
      "landingpage"
    ],
    "codename": "add_landingpage"
  }
},
{
  "model": "auth.permission",
  "pk": 44,
  "fields": {
    "name": "Can change landing page",
    "content_type": [
      "landing",
      "landingpage"
    ],
    "codename": "change_landingpage"
  }
},
{
  "model": "auth.permission",
  "pk": 45,
  "fields": {
    "name": "Can delete landing page",
    "content_type": [
      "landing",
      "landingpage"
    ],
    "codename": "delete_landingpage"
  }
},
{
  "model": "auth.permission",
  "pk": 46,
  "fields": {
    "name": "Can view landing page",
    "content_type": [
      "landing",
      "landingpage"
    ],
    "codename": "view_landingpage"
  }
},
{
  "model": "auth.permission",
  "pk": 47,
  "fields": {
    "name": "Can add string",
    "content_type": [
      "wagtail_localize",
      "string"
    ],
    "codename": "add_string"
  }
},
{
  "model": "auth.permission",
  "pk": 48,
  "fields": {
    "name": "Can change string",
    "content_type": [
      "wagtail_localize",
      "string"
    ],
    "codename": "change_string"
  }
},
{
  "model": "auth.permission",
  "pk": 49,
  "fields": {
    "name": "Can delete string",
    "content_type": [
      "wagtail_localize",
      "string"
    ],
    "codename": "delete_string"
  }
},
{
  "model": "auth.permission",
  "pk": 50,
  "fields": {
    "name": "Can view string",
    "content_type": [
      "wagtail_localize",
      "string"
    ],
    "codename": "view_string"
  }
},
{
  "model": "auth.permission",
  "pk": 51,
  "fields": {
    "name": "Can add template",
    "content_type": [
      "wagtail_localize",
      "template"
    ],
    "codename": "add_template"
  }
},
{
  "model": "auth.permission",
  "pk": 52,
  "fields": {
    "name": "Can change template",
    "content_type": [
      "wagtail_localize",
      "template"
    ],
    "codename": "change_template"
  }
},
{
  "model": "auth.permission",
  "pk": 53,
  "fields": {
    "name": "Can delete template",
    "content_type": [
      "wagtail_localize",
      "template"
    ],
    "codename": "delete_template"
  }
},
{
  "model": "auth.permission",
  "pk": 54,
  "fields": {
    "name": "Can view template",
    "content_type": [
      "wagtail_localize",
      "template"
    ],
    "codename": "view_template"
  }
},
{
  "model": "auth.permission",
  "pk": 55,
  "fields": {
    "name": "Can add translatable object",
    "content_type": [
      "wagtail_localize",
      "translatableobject"
    ],
    "codename": "add_translatableobject"
  }
},
{
  "model": "auth.permission",
  "pk": 56,
  "fields": {
    "name": "Can change translatable object",
    "content_type": [
      "wagtail_localize",
      "translatableobject"
    ],
    "codename": "change_translatableobject"
  }
},
{
  "model": "auth.permission",
  "pk": 57,
  "fields": {
    "name": "Can delete translatable object",
    "content_type": [
      "wagtail_localize",
      "translatableobject"
    ],
    "codename": "delete_translatableobject"
  }
},
{
  "model": "auth.permission",
  "pk": 58,
  "fields": {
    "name": "Can view translatable object",
    "content_type": [
      "wagtail_localize",
      "translatableobject"
    ],
    "codename": "view_translatableobject"
  }
},
{
  "model": "auth.permission",
  "pk": 59,
  "fields": {
    "name": "Can add translation source",
    "content_type": [
      "wagtail_localize",
      "translationsource"
    ],
    "codename": "add_translationsource"
  }
},
{
  "model": "auth.permission",
  "pk": 60,
  "fields": {
    "name": "Can change translation source",
    "content_type": [
      "wagtail_localize",
      "translationsource"
    ],
    "codename": "change_translationsource"
  }
},
{
  "model": "auth.permission",
  "pk": 61,
  "fields": {
    "name": "Can delete translation source",
    "content_type": [
      "wagtail_localize",
      "translationsource"
    ],
    "codename": "delete_translationsource"
  }
},
{
  "model": "auth.permission",
  "pk": 62,
  "fields": {
    "name": "Can view translation source",
    "content_type": [
      "wagtail_localize",
      "translationsource"
    ],
    "codename": "view_translationsource"
  }
},
{
  "model": "auth.permission",
  "pk": 63,
  "fields": {
    "name": "Can add translation log",
    "content_type": [
      "wagtail_localize",
      "translationlog"
    ],
    "codename": "add_translationlog"
  }
},
{
  "model": "auth.permission",
  "pk": 64,
  "fields": {
    "name": "Can change translation log",
    "content_type": [
      "wagtail_localize",
      "translationlog"
    ],
    "codename": "change_translationlog"
  }
},
{
  "model": "auth.permission",
  "pk": 65,
  "fields": {
    "name": "Can delete translation log",
    "content_type": [
      "wagtail_localize",
      "translationlog"
    ],
    "codename": "delete_translationlog"
  }
},
{
  "model": "auth.permission",
  "pk": 66,
  "fields": {
    "name": "Can view translation log",
    "content_type": [
      "wagtail_localize",
      "translationlog"
    ],
    "codename": "view_translationlog"
  }
},
{
  "model": "auth.permission",
  "pk": 67,
  "fields": {
    "name": "Can add translation context",
    "content_type": [
      "wagtail_localize",
      "translationcontext"
    ],
    "codename": "add_translationcontext"
  }
},
{
  "model": "auth.permission",
  "pk": 68,
  "fields": {
    "name": "Can change translation context",
    "content_type": [
      "wagtail_localize",
      "translationcontext"
    ],
    "codename": "change_translationcontext"
  }
},
{
  "model": "auth.permission",
  "pk": 69,
  "fields": {
    "name": "Can delete translation context",
    "content_type": [
      "wagtail_localize",
      "translationcontext"
    ],
    "codename": "delete_translationcontext"
  }
},
{
  "model": "auth.permission",
  "pk": 70,
  "fields": {
    "name": "Can view translation context",
    "content_type": [
      "wagtail_localize",
      "translationcontext"
    ],
    "codename": "view_translationcontext"
  }
},
{
  "model": "auth.permission",
  "pk": 71,
  "fields": {
    "name": "Can add template segment",
    "content_type": [
      "wagtail_localize",
      "templatesegment"
    ],
    "codename": "add_templatesegment"
  }
},
{
  "model": "auth.permission",
  "pk": 72,
  "fields": {
    "name": "Can change template segment",
    "content_type": [
      "wagtail_localize",
      "templatesegment"
    ],
    "codename": "change_templatesegment"
  }
},
{
  "model": "auth.permission",
  "pk": 73,
  "fields": {
    "name": "Can delete template segment",
    "content_type": [
      "wagtail_localize",
      "templatesegment"
    ],
    "codename": "delete_templatesegment"
  }
},
{
  "model": "auth.permission",
  "pk": 74,
  "fields": {
    "name": "Can view template segment",
    "content_type": [
      "wagtail_localize",
      "templatesegment"
    ],
    "codename": "view_templatesegment"
  }
},
{
  "model": "auth.permission",
  "pk": 75,
  "fields": {
    "name": "Can add string segment",
    "content_type": [
      "wagtail_localize",
      "stringsegment"
    ],
    "codename": "add_stringsegment"
  }
},
{
  "model": "auth.permission",
  "pk": 76,
  "fields": {
    "name": "Can change string segment",
    "content_type": [
      "wagtail_localize",
      "stringsegment"
    ],
    "codename": "change_stringsegment"
  }
},
{
  "model": "auth.permission",
  "pk": 77,
  "fields": {
    "name": "Can delete string segment",
    "content_type": [
      "wagtail_localize",
      "stringsegment"
    ],
    "codename": "delete_stringsegment"
  }
},
{
  "model": "auth.permission",
  "pk": 78,
  "fields": {
    "name": "Can view string segment",
    "content_type": [
      "wagtail_localize",
      "stringsegment"
    ],
    "codename": "view_stringsegment"
  }
},
{
  "model": "auth.permission",
  "pk": 79,
  "fields": {
    "name": "Can add related object segment",
    "content_type": [
      "wagtail_localize",
      "relatedobjectsegment"
    ],
    "codename": "add_relatedobjectsegment"
  }
},
{
  "model": "auth.permission",
  "pk": 80,
  "fields": {
    "name": "Can change related object segment",
    "content_type": [
      "wagtail_localize",
      "relatedobjectsegment"
    ],
    "codename": "change_relatedobjectsegment"
  }
},
{
  "model": "auth.permission",
  "pk": 81,
  "fields": {
    "name": "Can delete related object segment",
    "content_type": [
      "wagtail_localize",
      "relatedobjectsegment"
    ],
    "codename": "delete_relatedobjectsegment"
  }
},
{
  "model": "auth.permission",
  "pk": 82,
  "fields": {
    "name": "Can view related object segment",
    "content_type": [
      "wagtail_localize",
      "relatedobjectsegment"
    ],
    "codename": "view_relatedobjectsegment"
  }
},
{
  "model": "auth.permission",
  "pk": 83,
  "fields": {
    "name": "Can add string translation",
    "content_type": [
      "wagtail_localize",
      "stringtranslation"
    ],
    "codename": "add_stringtranslation"
  }
},
{
  "model": "auth.permission",
  "pk": 84,
  "fields": {
    "name": "Can change string translation",
    "content_type": [
      "wagtail_localize",
      "stringtranslation"
    ],
    "codename": "change_stringtranslation"
  }
},
{
  "model": "auth.permission",
  "pk": 85,
  "fields": {
    "name": "Can delete string translation",
    "content_type": [
      "wagtail_localize",
      "stringtranslation"
    ],
    "codename": "delete_stringtranslation"
  }
},
{
  "model": "auth.permission",
  "pk": 86,
  "fields": {
    "name": "Can view string translation",
    "content_type": [
      "wagtail_localize",
      "stringtranslation"
    ],
    "codename": "view_stringtranslation"
  }
},
{
  "model": "auth.permission",
  "pk": 87,
  "fields": {
    "name": "Can add translation",
    "content_type": [
      "wagtail_localize",
      "translation"
    ],
    "codename": "add_translation"
  }
},
{
  "model": "auth.permission",
  "pk": 88,
  "fields": {
    "name": "Can change translation",
    "content_type": [
      "wagtail_localize",
      "translation"
    ],
    "codename": "change_translation"
  }
},
{
  "model": "auth.permission",
  "pk": 89,
  "fields": {
    "name": "Can delete translation",
    "content_type": [
      "wagtail_localize",
      "translation"
    ],
    "codename": "delete_translation"
  }
},
{
  "model": "auth.permission",
  "pk": 90,
  "fields": {
    "name": "Can view translation",
    "content_type": [
      "wagtail_localize",
      "translation"
    ],
    "codename": "view_translation"
  }
},
{
  "model": "auth.permission",
  "pk": 91,
  "fields": {
    "name": "Can add overridable segment",
    "content_type": [
      "wagtail_localize",
      "overridablesegment"
    ],
    "codename": "add_overridablesegment"
  }
},
{
  "model": "auth.permission",
  "pk": 92,
  "fields": {
    "name": "Can change overridable segment",
    "content_type": [
      "wagtail_localize",
      "overridablesegment"
    ],
    "codename": "change_overridablesegment"
  }
},
{
  "model": "auth.permission",
  "pk": 93,
  "fields": {
    "name": "Can delete overridable segment",
    "content_type": [
      "wagtail_localize",
      "overridablesegment"
    ],
    "codename": "delete_overridablesegment"
  }
},
{
  "model": "auth.permission",
  "pk": 94,
  "fields": {
    "name": "Can view overridable segment",
    "content_type": [
      "wagtail_localize",
      "overridablesegment"
    ],
    "codename": "view_overridablesegment"
  }
},
{
  "model": "auth.permission",
  "pk": 95,
  "fields": {
    "name": "Can add segment override",
    "content_type": [
      "wagtail_localize",
      "segmentoverride"
    ],
    "codename": "add_segmentoverride"
  }
},
{
  "model": "auth.permission",
  "pk": 96,
  "fields": {
    "name": "Can change segment override",
    "content_type": [
      "wagtail_localize",
      "segmentoverride"
    ],
    "codename": "change_segmentoverride"
  }
},
{
  "model": "auth.permission",
  "pk": 97,
  "fields": {
    "name": "Can delete segment override",
    "content_type": [
      "wagtail_localize",
      "segmentoverride"
    ],
    "codename": "delete_segmentoverride"
  }
},
{
  "model": "auth.permission",
  "pk": 98,
  "fields": {
    "name": "Can view segment override",
    "content_type": [
      "wagtail_localize",
      "segmentoverride"
    ],
    "codename": "view_segmentoverride"
  }
},
{
  "model": "auth.permission",
  "pk": 99,
  "fields": {
    "name": "Can add locale synchronization",
    "content_type": [
      "wagtail_localize",
      "localesynchronization"
    ],
    "codename": "add_localesynchronization"
  }
},
{
  "model": "auth.permission",
  "pk": 100,
  "fields": {
    "name": "Can change locale synchronization",
    "content_type": [
      "wagtail_localize",
      "localesynchronization"
    ],
    "codename": "change_localesynchronization"
  }
},
{
  "model": "auth.permission",
  "pk": 101,
  "fields": {
    "name": "Can delete locale synchronization",
    "content_type": [
      "wagtail_localize",
      "localesynchronization"
    ],
    "codename": "delete_localesynchronization"
  }
},
{
  "model": "auth.permission",
  "pk": 102,
  "fields": {
    "name": "Can view locale synchronization",
    "content_type": [
      "wagtail_localize",
      "localesynchronization"
    ],
    "codename": "view_localesynchronization"
  }
},
{
  "model": "auth.permission",
  "pk": 103,
  "fields": {
    "name": "Can add form submission",
    "content_type": [
      "wagtailforms",
      "formsubmission"
    ],
    "codename": "add_formsubmission"
  }
},
{
  "model": "auth.permission",
  "pk": 104,
  "fields": {
    "name": "Can change form submission",
    "content_type": [
      "wagtailforms",
      "formsubmission"
    ],
    "codename": "change_formsubmission"
  }
},
{
  "model": "auth.permission",
  "pk": 105,
  "fields": {
    "name": "Can delete form submission",
    "content_type": [
      "wagtailforms",
      "formsubmission"
    ],
    "codename": "delete_formsubmission"
  }
},
{
  "model": "auth.permission",
  "pk": 106,
  "fields": {
    "name": "Can view form submission",
    "content_type": [
      "wagtailforms",
      "formsubmission"
    ],
    "codename": "view_formsubmission"
  }
},
{
  "model": "auth.permission",
  "pk": 107,
  "fields": {
    "name": "Can add redirect",
    "content_type": [
      "wagtailredirects",
      "redirect"
    ],
    "codename": "add_redirect"
  }
},
{
  "model": "auth.permission",
  "pk": 108,
  "fields": {
    "name": "Can change redirect",
    "content_type": [
      "wagtailredirects",
      "redirect"
    ],
    "codename": "change_redirect"
  }
},
{
  "model": "auth.permission",
  "pk": 109,
  "fields": {
    "name": "Can delete redirect",
    "content_type": [
      "wagtailredirects",
      "redirect"
    ],
    "codename": "delete_redirect"
  }
},
{
  "model": "auth.permission",
  "pk": 110,
  "fields": {
    "name": "Can view redirect",
    "content_type": [
      "wagtailredirects",
      "redirect"
    ],
    "codename": "view_redirect"
  }
},
{
  "model": "auth.permission",
  "pk": 111,
  "fields": {
    "name": "Can add embed",
    "content_type": [
      "wagtailembeds",
      "embed"
    ],
    "codename": "add_embed"
  }
},
{
  "model": "auth.permission",
  "pk": 112,
  "fields": {
    "name": "Can change embed",
    "content_type": [
      "wagtailembeds",
      "embed"
    ],
    "codename": "change_embed"
  }
},
{
  "model": "auth.permission",
  "pk": 113,
  "fields": {
    "name": "Can delete embed",
    "content_type": [
      "wagtailembeds",
      "embed"
    ],
    "codename": "delete_embed"
  }
},
{
  "model": "auth.permission",
  "pk": 114,
  "fields": {
    "name": "Can view embed",
    "content_type": [
      "wagtailembeds",
      "embed"
    ],
    "codename": "view_embed"
  }
},
{
  "model": "auth.permission",
  "pk": 115,
  "fields": {
    "name": "Can add user profile",
    "content_type": [
      "wagtailusers",
      "userprofile"
    ],
    "codename": "add_userprofile"
  }
},
{
  "model": "auth.permission",
  "pk": 116,
  "fields": {
    "name": "Can change user profile",
    "content_type": [
      "wagtailusers",
      "userprofile"
    ],
    "codename": "change_userprofile"
  }
},
{
  "model": "auth.permission",
  "pk": 117,
  "fields": {
    "name": "Can delete user profile",
    "content_type": [
      "wagtailusers",
      "userprofile"
    ],
    "codename": "delete_userprofile"
  }
},
{
  "model": "auth.permission",
  "pk": 118,
  "fields": {
    "name": "Can view user profile",
    "content_type": [
      "wagtailusers",
      "userprofile"
    ],
    "codename": "view_userprofile"
  }
},
{
  "model": "auth.permission",
  "pk": 119,
  "fields": {
    "name": "Can view document",
    "content_type": [
      "wagtaildocs",
      "document"
    ],
    "codename": "view_document"
  }
},
{
  "model": "auth.permission",
  "pk": 120,
  "fields": {
    "name": "Can add uploaded document",
    "content_type": [
      "wagtaildocs",
      "uploadeddocument"
    ],
    "codename": "add_uploadeddocument"
  }
},
{
  "model": "auth.permission",
  "pk": 121,
  "fields": {
    "name": "Can change uploaded document",
    "content_type": [
      "wagtaildocs",
      "uploadeddocument"
    ],
    "codename": "change_uploadeddocument"
  }
},
{
  "model": "auth.permission",
  "pk": 122,
  "fields": {
    "name": "Can delete uploaded document",
    "content_type": [
      "wagtaildocs",
      "uploadeddocument"
    ],
    "codename": "delete_uploadeddocument"
  }
},
{
  "model": "auth.permission",
  "pk": 123,
  "fields": {
    "name": "Can view uploaded document",
    "content_type": [
      "wagtaildocs",
      "uploadeddocument"
    ],
    "codename": "view_uploadeddocument"
  }
},
{
  "model": "auth.permission",
  "pk": 124,
  "fields": {
    "name": "Can view image",
    "content_type": [
      "wagtailimages",
      "image"
    ],
    "codename": "view_image"
  }
},
{
  "model": "auth.permission",
  "pk": 125,
  "fields": {
    "name": "Can add rendition",
    "content_type": [
      "wagtailimages",
      "rendition"
    ],
    "codename": "add_rendition"
  }
},
{
  "model": "auth.permission",
  "pk": 126,
  "fields": {
    "name": "Can change rendition",
    "content_type": [
      "wagtailimages",
      "rendition"
    ],
    "codename": "change_rendition"
  }
},
{
  "model": "auth.permission",
  "pk": 127,
  "fields": {
    "name": "Can delete rendition",
    "content_type": [
      "wagtailimages",
      "rendition"
    ],
    "codename": "delete_rendition"
  }
},
{
  "model": "auth.permission",
  "pk": 128,
  "fields": {
    "name": "Can view rendition",
    "content_type": [
      "wagtailimages",
      "rendition"
    ],
    "codename": "view_rendition"
  }
},
{
  "model": "auth.permission",
  "pk": 129,
  "fields": {
    "name": "Can add uploaded image",
    "content_type": [
      "wagtailimages",
      "uploadedimage"
    ],
    "codename": "add_uploadedimage"
  }
},
{
  "model": "auth.permission",
  "pk": 130,
  "fields": {
    "name": "Can change uploaded image",
    "content_type": [
      "wagtailimages",
      "uploadedimage"
    ],
    "codename": "change_uploadedimage"
  }
},
{
  "model": "auth.permission",
  "pk": 131,
  "fields": {
    "name": "Can delete uploaded image",
    "content_type": [
      "wagtailimages",
      "uploadedimage"
    ],
    "codename": "delete_uploadedimage"
  }
},
{
  "model": "auth.permission",
  "pk": 132,
  "fields": {
    "name": "Can view uploaded image",
    "content_type": [
      "wagtailimages",
      "uploadedimage"
    ],
    "codename": "view_uploadedimage"
  }
},
{
  "model": "auth.permission",
  "pk": 133,
  "fields": {
    "name": "Can add query",
    "content_type": [
      "wagtailsearch",
      "query"
    ],
    "codename": "add_query"
  }
},
{
  "model": "auth.permission",
  "pk": 134,
  "fields": {
    "name": "Can change query",
    "content_type": [
      "wagtailsearch",
      "query"
    ],
    "codename": "change_query"
  }
},
{
  "model": "auth.permission",
  "pk": 135,
  "fields": {
    "name": "Can delete query",
    "content_type": [
      "wagtailsearch",
      "query"
    ],
    "codename": "delete_query"
  }
},
{
  "model": "auth.permission",
  "pk": 136,
  "fields": {
    "name": "Can view query",
    "content_type": [
      "wagtailsearch",
      "query"
    ],
    "codename": "view_query"
  }
},
{
  "model": "auth.permission",
  "pk": 137,
  "fields": {
    "name": "Can add Query Daily Hits",
    "content_type": [
      "wagtailsearch",
      "querydailyhits"
    ],
    "codename": "add_querydailyhits"
  }
},
{
  "model": "auth.permission",
  "pk": 138,
  "fields": {
    "name": "Can change Query Daily Hits",
    "content_type": [
      "wagtailsearch",
      "querydailyhits"
    ],
    "codename": "change_querydailyhits"
  }
},
{
  "model": "auth.permission",
  "pk": 139,
  "fields": {
    "name": "Can delete Query Daily Hits",
    "content_type": [
      "wagtailsearch",
      "querydailyhits"
    ],
    "codename": "delete_querydailyhits"
  }
},
{
  "model": "auth.permission",
  "pk": 140,
  "fields": {
    "name": "Can view Query Daily Hits",
    "content_type": [
      "wagtailsearch",
      "querydailyhits"
    ],
    "codename": "view_querydailyhits"
  }
},
{
  "model": "auth.permission",
  "pk": 141,
  "fields": {
    "name": "Can add page",
    "content_type": [
      "wagtailcore",
      "page"
    ],
    "codename": "add_page"
  }
},
{
  "model": "auth.permission",
  "pk": 142,
  "fields": {
    "name": "Can change page",
    "content_type": [
      "wagtailcore",
      "page"
    ],
    "codename": "change_page"
  }
},
{
  "model": "auth.permission",
  "pk": 143,
  "fields": {
    "name": "Can delete page",
    "content_type": [
      "wagtailcore",
      "page"
    ],
    "codename": "delete_page"
  }
},
{
  "model": "auth.permission",
  "pk": 144,
  "fields": {
    "name": "Can view page",
    "content_type": [
      "wagtailcore",
      "page"
    ],
    "codename": "view_page"
  }
},
{
  "model": "auth.permission",
  "pk": 145,
  "fields": {
    "name": "Can add group page permission",
    "content_type": [
      "wagtailcore",
      "grouppagepermission"
    ],
    "codename": "add_grouppagepermission"
  }
},
{
  "model": "auth.permission",
  "pk": 146,
  "fields": {
    "name": "Can change group page permission",
    "content_type": [
      "wagtailcore",
      "grouppagepermission"
    ],
    "codename": "change_grouppagepermission"
  }
},
{
  "model": "auth.permission",
  "pk": 147,
  "fields": {
    "name": "Can delete group page permission",
    "content_type": [
      "wagtailcore",
      "grouppagepermission"
    ],
    "codename": "delete_grouppagepermission"
  }
},
{
  "model": "auth.permission",
  "pk": 148,
  "fields": {
    "name": "Can view group page permission",
    "content_type": [
      "wagtailcore",
      "grouppagepermission"
    ],
    "codename": "view_grouppagepermission"
  }
},
{
  "model": "auth.permission",
  "pk": 149,
  "fields": {
    "name": "Can add page revision",
    "content_type": [
      "wagtailcore",
      "pagerevision"
    ],
    "codename": "add_pagerevision"
  }
},
{
  "model": "auth.permission",
  "pk": 150,
  "fields": {
    "name": "Can change page revision",
    "content_type": [
      "wagtailcore",
      "pagerevision"
    ],
    "codename": "change_pagerevision"
  }
},
{
  "model": "auth.permission",
  "pk": 151,
  "fields": {
    "name": "Can delete page revision",
    "content_type": [
      "wagtailcore",
      "pagerevision"
    ],
    "codename": "delete_pagerevision"
  }
},
{
  "model": "auth.permission",
  "pk": 152,
  "fields": {
    "name": "Can view page revision",
    "content_type": [
      "wagtailcore",
      "pagerevision"
    ],
    "codename": "view_pagerevision"
  }
},
{
  "model": "auth.permission",
  "pk": 153,
  "fields": {
    "name": "Can add page view restriction",
    "content_type": [
      "wagtailcore",
      "pageviewrestriction"
    ],
    "codename": "add_pageviewrestriction"
  }
},
{
  "model": "auth.permission",
  "pk": 154,
  "fields": {
    "name": "Can change page view restriction",
    "content_type": [
      "wagtailcore",
      "pageviewrestriction"
    ],
    "codename": "change_pageviewrestriction"
  }
},
{
  "model": "auth.permission",
  "pk": 155,
  "fields": {
    "name": "Can delete page view restriction",
    "content_type": [
      "wagtailcore",
      "pageviewrestriction"
    ],
    "codename": "delete_pageviewrestriction"
  }
},
{
  "model": "auth.permission",
  "pk": 156,
  "fields": {
    "name": "Can view page view restriction",
    "content_type": [
      "wagtailcore",
      "pageviewrestriction"
    ],
    "codename": "view_pageviewrestriction"
  }
},
{
  "model": "auth.permission",
  "pk": 157,
  "fields": {
    "name": "Can add site",
    "content_type": [
      "wagtailcore",
      "site"
    ],
    "codename": "add_site"
  }
},
{
  "model": "auth.permission",
  "pk": 158,
  "fields": {
    "name": "Can change site",
    "content_type": [
      "wagtailcore",
      "site"
    ],
    "codename": "change_site"
  }
},
{
  "model": "auth.permission",
  "pk": 159,
  "fields": {
    "name": "Can delete site",
    "content_type": [
      "wagtailcore",
      "site"
    ],
    "codename": "delete_site"
  }
},
{
  "model": "auth.permission",
  "pk": 160,
  "fields": {
    "name": "Can view site",
    "content_type": [
      "wagtailcore",
      "site"
    ],
    "codename": "view_site"
  }
},
{
  "model": "auth.permission",
  "pk": 161,
  "fields": {
    "name": "Can add collection",
    "content_type": [
      "wagtailcore",
      "collection"
    ],
    "codename": "add_collection"
  }
},
{
  "model": "auth.permission",
  "pk": 162,
  "fields": {
    "name": "Can change collection",
    "content_type": [
      "wagtailcore",
      "collection"
    ],
    "codename": "change_collection"
  }
},
{
  "model": "auth.permission",
  "pk": 163,
  "fields": {
    "name": "Can delete collection",
    "content_type": [
      "wagtailcore",
      "collection"
    ],
    "codename": "delete_collection"
  }
},
{
  "model": "auth.permission",
  "pk": 164,
  "fields": {
    "name": "Can view collection",
    "content_type": [
      "wagtailcore",
      "collection"
    ],
    "codename": "view_collection"
  }
},
{
  "model": "auth.permission",
  "pk": 165,
  "fields": {
    "name": "Can add group collection permission",
    "content_type": [
      "wagtailcore",
      "groupcollectionpermission"
    ],
    "codename": "add_groupcollectionpermission"
  }
},
{
  "model": "auth.permission",
  "pk": 166,
  "fields": {
    "name": "Can change group collection permission",
    "content_type": [
      "wagtailcore",
      "groupcollectionpermission"
    ],
    "codename": "change_groupcollectionpermission"
  }
},
{
  "model": "auth.permission",
  "pk": 167,
  "fields": {
    "name": "Can delete group collection permission",
    "content_type": [
      "wagtailcore",
      "groupcollectionpermission"
    ],
    "codename": "delete_groupcollectionpermission"
  }
},
{
  "model": "auth.permission",
  "pk": 168,
  "fields": {
    "name": "Can view group collection permission",
    "content_type": [
      "wagtailcore",
      "groupcollectionpermission"
    ],
    "codename": "view_groupcollectionpermission"
  }
},
{
  "model": "auth.permission",
  "pk": 169,
  "fields": {
    "name": "Can add collection view restriction",
    "content_type": [
      "wagtailcore",
      "collectionviewrestriction"
    ],
    "codename": "add_collectionviewrestriction"
  }
},
{
  "model": "auth.permission",
  "pk": 170,
  "fields": {
    "name": "Can change collection view restriction",
    "content_type": [
      "wagtailcore",
      "collectionviewrestriction"
    ],
    "codename": "change_collectionviewrestriction"
  }
},
{
  "model": "auth.permission",
  "pk": 171,
  "fields": {
    "name": "Can delete collection view restriction",
    "content_type": [
      "wagtailcore",
      "collectionviewrestriction"
    ],
    "codename": "delete_collectionviewrestriction"
  }
},
{
  "model": "auth.permission",
  "pk": 172,
  "fields": {
    "name": "Can view collection view restriction",
    "content_type": [
      "wagtailcore",
      "collectionviewrestriction"
    ],
    "codename": "view_collectionviewrestriction"
  }
},
{
  "model": "auth.permission",
  "pk": 173,
  "fields": {
    "name": "Can add task",
    "content_type": [
      "wagtailcore",
      "task"
    ],
    "codename": "add_task"
  }
},
{
  "model": "auth.permission",
  "pk": 174,
  "fields": {
    "name": "Can change task",
    "content_type": [
      "wagtailcore",
      "task"
    ],
    "codename": "change_task"
  }
},
{
  "model": "auth.permission",
  "pk": 175,
  "fields": {
    "name": "Can delete task",
    "content_type": [
      "wagtailcore",
      "task"
    ],
    "codename": "delete_task"
  }
},
{
  "model": "auth.permission",
  "pk": 176,
  "fields": {
    "name": "Can view task",
    "content_type": [
      "wagtailcore",
      "task"
    ],
    "codename": "view_task"
  }
},
{
  "model": "auth.permission",
  "pk": 177,
  "fields": {
    "name": "Can add Task state",
    "content_type": [
      "wagtailcore",
      "taskstate"
    ],
    "codename": "add_taskstate"
  }
},
{
  "model": "auth.permission",
  "pk": 178,
  "fields": {
    "name": "Can change Task state",
    "content_type": [
      "wagtailcore",
      "taskstate"
    ],
    "codename": "change_taskstate"
  }
},
{
  "model": "auth.permission",
  "pk": 179,
  "fields": {
    "name": "Can delete Task state",
    "content_type": [
      "wagtailcore",
      "taskstate"
    ],
    "codename": "delete_taskstate"
  }
},
{
  "model": "auth.permission",
  "pk": 180,
  "fields": {
    "name": "Can view Task state",
    "content_type": [
      "wagtailcore",
      "taskstate"
    ],
    "codename": "view_taskstate"
  }
},
{
  "model": "auth.permission",
  "pk": 181,
  "fields": {
    "name": "Can add workflow",
    "content_type": [
      "wagtailcore",
      "workflow"
    ],
    "codename": "add_workflow"
  }
},
{
  "model": "auth.permission",
  "pk": 182,
  "fields": {
    "name": "Can change workflow",
    "content_type": [
      "wagtailcore",
      "workflow"
    ],
    "codename": "change_workflow"
  }
},
{
  "model": "auth.permission",
  "pk": 183,
  "fields": {
    "name": "Can delete workflow",
    "content_type": [
      "wagtailcore",
      "workflow"
    ],
    "codename": "delete_workflow"
  }
},
{
  "model": "auth.permission",
  "pk": 184,
  "fields": {
    "name": "Can view workflow",
    "content_type": [
      "wagtailcore",
      "workflow"
    ],
    "codename": "view_workflow"
  }
},
{
  "model": "auth.permission",
  "pk": 185,
  "fields": {
    "name": "Can add Group approval task",
    "content_type": [
      "wagtailcore",
      "groupapprovaltask"
    ],
    "codename": "add_groupapprovaltask"
  }
},
{
  "model": "auth.permission",
  "pk": 186,
  "fields": {
    "name": "Can change Group approval task",
    "content_type": [
      "wagtailcore",
      "groupapprovaltask"
    ],
    "codename": "change_groupapprovaltask"
  }
},
{
  "model": "auth.permission",
  "pk": 187,
  "fields": {
    "name": "Can delete Group approval task",
    "content_type": [
      "wagtailcore",
      "groupapprovaltask"
    ],
    "codename": "delete_groupapprovaltask"
  }
},
{
  "model": "auth.permission",
  "pk": 188,
  "fields": {
    "name": "Can view Group approval task",
    "content_type": [
      "wagtailcore",
      "groupapprovaltask"
    ],
    "codename": "view_groupapprovaltask"
  }
},
{
  "model": "auth.permission",
  "pk": 189,
  "fields": {
    "name": "Can add Workflow state",
    "content_type": [
      "wagtailcore",
      "workflowstate"
    ],
    "codename": "add_workflowstate"
  }
},
{
  "model": "auth.permission",
  "pk": 190,
  "fields": {
    "name": "Can change Workflow state",
    "content_type": [
      "wagtailcore",
      "workflowstate"
    ],
    "codename": "change_workflowstate"
  }
},
{
  "model": "auth.permission",
  "pk": 191,
  "fields": {
    "name": "Can delete Workflow state",
    "content_type": [
      "wagtailcore",
      "workflowstate"
    ],
    "codename": "delete_workflowstate"
  }
},
{
  "model": "auth.permission",
  "pk": 192,
  "fields": {
    "name": "Can view Workflow state",
    "content_type": [
      "wagtailcore",
      "workflowstate"
    ],
    "codename": "view_workflowstate"
  }
},
{
  "model": "auth.permission",
  "pk": 193,
  "fields": {
    "name": "Can add workflow page",
    "content_type": [
      "wagtailcore",
      "workflowpage"
    ],
    "codename": "add_workflowpage"
  }
},
{
  "model": "auth.permission",
  "pk": 194,
  "fields": {
    "name": "Can change workflow page",
    "content_type": [
      "wagtailcore",
      "workflowpage"
    ],
    "codename": "change_workflowpage"
  }
},
{
  "model": "auth.permission",
  "pk": 195,
  "fields": {
    "name": "Can delete workflow page",
    "content_type": [
      "wagtailcore",
      "workflowpage"
    ],
    "codename": "delete_workflowpage"
  }
},
{
  "model": "auth.permission",
  "pk": 196,
  "fields": {
    "name": "Can view workflow page",
    "content_type": [
      "wagtailcore",
      "workflowpage"
    ],
    "codename": "view_workflowpage"
  }
},
{
  "model": "auth.permission",
  "pk": 197,
  "fields": {
    "name": "Can add workflow task order",
    "content_type": [
      "wagtailcore",
      "workflowtask"
    ],
    "codename": "add_workflowtask"
  }
},
{
  "model": "auth.permission",
  "pk": 198,
  "fields": {
    "name": "Can change workflow task order",
    "content_type": [
      "wagtailcore",
      "workflowtask"
    ],
    "codename": "change_workflowtask"
  }
},
{
  "model": "auth.permission",
  "pk": 199,
  "fields": {
    "name": "Can delete workflow task order",
    "content_type": [
      "wagtailcore",
      "workflowtask"
    ],
    "codename": "delete_workflowtask"
  }
},
{
  "model": "auth.permission",
  "pk": 200,
  "fields": {
    "name": "Can view workflow task order",
    "content_type": [
      "wagtailcore",
      "workflowtask"
    ],
    "codename": "view_workflowtask"
  }
},
{
  "model": "auth.permission",
  "pk": 201,
  "fields": {
    "name": "Can add page log entry",
    "content_type": [
      "wagtailcore",
      "pagelogentry"
    ],
    "codename": "add_pagelogentry"
  }
},
{
  "model": "auth.permission",
  "pk": 202,
  "fields": {
    "name": "Can change page log entry",
    "content_type": [
      "wagtailcore",
      "pagelogentry"
    ],
    "codename": "change_pagelogentry"
  }
},
{
  "model": "auth.permission",
  "pk": 203,
  "fields": {
    "name": "Can delete page log entry",
    "content_type": [
      "wagtailcore",
      "pagelogentry"
    ],
    "codename": "delete_pagelogentry"
  }
},
{
  "model": "auth.permission",
  "pk": 204,
  "fields": {
    "name": "Can view page log entry",
    "content_type": [
      "wagtailcore",
      "pagelogentry"
    ],
    "codename": "view_pagelogentry"
  }
},
{
  "model": "auth.permission",
  "pk": 205,
  "fields": {
    "name": "Can add locale",
    "content_type": [
      "wagtailcore",
      "locale"
    ],
    "codename": "add_locale"
  }
},
{
  "model": "auth.permission",
  "pk": 206,
  "fields": {
    "name": "Can change locale",
    "content_type": [
      "wagtailcore",
      "locale"
    ],
    "codename": "change_locale"
  }
},
{
  "model": "auth.permission",
  "pk": 207,
  "fields": {
    "name": "Can delete locale",
    "content_type": [
      "wagtailcore",
      "locale"
    ],
    "codename": "delete_locale"
  }
},
{
  "model": "auth.permission",
  "pk": 208,
  "fields": {
    "name": "Can view locale",
    "content_type": [
      "wagtailcore",
      "locale"
    ],
    "codename": "view_locale"
  }
},
{
  "model": "auth.permission",
  "pk": 209,
  "fields": {
    "name": "Can add comment",
    "content_type": [
      "wagtailcore",
      "comment"
    ],
    "codename": "add_comment"
  }
},
{
  "model": "auth.permission",
  "pk": 210,
  "fields": {
    "name": "Can change comment",
    "content_type": [
      "wagtailcore",
      "comment"
    ],
    "codename": "change_comment"
  }
},
{
  "model": "auth.permission",
  "pk": 211,
  "fields": {
    "name": "Can delete comment",
    "content_type": [
      "wagtailcore",
      "comment"
    ],
    "codename": "delete_comment"
  }
},
{
  "model": "auth.permission",
  "pk": 212,
  "fields": {
    "name": "Can view comment",
    "content_type": [
      "wagtailcore",
      "comment"
    ],
    "codename": "view_comment"
  }
},
{
  "model": "auth.permission",
  "pk": 213,
  "fields": {
    "name": "Can add comment reply",
    "content_type": [
      "wagtailcore",
      "commentreply"
    ],
    "codename": "add_commentreply"
  }
},
{
  "model": "auth.permission",
  "pk": 214,
  "fields": {
    "name": "Can change comment reply",
    "content_type": [
      "wagtailcore",
      "commentreply"
    ],
    "codename": "change_commentreply"
  }
},
{
  "model": "auth.permission",
  "pk": 215,
  "fields": {
    "name": "Can delete comment reply",
    "content_type": [
      "wagtailcore",
      "commentreply"
    ],
    "codename": "delete_commentreply"
  }
},
{
  "model": "auth.permission",
  "pk": 216,
  "fields": {
    "name": "Can view comment reply",
    "content_type": [
      "wagtailcore",
      "commentreply"
    ],
    "codename": "view_commentreply"
  }
},
{
  "model": "auth.permission",
  "pk": 217,
  "fields": {
    "name": "Can add page subscription",
    "content_type": [
      "wagtailcore",
      "pagesubscription"
    ],
    "codename": "add_pagesubscription"
  }
},
{
  "model": "auth.permission",
  "pk": 218,
  "fields": {
    "name": "Can change page subscription",
    "content_type": [
      "wagtailcore",
      "pagesubscription"
    ],
    "codename": "change_pagesubscription"
  }
},
{
  "model": "auth.permission",
  "pk": 219,
  "fields": {
    "name": "Can delete page subscription",
    "content_type": [
      "wagtailcore",
      "pagesubscription"
    ],
    "codename": "delete_pagesubscription"
  }
},
{
  "model": "auth.permission",
  "pk": 220,
  "fields": {
    "name": "Can view page subscription",
    "content_type": [
      "wagtailcore",
      "pagesubscription"
    ],
    "codename": "view_pagesubscription"
  }
},
{
  "model": "auth.permission",
  "pk": 221,
  "fields": {
    "name": "Can add tag",
    "content_type": [
      "taggit",
      "tag"
    ],
    "codename": "add_tag"
  }
},
{
  "model": "auth.permission",
  "pk": 222,
  "fields": {
    "name": "Can change tag",
    "content_type": [
      "taggit",
      "tag"
    ],
    "codename": "change_tag"
  }
},
{
  "model": "auth.permission",
  "pk": 223,
  "fields": {
    "name": "Can delete tag",
    "content_type": [
      "taggit",
      "tag"
    ],
    "codename": "delete_tag"
  }
},
{
  "model": "auth.permission",
  "pk": 224,
  "fields": {
    "name": "Can view tag",
    "content_type": [
      "taggit",
      "tag"
    ],
    "codename": "view_tag"
  }
},
{
  "model": "auth.permission",
  "pk": 225,
  "fields": {
    "name": "Can add tagged item",
    "content_type": [
      "taggit",
      "taggeditem"
    ],
    "codename": "add_taggeditem"
  }
},
{
  "model": "auth.permission",
  "pk": 226,
  "fields": {
    "name": "Can change tagged item",
    "content_type": [
      "taggit",
      "taggeditem"
    ],
    "codename": "change_taggeditem"
  }
},
{
  "model": "auth.permission",
  "pk": 227,
  "fields": {
    "name": "Can delete tagged item",
    "content_type": [
      "taggit",
      "taggeditem"
    ],
    "codename": "delete_taggeditem"
  }
},
{
  "model": "auth.permission",
  "pk": 228,
  "fields": {
    "name": "Can view tagged item",
    "content_type": [
      "taggit",
      "taggeditem"
    ],
    "codename": "view_taggeditem"
  }
},
{
  "model": "auth.permission",
  "pk": 229,
  "fields": {
    "name": "Can add log entry",
    "content_type": [
      "admin",
      "logentry"
    ],
    "codename": "add_logentry"
  }
},
{
  "model": "auth.permission",
  "pk": 230,
  "fields": {
    "name": "Can change log entry",
    "content_type": [
      "admin",
      "logentry"
    ],
    "codename": "change_logentry"
  }
},
{
  "model": "auth.permission",
  "pk": 231,
  "fields": {
    "name": "Can delete log entry",
    "content_type": [
      "admin",
      "logentry"
    ],
    "codename": "delete_logentry"
  }
},
{
  "model": "auth.permission",
  "pk": 232,
  "fields": {
    "name": "Can view log entry",
    "content_type": [
      "admin",
      "logentry"
    ],
    "codename": "view_logentry"
  }
},
{
  "model": "auth.permission",
  "pk": 233,
  "fields": {
    "name": "Can add permission",
    "content_type": [
      "auth",
      "permission"
    ],
    "codename": "add_permission"
  }
},
{
  "model": "auth.permission",
  "pk": 234,
  "fields": {
    "name": "Can change permission",
    "content_type": [
      "auth",
      "permission"
    ],
    "codename": "change_permission"
  }
},
{
  "model": "auth.permission",
  "pk": 235,
  "fields": {
    "name": "Can delete permission",
    "content_type": [
      "auth",
      "permission"
    ],
    "codename": "delete_permission"
  }
},
{
  "model": "auth.permission",
  "pk": 236,
  "fields": {
    "name": "Can view permission",
    "content_type": [
      "auth",
      "permission"
    ],
    "codename": "view_permission"
  }
},
{
  "model": "auth.permission",
  "pk": 237,
  "fields": {
    "name": "Can add group",
    "content_type": [
      "auth",
      "group"
    ],
    "codename": "add_group"
  }
},
{
  "model": "auth.permission",
  "pk": 238,
  "fields": {
    "name": "Can change group",
    "content_type": [
      "auth",
      "group"
    ],
    "codename": "change_group"
  }
},
{
  "model": "auth.permission",
  "pk": 239,
  "fields": {
    "name": "Can delete group",
    "content_type": [
      "auth",
      "group"
    ],
    "codename": "delete_group"
  }
},
{
  "model": "auth.permission",
  "pk": 240,
  "fields": {
    "name": "Can view group",
    "content_type": [
      "auth",
      "group"
    ],
    "codename": "view_group"
  }
},
{
  "model": "auth.permission",
  "pk": 241,
  "fields": {
    "name": "Can add user",
    "content_type": [
      "auth",
      "user"
    ],
    "codename": "add_user"
  }
},
{
  "model": "auth.permission",
  "pk": 242,
  "fields": {
    "name": "Can change user",
    "content_type": [
      "auth",
      "user"
    ],
    "codename": "change_user"
  }
},
{
  "model": "auth.permission",
  "pk": 243,
  "fields": {
    "name": "Can delete user",
    "content_type": [
      "auth",
      "user"
    ],
    "codename": "delete_user"
  }
},
{
  "model": "auth.permission",
  "pk": 244,
  "fields": {
    "name": "Can view user",
    "content_type": [
      "auth",
      "user"
    ],
    "codename": "view_user"
  }
},
{
  "model": "auth.permission",
  "pk": 245,
  "fields": {
    "name": "Can add content type",
    "content_type": [
      "contenttypes",
      "contenttype"
    ],
    "codename": "add_contenttype"
  }
},
{
  "model": "auth.permission",
  "pk": 246,
  "fields": {
    "name": "Can change content type",
    "content_type": [
      "contenttypes",
      "contenttype"
    ],
    "codename": "change_contenttype"
  }
},
{
  "model": "auth.permission",
  "pk": 247,
  "fields": {
    "name": "Can delete content type",
    "content_type": [
      "contenttypes",
      "contenttype"
    ],
    "codename": "delete_contenttype"
  }
},
{
  "model": "auth.permission",
  "pk": 248,
  "fields": {
    "name": "Can view content type",
    "content_type": [
      "contenttypes",
      "contenttype"
    ],
    "codename": "view_contenttype"
  }
},
{
  "model": "auth.permission",
  "pk": 249,
  "fields": {
    "name": "Can add session",
    "content_type": [
      "sessions",
      "session"
    ],
    "codename": "add_session"
  }
},
{
  "model": "auth.permission",
  "pk": 250,
  "fields": {
    "name": "Can change session",
    "content_type": [
      "sessions",
      "session"
    ],
    "codename": "change_session"
  }
},
{
  "model": "auth.permission",
  "pk": 251,
  "fields": {
    "name": "Can delete session",
    "content_type": [
      "sessions",
      "session"
    ],
    "codename": "delete_session"
  }
},
{
  "model": "auth.permission",
  "pk": 252,
  "fields": {
    "name": "Can view session",
    "content_type": [
      "sessions",
      "session"
    ],
    "codename": "view_session"
  }
},
{
  "model": "auth.permission",
  "pk": 253,
  "fields": {
    "name": "Can add about page",
    "content_type": [
      "about",
      "aboutpage"
    ],
    "codename": "add_aboutpage"
  }
},
{
  "model": "auth.permission",
  "pk": 254,
  "fields": {
    "name": "Can change about page",
    "content_type": [
      "about",
      "aboutpage"
    ],
    "codename": "change_aboutpage"
  }
},
{
  "model": "auth.permission",
  "pk": 255,
  "fields": {
    "name": "Can delete about page",
    "content_type": [
      "about",
      "aboutpage"
    ],
    "codename": "delete_aboutpage"
  }
},
{
  "model": "auth.permission",
  "pk": 256,
  "fields": {
    "name": "Can view about page",
    "content_type": [
      "about",
      "aboutpage"
    ],
    "codename": "view_aboutpage"
  }
},
{
  "model": "wagtailcore.task",
  "pk": 1,
  "fields": {
    "name": "Moderators approval",
    "content_type": [
      "wagtailcore",
      "groupapprovaltask"
    ],
    "active": true
  }
},
{
  "model": "auth.group",
  "pk": 1,
  "fields": {
    "name": "Moderators",
    "permissions": [
      [
        "submit_translation",
        "wagtail_localize",
        "translation"
      ],
      [
        "access_admin",
        "wagtailadmin",
        "admin"
      ],
      [
        "add_document",
        "wagtaildocs",
        "document"
      ],
      [
        "change_document",
        "wagtaildocs",
        "document"
      ],
      [
        "choose_document",
        "wagtaildocs",
        "document"
      ],
      [
        "delete_document",
        "wagtaildocs",
        "document"
      ],
      [
        "add_image",
        "wagtailimages",
        "image"
      ],
      [
        "change_image",
        "wagtailimages",
        "image"
      ],
      [
        "delete_image",
        "wagtailimages",
        "image"
      ]
    ]
  }
},
{
  "model": "auth.group",
  "pk": 2,
  "fields": {
    "name": "Editors",
    "permissions": [
      [
        "submit_translation",
        "wagtail_localize",
        "translation"
      ],
      [
        "access_admin",
        "wagtailadmin",
        "admin"
      ],
      [
        "add_document",
        "wagtaildocs",
        "document"
      ],
      [
        "change_document",
        "wagtaildocs",
        "document"
      ],
      [
        "choose_document",
        "wagtaildocs",
        "document"
      ],
      [
        "delete_document",
        "wagtaildocs",
        "document"
      ],
      [
        "add_image",
        "wagtailimages",
        "image"
      ],
      [
        "change_image",
        "wagtailimages",
        "image"
      ],
      [
        "delete_image",
        "wagtailimages",
        "image"
      ]
    ]
  }
},
{
  "model": "auth.user",
  "pk": 1,
  "fields": {
    "password": "pbkdf2_sha256$216000$1wTihrbfqXSP$beh7JOFs5cNYu2/BoLgAGoZAOZHYGTD7OpzbNKztavc=",
    "last_login": "2021-10-21T14:26:01.633Z",
    "is_superuser": true,
    "username": "admin",
    "first_name": "",
    "last_name": "",
    "email": "admin@admin.com",
    "is_staff": true,
    "is_active": true,
    "date_joined": "2021-10-21T14:25:48.892Z",
    "groups": [],
    "user_permissions": []
  }
},
{
  "model": "wagtailcore.pagesubscription",
  "pk": 1,
  "fields": {
    "user": [
      "admin"
    ],
    "page": 4,
    "comment_notifications": true
  }
},
{
  "model": "wagtailcore.pagesubscription",
  "pk": 2,
  "fields": {
    "user": [
      "admin"
    ],
    "page": 5,
    "comment_notifications": true
  }
},
{
  "model": "wagtailcore.pagesubscription",
  "pk": 3,
  "fields": {
    "user": [
      "admin"
    ],
    "page": 6,
    "comment_notifications": true
  }
},
{
  "model": "wagtailcore.pagesubscription",
  "pk": 4,
  "fields": {
    "user": [
      "admin"
    ],
    "page": 7,
    "comment_notifications": true
  }
},
{
  "model": "wagtailcore.pagesubscription",
  "pk": 5,
  "fields": {
    "user": [
      "admin"
    ],
    "page": 8,
    "comment_notifications": true
  }
},
{
  "model": "wagtailcore.pagesubscription",
  "pk": 6,
  "fields": {
    "user": [
      "admin"
    ],
    "page": 9,
    "comment_notifications": true
  }
},
{
  "model": "wagtailcore.pagesubscription",
  "pk": 7,
  "fields": {
    "user": [
      "admin"
    ],
    "page": 10,
    "comment_notifications": true
  }
},
{
  "model": "wagtailcore.pagesubscription",
  "pk": 8,
  "fields": {
    "user": [
      "admin"
    ],
    "page": 11,
    "comment_notifications": true
  }
},
{
  "model": "wagtailcore.pagesubscription",
  "pk": 9,
  "fields": {
    "user": [
      "admin"
    ],
    "page": 12,
    "comment_notifications": true
  }
},
{
  "model": "wagtailcore.pagesubscription",
  "pk": 10,
  "fields": {
    "user": [
      "admin"
    ],
    "page": 13,
    "comment_notifications": true
  }
},
{
  "model": "wagtailcore.pagesubscription",
  "pk": 11,
  "fields": {
    "user": [
      "admin"
    ],
    "page": 14,
    "comment_notifications": true
  }
},
{
  "model": "wagtailcore.pagesubscription",
  "pk": 12,
  "fields": {
    "user": [
      "admin"
    ],
    "page": 15,
    "comment_notifications": true
  }
},
{
  "model": "wagtailcore.pagelogentry",
  "pk": 1,
  "fields": {
    "content_type": [
      "home",
      "homepage"
    ],
    "label": "Home",
    "action": "wagtail.delete",
    "data_json": "\"\"",
    "timestamp": "2021-10-21T14:26:12.045Z",
    "user": [
      "admin"
    ],
    "content_changed": false,
    "deleted": true,
    "page": 3,
    "revision": null
  }
},
{
  "model": "wagtailcore.pagelogentry",
  "pk": 2,
  "fields": {
    "content_type": [
      "landing",
      "landingpage"
    ],
    "label": "The Orange Brand Site",
    "action": "wagtail.create",
    "data_json": "\"\"",
    "timestamp": "2021-10-22T08:35:32.451Z",
    "user": [
      "admin"
    ],
    "content_changed": true,
    "deleted": false,
    "page": 4,
    "revision": null
  }
},
{
  "model": "wagtailcore.pagelogentry",
  "pk": 3,
  "fields": {
    "content_type": [
      "landing",
      "landingpage"
    ],
    "label": "The Orange Brand Site",
    "action": "wagtail.publish",
    "data_json": "null",
    "timestamp": "2021-10-22T08:35:32.490Z",
    "user": [
      "admin"
    ],
    "content_changed": true,
    "deleted": false,
    "page": 4,
    "revision": 1
  }
},
{
  "model": "wagtailcore.pagelogentry",
  "pk": 4,
  "fields": {
    "content_type": [
      "blog",
      "blogpage"
    ],
    "label": "The Orange Brand Blog",
    "action": "wagtail.create",
    "data_json": "\"\"",
    "timestamp": "2021-10-22T08:36:31.968Z",
    "user": [
      "admin"
    ],
    "content_changed": true,
    "deleted": false,
    "page": 5,
    "revision": null
  }
},
{
  "model": "wagtailcore.pagelogentry",
  "pk": 5,
  "fields": {
    "content_type": [
      "blog",
      "blogpage"
    ],
    "label": "The Orange Brand Blog",
    "action": "wagtail.publish",
    "data_json": "null",
    "timestamp": "2021-10-22T08:36:32.003Z",
    "user": [
      "admin"
    ],
    "content_changed": true,
    "deleted": false,
    "page": 5,
    "revision": 2
  }
},
{
  "model": "wagtailcore.pagelogentry",
  "pk": 6,
  "fields": {
    "content_type": [
      "landing",
      "landingpage"
    ],
    "label": "The Orange Brand Site",
    "action": "wagtail.edit",
    "data_json": "\"\"",
    "timestamp": "2021-10-22T08:43:21.625Z",
    "user": [
      "admin"
    ],
    "content_changed": true,
    "deleted": false,
    "page": 4,
    "revision": 3
  }
},
{
  "model": "wagtailcore.pagelogentry",
  "pk": 7,
  "fields": {
    "content_type": [
      "landing",
      "landingpage"
    ],
    "label": "The Orange Brand Site",
    "action": "wagtail.publish",
    "data_json": "null",
    "timestamp": "2021-10-22T08:43:21.655Z",
    "user": [
      "admin"
    ],
    "content_changed": true,
    "deleted": false,
    "page": 4,
    "revision": 3
  }
},
{
  "model": "wagtailcore.pagelogentry",
  "pk": 8,
  "fields": {
    "content_type": [
      "blog",
      "postpage"
    ],
    "label": "10 Facts about oranges you didn't know",
    "action": "wagtail.create",
    "data_json": "\"\"",
    "timestamp": "2021-10-22T08:51:51Z",
    "user": [
      "admin"
    ],
    "content_changed": true,
    "deleted": false,
    "page": 6,
    "revision": null
  }
},
{
  "model": "wagtailcore.pagelogentry",
  "pk": 9,
  "fields": {
    "content_type": [
      "blog",
      "postpage"
    ],
    "label": "10 Facts about oranges you didn't know",
    "action": "wagtail.edit",
    "data_json": "\"\"",
    "timestamp": "2021-10-22T08:52:51.277Z",
    "user": [
      "admin"
    ],
    "content_changed": true,
    "deleted": false,
    "page": 6,
    "revision": 5
  }
},
{
  "model": "wagtailcore.pagelogentry",
  "pk": 10,
  "fields": {
    "content_type": [
      "blog",
      "postpage"
    ],
    "label": "10 Facts about oranges you didn't know",
    "action": "wagtail.publish",
    "data_json": "null",
    "timestamp": "2021-10-22T08:52:51.312Z",
    "user": [
      "admin"
    ],
    "content_changed": true,
    "deleted": false,
    "page": 6,
    "revision": 5
  }
},
{
  "model": "wagtailcore.pagelogentry",
  "pk": 11,
  "fields": {
    "content_type": [
      "blog",
      "postpage"
    ],
    "label": "BREAKING: Orange found",
    "action": "wagtail.create",
    "data_json": "\"\"",
    "timestamp": "2021-10-22T08:55:24.443Z",
    "user": [
      "admin"
    ],
    "content_changed": true,
    "deleted": false,
    "page": 7,
    "revision": null
  }
},
{
  "model": "wagtailcore.pagelogentry",
  "pk": 12,
  "fields": {
    "content_type": [
      "blog",
      "postpage"
    ],
    "label": "BREAKING: Orange found",
    "action": "wagtail.publish",
    "data_json": "null",
    "timestamp": "2021-10-22T08:55:24.499Z",
    "user": [
      "admin"
    ],
    "content_changed": true,
    "deleted": false,
    "page": 7,
    "revision": 6
  }
},
{
  "model": "wagtailcore.pagelogentry",
  "pk": 13,
  "fields": {
    "content_type": [
      "blog",
      "postpage"
    ],
    "label": "BREAKING: Orange found after 3 days",
    "action": "wagtail.edit",
    "data_json": "\"\"",
    "timestamp": "2021-10-22T08:55:51.181Z",
    "user": [
      "admin"
    ],
    "content_changed": true,
    "deleted": false,
    "page": 7,
    "revision": 7
  }
},
{
  "model": "wagtailcore.pagelogentry",
  "pk": 14,
  "fields": {
    "content_type": [
      "blog",
      "postpage"
    ],
    "label": "BREAKING: Orange found after 3 days",
    "action": "wagtail.rename",
    "data_json": "{\"title\": {\"old\": \"BREAKING: Orange found\", \"new\": \"BREAKING: Orange found after 3 days\"}}",
    "timestamp": "2021-10-22T08:55:51.217Z",
    "user": [
      "admin"
    ],
    "content_changed": false,
    "deleted": false,
    "page": 7,
    "revision": 7
  }
},
{
  "model": "wagtailcore.pagelogentry",
  "pk": 15,
  "fields": {
    "content_type": [
      "blog",
      "postpage"
    ],
    "label": "BREAKING: Orange found after 3 days",
    "action": "wagtail.publish",
    "data_json": "{\"title\": {\"old\": \"BREAKING: Orange found\", \"new\": \"BREAKING: Orange found after 3 days\"}}",
    "timestamp": "2021-10-22T08:55:51.221Z",
    "user": [
      "admin"
    ],
    "content_changed": true,
    "deleted": false,
    "page": 7,
    "revision": 7
  }
},
{
  "model": "wagtailcore.pagelogentry",
  "pk": 16,
  "fields": {
    "content_type": [
      "blog",
      "postpage"
    ],
    "label": "BREAKING: Orange found after 3 days",
    "action": "wagtail.edit",
    "data_json": "\"\"",
    "timestamp": "2021-10-22T08:56:10.088Z",
    "user": [
      "admin"
    ],
    "content_changed": true,
    "deleted": false,
    "page": 7,
    "revision": 8
  }
},
{
  "model": "wagtailcore.pagelogentry",
  "pk": 17,
  "fields": {
    "content_type": [
      "blog",
      "postpage"
    ],
    "label": "BREAKING: Orange found after 3 days",
    "action": "wagtail.publish",
    "data_json": "null",
    "timestamp": "2021-10-22T08:56:10.134Z",
    "user": [
      "admin"
    ],
    "content_changed": true,
    "deleted": false,
    "page": 7,
    "revision": 8
  }
},
{
  "model": "wagtailcore.pagelogentry",
  "pk": 18,
  "fields": {
    "content_type": [
      "blog",
      "postpage"
    ],
    "label": "Want to know more about oranges?",
    "action": "wagtail.create",
    "data_json": "\"\"",
    "timestamp": "2021-10-22T09:00:57.051Z",
    "user": [
      "admin"
    ],
    "content_changed": true,
    "deleted": false,
    "page": 8,
    "revision": null
  }
},
{
  "model": "wagtailcore.pagelogentry",
  "pk": 19,
  "fields": {
    "content_type": [
      "blog",
      "postpage"
    ],
    "label": "Want to know more about oranges?",
    "action": "wagtail.publish",
    "data_json": "null",
    "timestamp": "2021-10-22T09:00:57.102Z",
    "user": [
      "admin"
    ],
    "content_changed": true,
    "deleted": false,
    "page": 8,
    "revision": 9
  }
},
{
  "model": "wagtailcore.pagelogentry",
  "pk": 20,
  "fields": {
    "content_type": [
      "blog",
      "postpage"
    ],
    "label": "Want to know more about oranges?",
    "action": "wagtail.edit",
    "data_json": "\"\"",
    "timestamp": "2021-10-22T09:01:17.201Z",
    "user": [
      "admin"
    ],
    "content_changed": true,
    "deleted": false,
    "page": 8,
    "revision": 10
  }
},
{
  "model": "wagtailcore.pagelogentry",
  "pk": 21,
  "fields": {
    "content_type": [
      "blog",
      "postpage"
    ],
    "label": "Want to know more about oranges?",
    "action": "wagtail.publish",
    "data_json": "null",
    "timestamp": "2021-10-22T09:01:17.238Z",
    "user": [
      "admin"
    ],
    "content_changed": true,
    "deleted": false,
    "page": 8,
    "revision": 10
  }
},
{
  "model": "wagtailcore.pagelogentry",
  "pk": 22,
  "fields": {
    "content_type": [
      "about",
      "aboutpage"
    ],
    "label": "Orange About Page",
    "action": "wagtail.create",
    "data_json": "\"\"",
    "timestamp": "2021-10-22T09:17:19.271Z",
    "user": [
      "admin"
    ],
    "content_changed": true,
    "deleted": false,
    "page": 9,
    "revision": null
  }
},
{
  "model": "wagtailcore.pagelogentry",
  "pk": 23,
  "fields": {
    "content_type": [
      "about",
      "aboutpage"
    ],
    "label": "Orange About Page",
    "action": "wagtail.publish",
    "data_json": "null",
    "timestamp": "2021-10-22T09:17:19.312Z",
    "user": [
      "admin"
    ],
    "content_changed": true,
    "deleted": false,
    "page": 9,
    "revision": 11
  }
},
{
  "model": "wagtailcore.pagelogentry",
  "pk": 24,
  "fields": {
    "content_type": [
      "about",
      "aboutpage"
    ],
    "label": "Orange About Page",
    "action": "wagtail.edit",
    "data_json": "\"\"",
    "timestamp": "2021-10-22T09:17:38.625Z",
    "user": [
      "admin"
    ],
    "content_changed": true,
    "deleted": false,
    "page": 9,
    "revision": 12
  }
},
{
  "model": "wagtailcore.pagelogentry",
  "pk": 25,
  "fields": {
    "content_type": [
      "about",
      "aboutpage"
    ],
    "label": "Orange About Page",
    "action": "wagtail.publish",
    "data_json": "null",
    "timestamp": "2021-10-22T09:17:38.654Z",
    "user": [
      "admin"
    ],
    "content_changed": true,
    "deleted": false,
    "page": 9,
    "revision": 12
  }
},
{
  "model": "wagtailcore.pagelogentry",
  "pk": 26,
  "fields": {
    "content_type": [
      "about",
      "aboutpage"
    ],
    "label": "Orange About Page",
    "action": "wagtail.edit",
    "data_json": "\"\"",
    "timestamp": "2021-10-22T09:17:50.258Z",
    "user": [
      "admin"
    ],
    "content_changed": true,
    "deleted": false,
    "page": 9,
    "revision": 13
  }
},
{
  "model": "wagtailcore.pagelogentry",
  "pk": 27,
  "fields": {
    "content_type": [
      "about",
      "aboutpage"
    ],
    "label": "Orange About Page",
    "action": "wagtail.publish",
    "data_json": "null",
    "timestamp": "2021-10-22T09:17:50.287Z",
    "user": [
      "admin"
    ],
    "content_changed": true,
    "deleted": false,
    "page": 9,
    "revision": 13
  }
},
{
  "model": "wagtailcore.pagelogentry",
  "pk": 28,
  "fields": {
    "content_type": [
      "landing",
      "landingpage"
    ],
    "label": "The Orange Brand Site",
    "action": "wagtail.edit",
    "data_json": "\"\"",
    "timestamp": "2021-10-22T09:18:43.031Z",
    "user": [
      "admin"
    ],
    "content_changed": true,
    "deleted": false,
    "page": 4,
    "revision": 14
  }
},
{
  "model": "wagtailcore.pagelogentry",
  "pk": 29,
  "fields": {
    "content_type": [
      "landing",
      "landingpage"
    ],
    "label": "The Orange Brand Site",
    "action": "wagtail.publish",
    "data_json": "null",
    "timestamp": "2021-10-22T09:18:43.063Z",
    "user": [
      "admin"
    ],
    "content_changed": true,
    "deleted": false,
    "page": 4,
    "revision": 14
  }
},
{
  "model": "wagtailcore.pagelogentry",
  "pk": 30,
  "fields": {
    "content_type": [
      "landing",
      "landingpage"
    ],
    "label": "The Yellow Brand Site",
    "action": "wagtail.create",
    "data_json": "\"\"",
    "timestamp": "2021-10-22T09:24:29.864Z",
    "user": [
      "admin"
    ],
    "content_changed": true,
    "deleted": false,
    "page": 10,
    "revision": null
  }
},
{
  "model": "wagtailcore.pagelogentry",
  "pk": 31,
  "fields": {
    "content_type": [
      "landing",
      "landingpage"
    ],
    "label": "The Yellow Brand Site",
    "action": "wagtail.publish",
    "data_json": "null",
    "timestamp": "2021-10-22T09:24:29.904Z",
    "user": [
      "admin"
    ],
    "content_changed": true,
    "deleted": false,
    "page": 10,
    "revision": 15
  }
},
{
  "model": "wagtailcore.pagelogentry",
  "pk": 32,
  "fields": {
    "content_type": [
      "about",
      "aboutpage"
    ],
    "label": "The Yellow Brand About Page",
    "action": "wagtail.create",
    "data_json": "\"\"",
    "timestamp": "2021-10-22T09:27:02.485Z",
    "user": [
      "admin"
    ],
    "content_changed": true,
    "deleted": false,
    "page": 11,
    "revision": null
  }
},
{
  "model": "wagtailcore.pagelogentry",
  "pk": 33,
  "fields": {
    "content_type": [
      "about",
      "aboutpage"
    ],
    "label": "The Yellow Brand About Page",
    "action": "wagtail.publish",
    "data_json": "null",
    "timestamp": "2021-10-22T09:27:02.521Z",
    "user": [
      "admin"
    ],
    "content_changed": true,
    "deleted": false,
    "page": 11,
    "revision": 16
  }
},
{
  "model": "wagtailcore.pagelogentry",
  "pk": 34,
  "fields": {
    "content_type": [
      "blog",
      "blogpage"
    ],
    "label": "The Yellow Brand Blog Page",
    "action": "wagtail.create",
    "data_json": "\"\"",
    "timestamp": "2021-10-22T09:27:14.963Z",
    "user": [
      "admin"
    ],
    "content_changed": true,
    "deleted": false,
    "page": 12,
    "revision": null
  }
},
{
  "model": "wagtailcore.pagelogentry",
  "pk": 35,
  "fields": {
    "content_type": [
      "blog",
      "blogpage"
    ],
    "label": "The Yellow Brand Blog Page",
    "action": "wagtail.publish",
    "data_json": "null",
    "timestamp": "2021-10-22T09:27:14.999Z",
    "user": [
      "admin"
    ],
    "content_changed": true,
    "deleted": false,
    "page": 12,
    "revision": 17
  }
},
{
  "model": "wagtailcore.pagelogentry",
  "pk": 36,
  "fields": {
    "content_type": [
      "landing",
      "landingpage"
    ],
    "label": "The Yellow Brand Site",
    "action": "wagtail.edit",
    "data_json": "\"\"",
    "timestamp": "2021-10-22T10:00:34.043Z",
    "user": [
      "admin"
    ],
    "content_changed": true,
    "deleted": false,
    "page": 10,
    "revision": 18
  }
},
{
  "model": "wagtailcore.pagelogentry",
  "pk": 37,
  "fields": {
    "content_type": [
      "landing",
      "landingpage"
    ],
    "label": "The Yellow Brand Site",
    "action": "wagtail.publish",
    "data_json": "null",
    "timestamp": "2021-10-22T10:00:34.073Z",
    "user": [
      "admin"
    ],
    "content_changed": true,
    "deleted": false,
    "page": 10,
    "revision": 18
  }
},
{
  "model": "wagtailcore.pagelogentry",
  "pk": 38,
  "fields": {
    "content_type": [
      "blog",
      "postpage"
    ],
    "label": "Check out these facts!",
    "action": "wagtail.create",
    "data_json": "\"\"",
    "timestamp": "2021-10-22T10:03:38.036Z",
    "user": [
      "admin"
    ],
    "content_changed": true,
    "deleted": false,
    "page": 13,
    "revision": null
  }
},
{
  "model": "wagtailcore.pagelogentry",
  "pk": 39,
  "fields": {
    "content_type": [
      "blog",
      "postpage"
    ],
    "label": "Check out these facts!",
    "action": "wagtail.publish",
    "data_json": "null",
    "timestamp": "2021-10-22T10:03:38.081Z",
    "user": [
      "admin"
    ],
    "content_changed": true,
    "deleted": false,
    "page": 13,
    "revision": 19
  }
},
{
  "model": "wagtailcore.pagelogentry",
  "pk": 40,
  "fields": {
    "content_type": [
      "blog",
      "postpage"
    ],
    "label": "What is yellow?",
    "action": "wagtail.create",
    "data_json": "\"\"",
    "timestamp": "2021-10-22T10:05:05.333Z",
    "user": [
      "admin"
    ],
    "content_changed": true,
    "deleted": false,
    "page": 14,
    "revision": null
  }
},
{
  "model": "wagtailcore.pagelogentry",
  "pk": 41,
  "fields": {
    "content_type": [
      "blog",
      "postpage"
    ],
    "label": "What is yellow?",
    "action": "wagtail.publish",
    "data_json": "null",
    "timestamp": "2021-10-22T10:05:05.381Z",
    "user": [
      "admin"
    ],
    "content_changed": true,
    "deleted": false,
    "page": 14,
    "revision": 20
  }
},
{
  "model": "wagtailcore.pagelogentry",
  "pk": 42,
  "fields": {
    "content_type": [
      "blog",
      "postpage"
    ],
    "label": "What is yellow?",
    "action": "wagtail.edit",
    "data_json": "\"\"",
    "timestamp": "2021-10-22T10:05:39.481Z",
    "user": [
      "admin"
    ],
    "content_changed": true,
    "deleted": false,
    "page": 14,
    "revision": 21
  }
},
{
  "model": "wagtailcore.pagelogentry",
  "pk": 43,
  "fields": {
    "content_type": [
      "blog",
      "postpage"
    ],
    "label": "What is yellow?",
    "action": "wagtail.publish",
    "data_json": "null",
    "timestamp": "2021-10-22T10:05:39.521Z",
    "user": [
      "admin"
    ],
    "content_changed": true,
    "deleted": false,
    "page": 14,
    "revision": 21
  }
},
{
  "model": "wagtailcore.pagelogentry",
  "pk": 44,
  "fields": {
    "content_type": [
      "blog",
      "postpage"
    ],
    "label": "yellow is the best colour, here's why",
    "action": "wagtail.create",
    "data_json": "\"\"",
    "timestamp": "2021-10-22T10:48:03.110Z",
    "user": [
      "admin"
    ],
    "content_changed": true,
    "deleted": false,
    "page": 15,
    "revision": null
  }
},
{
  "model": "wagtailcore.pagelogentry",
  "pk": 45,
  "fields": {
    "content_type": [
      "blog",
      "postpage"
    ],
    "label": "yellow is the best colour, here's why",
    "action": "wagtail.publish",
    "data_json": "null",
    "timestamp": "2021-10-22T10:48:03.159Z",
    "user": [
      "admin"
    ],
    "content_changed": true,
    "deleted": false,
    "page": 15,
    "revision": 22
  }
},
{
  "model": "wagtailcore.pagelogentry",
  "pk": 46,
  "fields": {
    "content_type": [
      "blog",
      "postpage"
    ],
    "label": "yellow is the best colour, here's why",
    "action": "wagtail.edit",
    "data_json": "\"\"",
    "timestamp": "2021-10-22T10:48:47.339Z",
    "user": [
      "admin"
    ],
    "content_changed": true,
    "deleted": false,
    "page": 15,
    "revision": 23
  }
},
{
  "model": "wagtailcore.pagelogentry",
  "pk": 47,
  "fields": {
    "content_type": [
      "blog",
      "postpage"
    ],
    "label": "yellow is the best colour, here's why",
    "action": "wagtail.publish",
    "data_json": "null",
    "timestamp": "2021-10-22T10:48:47.376Z",
    "user": [
      "admin"
    ],
    "content_changed": true,
    "deleted": false,
    "page": 15,
    "revision": 23
  }
},
{
  "model": "wagtailcore.pagelogentry",
  "pk": 48,
  "fields": {
    "content_type": [
      "landing",
      "landingpage"
    ],
    "label": "The Orange Brand Site",
    "action": "wagtail.create",
    "data_json": "\"\"",
    "timestamp": "2021-10-22T10:49:36.959Z",
    "user": [
      "admin"
    ],
    "content_changed": true,
    "deleted": false,
    "page": 16,
    "revision": null
  }
},
{
  "model": "wagtailcore.pagelogentry",
  "pk": 49,
  "fields": {
    "content_type": [
      "landing",
      "landingpage"
    ],
    "label": "The Orange Brand Site",
    "action": "wagtail.create_alias",
    "data_json": "{\"page\": {\"id\": 16, \"title\": \"The Orange Brand Site\"}, \"source\": {\"id\": 1, \"title\": \"Root\"}, \"destination\": {\"id\": 1, \"title\": \"Root\"}}",
    "timestamp": "2021-10-22T10:49:36.961Z",
    "user": null,
    "content_changed": false,
    "deleted": false,
    "page": 16,
    "revision": null
  }
},
{
  "model": "wagtailcore.pagelogentry",
  "pk": 50,
  "fields": {
    "content_type": [
      "landing",
      "landingpage"
    ],
    "label": "The Orange Brand Site",
    "action": "wagtail.publish",
    "data_json": "\"\"",
    "timestamp": "2021-10-22T10:49:36.962Z",
    "user": null,
    "content_changed": false,
    "deleted": false,
    "page": 16,
    "revision": null
  }
},
{
  "model": "wagtailcore.pagelogentry",
  "pk": 51,
  "fields": {
    "content_type": [
      "blog",
      "blogpage"
    ],
    "label": "The Orange Brand Blog",
    "action": "wagtail.create",
    "data_json": "\"\"",
    "timestamp": "2021-10-22T10:49:36.978Z",
    "user": [
      "admin"
    ],
    "content_changed": true,
    "deleted": false,
    "page": 17,
    "revision": null
  }
},
{
  "model": "wagtailcore.pagelogentry",
  "pk": 52,
  "fields": {
    "content_type": [
      "blog",
      "blogpage"
    ],
    "label": "The Orange Brand Blog",
    "action": "wagtail.create_alias",
    "data_json": "{\"page\": {\"id\": 17, \"title\": \"The Orange Brand Blog\"}, \"source\": {\"id\": 4, \"title\": \"The Orange Brand Site\"}, \"destination\": {\"id\": 16, \"title\": \"The Orange Brand Site\"}}",
    "timestamp": "2021-10-22T10:49:36.980Z",
    "user": null,
    "content_changed": false,
    "deleted": false,
    "page": 17,
    "revision": null
  }
},
{
  "model": "wagtailcore.pagelogentry",
  "pk": 53,
  "fields": {
    "content_type": [
      "blog",
      "blogpage"
    ],
    "label": "The Orange Brand Blog",
    "action": "wagtail.publish",
    "data_json": "\"\"",
    "timestamp": "2021-10-22T10:49:36.982Z",
    "user": null,
    "content_changed": false,
    "deleted": false,
    "page": 17,
    "revision": null
  }
},
{
  "model": "wagtailcore.pagelogentry",
  "pk": 54,
  "fields": {
    "content_type": [
      "blog",
      "postpage"
    ],
    "label": "10 Facts about oranges you didn't know",
    "action": "wagtail.create",
    "data_json": "\"\"",
    "timestamp": "2021-10-22T10:49:37.003Z",
    "user": [
      "admin"
    ],
    "content_changed": true,
    "deleted": false,
    "page": 18,
    "revision": null
  }
},
{
  "model": "wagtailcore.pagelogentry",
  "pk": 55,
  "fields": {
    "content_type": [
      "blog",
      "postpage"
    ],
    "label": "10 Facts about oranges you didn't know",
    "action": "wagtail.create_alias",
    "data_json": "{\"page\": {\"id\": 18, \"title\": \"10 Facts about oranges you didn't know\"}, \"source\": {\"id\": 5, \"title\": \"The Orange Brand Blog\"}, \"destination\": {\"id\": 17, \"title\": \"The Orange Brand Blog\"}}",
    "timestamp": "2021-10-22T10:49:37.005Z",
    "user": null,
    "content_changed": false,
    "deleted": false,
    "page": 18,
    "revision": null
  }
},
{
  "model": "wagtailcore.pagelogentry",
  "pk": 56,
  "fields": {
    "content_type": [
      "blog",
      "postpage"
    ],
    "label": "10 Facts about oranges you didn't know",
    "action": "wagtail.publish",
    "data_json": "\"\"",
    "timestamp": "2021-10-22T10:49:37.006Z",
    "user": null,
    "content_changed": false,
    "deleted": false,
    "page": 18,
    "revision": null
  }
},
{
  "model": "wagtailcore.pagelogentry",
  "pk": 57,
  "fields": {
    "content_type": [
      "blog",
      "postpage"
    ],
    "label": "BREAKING: Orange found after 3 days",
    "action": "wagtail.create",
    "data_json": "\"\"",
    "timestamp": "2021-10-22T10:49:37.027Z",
    "user": [
      "admin"
    ],
    "content_changed": true,
    "deleted": false,
    "page": 19,
    "revision": null
  }
},
{
  "model": "wagtailcore.pagelogentry",
  "pk": 58,
  "fields": {
    "content_type": [
      "blog",
      "postpage"
    ],
    "label": "BREAKING: Orange found after 3 days",
    "action": "wagtail.create_alias",
    "data_json": "{\"page\": {\"id\": 19, \"title\": \"BREAKING: Orange found after 3 days\"}, \"source\": {\"id\": 5, \"title\": \"The Orange Brand Blog\"}, \"destination\": {\"id\": 17, \"title\": \"The Orange Brand Blog\"}}",
    "timestamp": "2021-10-22T10:49:37.029Z",
    "user": null,
    "content_changed": false,
    "deleted": false,
    "page": 19,
    "revision": null
  }
},
{
  "model": "wagtailcore.pagelogentry",
  "pk": 59,
  "fields": {
    "content_type": [
      "blog",
      "postpage"
    ],
    "label": "BREAKING: Orange found after 3 days",
    "action": "wagtail.publish",
    "data_json": "\"\"",
    "timestamp": "2021-10-22T10:49:37.031Z",
    "user": null,
    "content_changed": false,
    "deleted": false,
    "page": 19,
    "revision": null
  }
},
{
  "model": "wagtailcore.pagelogentry",
  "pk": 60,
  "fields": {
    "content_type": [
      "blog",
      "postpage"
    ],
    "label": "Want to know more about oranges?",
    "action": "wagtail.create",
    "data_json": "\"\"",
    "timestamp": "2021-10-22T10:49:37.052Z",
    "user": [
      "admin"
    ],
    "content_changed": true,
    "deleted": false,
    "page": 20,
    "revision": null
  }
},
{
  "model": "wagtailcore.pagelogentry",
  "pk": 61,
  "fields": {
    "content_type": [
      "blog",
      "postpage"
    ],
    "label": "Want to know more about oranges?",
    "action": "wagtail.create_alias",
    "data_json": "{\"page\": {\"id\": 20, \"title\": \"Want to know more about oranges?\"}, \"source\": {\"id\": 5, \"title\": \"The Orange Brand Blog\"}, \"destination\": {\"id\": 17, \"title\": \"The Orange Brand Blog\"}}",
    "timestamp": "2021-10-22T10:49:37.054Z",
    "user": null,
    "content_changed": false,
    "deleted": false,
    "page": 20,
    "revision": null
  }
},
{
  "model": "wagtailcore.pagelogentry",
  "pk": 62,
  "fields": {
    "content_type": [
      "blog",
      "postpage"
    ],
    "label": "Want to know more about oranges?",
    "action": "wagtail.publish",
    "data_json": "\"\"",
    "timestamp": "2021-10-22T10:49:37.055Z",
    "user": null,
    "content_changed": false,
    "deleted": false,
    "page": 20,
    "revision": null
  }
},
{
  "model": "wagtailcore.pagelogentry",
  "pk": 63,
  "fields": {
    "content_type": [
      "about",
      "aboutpage"
    ],
    "label": "Orange About Page",
    "action": "wagtail.create",
    "data_json": "\"\"",
    "timestamp": "2021-10-22T10:49:37.071Z",
    "user": [
      "admin"
    ],
    "content_changed": true,
    "deleted": false,
    "page": 21,
    "revision": null
  }
},
{
  "model": "wagtailcore.pagelogentry",
  "pk": 64,
  "fields": {
    "content_type": [
      "about",
      "aboutpage"
    ],
    "label": "Orange About Page",
    "action": "wagtail.create_alias",
    "data_json": "{\"page\": {\"id\": 21, \"title\": \"Orange About Page\"}, \"source\": {\"id\": 4, \"title\": \"The Orange Brand Site\"}, \"destination\": {\"id\": 16, \"title\": \"The Orange Brand Site\"}}",
    "timestamp": "2021-10-22T10:49:37.073Z",
    "user": null,
    "content_changed": false,
    "deleted": false,
    "page": 21,
    "revision": null
  }
},
{
  "model": "wagtailcore.pagelogentry",
  "pk": 65,
  "fields": {
    "content_type": [
      "about",
      "aboutpage"
    ],
    "label": "Orange About Page",
    "action": "wagtail.publish",
    "data_json": "\"\"",
    "timestamp": "2021-10-22T10:49:37.075Z",
    "user": null,
    "content_changed": false,
    "deleted": false,
    "page": 21,
    "revision": null
  }
},
{
  "model": "wagtailcore.pagelogentry",
  "pk": 66,
  "fields": {
    "content_type": [
      "landing",
      "landingpage"
    ],
    "label": "The Yellow Brand Site",
    "action": "wagtail.create",
    "data_json": "\"\"",
    "timestamp": "2021-10-22T10:49:37.089Z",
    "user": [
      "admin"
    ],
    "content_changed": true,
    "deleted": false,
    "page": 22,
    "revision": null
  }
},
{
  "model": "wagtailcore.pagelogentry",
  "pk": 67,
  "fields": {
    "content_type": [
      "landing",
      "landingpage"
    ],
    "label": "The Yellow Brand Site",
    "action": "wagtail.create_alias",
    "data_json": "{\"page\": {\"id\": 22, \"title\": \"The Yellow Brand Site\"}, \"source\": {\"id\": 1, \"title\": \"Root\"}, \"destination\": {\"id\": 1, \"title\": \"Root\"}}",
    "timestamp": "2021-10-22T10:49:37.091Z",
    "user": null,
    "content_changed": false,
    "deleted": false,
    "page": 22,
    "revision": null
  }
},
{
  "model": "wagtailcore.pagelogentry",
  "pk": 68,
  "fields": {
    "content_type": [
      "landing",
      "landingpage"
    ],
    "label": "The Yellow Brand Site",
    "action": "wagtail.publish",
    "data_json": "\"\"",
    "timestamp": "2021-10-22T10:49:37.092Z",
    "user": null,
    "content_changed": false,
    "deleted": false,
    "page": 22,
    "revision": null
  }
},
{
  "model": "wagtailcore.pagelogentry",
  "pk": 69,
  "fields": {
    "content_type": [
      "about",
      "aboutpage"
    ],
    "label": "The Yellow Brand About Page",
    "action": "wagtail.create",
    "data_json": "\"\"",
    "timestamp": "2021-10-22T10:49:37.107Z",
    "user": [
      "admin"
    ],
    "content_changed": true,
    "deleted": false,
    "page": 23,
    "revision": null
  }
},
{
  "model": "wagtailcore.pagelogentry",
  "pk": 70,
  "fields": {
    "content_type": [
      "about",
      "aboutpage"
    ],
    "label": "The Yellow Brand About Page",
    "action": "wagtail.create_alias",
    "data_json": "{\"page\": {\"id\": 23, \"title\": \"The Yellow Brand About Page\"}, \"source\": {\"id\": 10, \"title\": \"The Yellow Brand Site\"}, \"destination\": {\"id\": 22, \"title\": \"The Yellow Brand Site\"}}",
    "timestamp": "2021-10-22T10:49:37.109Z",
    "user": null,
    "content_changed": false,
    "deleted": false,
    "page": 23,
    "revision": null
  }
},
{
  "model": "wagtailcore.pagelogentry",
  "pk": 71,
  "fields": {
    "content_type": [
      "about",
      "aboutpage"
    ],
    "label": "The Yellow Brand About Page",
    "action": "wagtail.publish",
    "data_json": "\"\"",
    "timestamp": "2021-10-22T10:49:37.110Z",
    "user": null,
    "content_changed": false,
    "deleted": false,
    "page": 23,
    "revision": null
  }
},
{
  "model": "wagtailcore.pagelogentry",
  "pk": 72,
  "fields": {
    "content_type": [
      "blog",
      "blogpage"
    ],
    "label": "The Yellow Brand Blog Page",
    "action": "wagtail.create",
    "data_json": "\"\"",
    "timestamp": "2021-10-22T10:49:37.126Z",
    "user": [
      "admin"
    ],
    "content_changed": true,
    "deleted": false,
    "page": 24,
    "revision": null
  }
},
{
  "model": "wagtailcore.pagelogentry",
  "pk": 73,
  "fields": {
    "content_type": [
      "blog",
      "blogpage"
    ],
    "label": "The Yellow Brand Blog Page",
    "action": "wagtail.create_alias",
    "data_json": "{\"page\": {\"id\": 24, \"title\": \"The Yellow Brand Blog Page\"}, \"source\": {\"id\": 10, \"title\": \"The Yellow Brand Site\"}, \"destination\": {\"id\": 22, \"title\": \"The Yellow Brand Site\"}}",
    "timestamp": "2021-10-22T10:49:37.128Z",
    "user": null,
    "content_changed": false,
    "deleted": false,
    "page": 24,
    "revision": null
  }
},
{
  "model": "wagtailcore.pagelogentry",
  "pk": 74,
  "fields": {
    "content_type": [
      "blog",
      "blogpage"
    ],
    "label": "The Yellow Brand Blog Page",
    "action": "wagtail.publish",
    "data_json": "\"\"",
    "timestamp": "2021-10-22T10:49:37.130Z",
    "user": null,
    "content_changed": false,
    "deleted": false,
    "page": 24,
    "revision": null
  }
},
{
  "model": "wagtailcore.pagelogentry",
  "pk": 75,
  "fields": {
    "content_type": [
      "blog",
      "postpage"
    ],
    "label": "Check out these facts!",
    "action": "wagtail.create",
    "data_json": "\"\"",
    "timestamp": "2021-10-22T10:49:37.148Z",
    "user": [
      "admin"
    ],
    "content_changed": true,
    "deleted": false,
    "page": 25,
    "revision": null
  }
},
{
  "model": "wagtailcore.pagelogentry",
  "pk": 76,
  "fields": {
    "content_type": [
      "blog",
      "postpage"
    ],
    "label": "Check out these facts!",
    "action": "wagtail.create_alias",
    "data_json": "{\"page\": {\"id\": 25, \"title\": \"Check out these facts!\"}, \"source\": {\"id\": 12, \"title\": \"The Yellow Brand Blog Page\"}, \"destination\": {\"id\": 24, \"title\": \"The Yellow Brand Blog Page\"}}",
    "timestamp": "2021-10-22T10:49:37.150Z",
    "user": null,
    "content_changed": false,
    "deleted": false,
    "page": 25,
    "revision": null
  }
},
{
  "model": "wagtailcore.pagelogentry",
  "pk": 77,
  "fields": {
    "content_type": [
      "blog",
      "postpage"
    ],
    "label": "Check out these facts!",
    "action": "wagtail.publish",
    "data_json": "\"\"",
    "timestamp": "2021-10-22T10:49:37.152Z",
    "user": null,
    "content_changed": false,
    "deleted": false,
    "page": 25,
    "revision": null
  }
},
{
  "model": "wagtailcore.pagelogentry",
  "pk": 78,
  "fields": {
    "content_type": [
      "blog",
      "postpage"
    ],
    "label": "What is yellow?",
    "action": "wagtail.create",
    "data_json": "\"\"",
    "timestamp": "2021-10-22T10:49:37.172Z",
    "user": [
      "admin"
    ],
    "content_changed": true,
    "deleted": false,
    "page": 26,
    "revision": null
  }
},
{
  "model": "wagtailcore.pagelogentry",
  "pk": 79,
  "fields": {
    "content_type": [
      "blog",
      "postpage"
    ],
    "label": "What is yellow?",
    "action": "wagtail.create_alias",
    "data_json": "{\"page\": {\"id\": 26, \"title\": \"What is yellow?\"}, \"source\": {\"id\": 12, \"title\": \"The Yellow Brand Blog Page\"}, \"destination\": {\"id\": 24, \"title\": \"The Yellow Brand Blog Page\"}}",
    "timestamp": "2021-10-22T10:49:37.174Z",
    "user": null,
    "content_changed": false,
    "deleted": false,
    "page": 26,
    "revision": null
  }
},
{
  "model": "wagtailcore.pagelogentry",
  "pk": 80,
  "fields": {
    "content_type": [
      "blog",
      "postpage"
    ],
    "label": "What is yellow?",
    "action": "wagtail.publish",
    "data_json": "\"\"",
    "timestamp": "2021-10-22T10:49:37.175Z",
    "user": null,
    "content_changed": false,
    "deleted": false,
    "page": 26,
    "revision": null
  }
},
{
  "model": "wagtailcore.pagelogentry",
  "pk": 81,
  "fields": {
    "content_type": [
      "blog",
      "postpage"
    ],
    "label": "yellow is the best colour, here's why",
    "action": "wagtail.create",
    "data_json": "\"\"",
    "timestamp": "2021-10-22T10:49:37.196Z",
    "user": [
      "admin"
    ],
    "content_changed": true,
    "deleted": false,
    "page": 27,
    "revision": null
  }
},
{
  "model": "wagtailcore.pagelogentry",
  "pk": 82,
  "fields": {
    "content_type": [
      "blog",
      "postpage"
    ],
    "label": "yellow is the best colour, here's why",
    "action": "wagtail.create_alias",
    "data_json": "{\"page\": {\"id\": 27, \"title\": \"yellow is the best colour, here's why\"}, \"source\": {\"id\": 12, \"title\": \"The Yellow Brand Blog Page\"}, \"destination\": {\"id\": 24, \"title\": \"The Yellow Brand Blog Page\"}}",
    "timestamp": "2021-10-22T10:49:37.198Z",
    "user": null,
    "content_changed": false,
    "deleted": false,
    "page": 27,
    "revision": null
  }
},
{
  "model": "wagtailcore.pagelogentry",
  "pk": 83,
  "fields": {
    "content_type": [
      "blog",
      "postpage"
    ],
    "label": "yellow is the best colour, here's why",
    "action": "wagtail.publish",
    "data_json": "\"\"",
    "timestamp": "2021-10-22T10:49:37.199Z",
    "user": null,
    "content_changed": false,
    "deleted": false,
    "page": 27,
    "revision": null
  }
},
{
  "model": "wagtailcore.groupapprovaltask",
  "pk": 1,
  "fields": {
    "groups": [
      [
        "Moderators"
      ]
    ]
  }
},
{
  "model": "wagtailcore.grouppagepermission",
  "pk": 1,
  "fields": {
    "group": [
      "Moderators"
    ],
    "page": 1,
    "permission_type": "add"
  }
},
{
  "model": "wagtailcore.grouppagepermission",
  "pk": 2,
  "fields": {
    "group": [
      "Moderators"
    ],
    "page": 1,
    "permission_type": "edit"
  }
},
{
  "model": "wagtailcore.grouppagepermission",
  "pk": 3,
  "fields": {
    "group": [
      "Moderators"
    ],
    "page": 1,
    "permission_type": "publish"
  }
},
{
  "model": "wagtailcore.grouppagepermission",
  "pk": 4,
  "fields": {
    "group": [
      "Editors"
    ],
    "page": 1,
    "permission_type": "add"
  }
},
{
  "model": "wagtailcore.grouppagepermission",
  "pk": 5,
  "fields": {
    "group": [
      "Editors"
    ],
    "page": 1,
    "permission_type": "edit"
  }
},
{
  "model": "wagtailcore.grouppagepermission",
  "pk": 6,
  "fields": {
    "group": [
      "Moderators"
    ],
    "page": 1,
    "permission_type": "lock"
  }
},
{
  "model": "wagtailcore.grouppagepermission",
  "pk": 7,
  "fields": {
    "group": [
      "Moderators"
    ],
    "page": 1,
    "permission_type": "unlock"
  }
},
{
  "model": "wagtailcore.pagerevision",
  "pk": 1,
  "fields": {
    "page": 4,
    "submitted_for_moderation": false,
    "created_at": "2021-10-22T08:35:32.462Z",
    "user": [
      "admin"
    ],
    "content_json": "{\"pk\": 4, \"path\": \"00010001\", \"depth\": 2, \"numchild\": 0, \"translation_key\": \"1eb55bb3-4037-43b3-b0ea-df4832811190\", \"locale\": 1, \"title\": \"The Orange Brand Site\", \"draft_title\": \"The Orange Brand Site\", \"slug\": \"the-orange-brand-site\", \"content_type\": 15, \"live\": true, \"has_unpublished_changes\": false, \"url_path\": \"/the-orange-brand-site/\", \"owner\": 1, \"seo_title\": \"\", \"show_in_menus\": false, \"search_description\": \"\", \"go_live_at\": null, \"expire_at\": null, \"expired\": false, \"locked\": false, \"locked_at\": null, \"locked_by\": null, \"first_published_at\": null, \"last_published_at\": null, \"latest_revision_created_at\": null, \"live_revision\": null, \"alias_of\": null, \"main\": \"<p data-block-key=\\\"nqmp0\\\"> Lorem ipsum dolor sit amet, consectetur adipiscing elit. Vivamus nec mollis mauris. Suspendisse aliquet elit id elementum ultrices. In commodo dolor lorem, nec volutpat massa venenatis ac. Maecenas porta lectus libero, scelerisque rhoncus nunc feugiat at. Sed at odio vel tellus pharetra eleifend id at purus. Aenean vel laoreet lectus, vitae tristique ex. Mauris id urna nec lorem luctus laoreet eget luctus diam. Vivamus aliquet eleifend orci, quis interdum dui pretium in. Etiam malesuada imperdiet quam, vitae laoreet metus rhoncus ut. Nam augue enim, tincidunt id hendrerit nec, semper ut tellus. Fusce vehicula lobortis nibh, vitae euismod est. Morbi egestas, sem in condimentum convallis, nulla ante placerat dolor, vel lacinia justo lectus eget mi. </p>\", \"logo\": 1, \"blog_page\": null, \"about_page\": null, \"comments\": []}",
    "approved_go_live_at": null
  }
},
{
  "model": "wagtailcore.pagerevision",
  "pk": 2,
  "fields": {
    "page": 5,
    "submitted_for_moderation": false,
    "created_at": "2021-10-22T08:36:31.977Z",
    "user": [
      "admin"
    ],
    "content_json": "{\"pk\": 5, \"path\": \"000100010001\", \"depth\": 3, \"numchild\": 0, \"translation_key\": \"31f14692-b17b-4936-a266-6f80f6959583\", \"locale\": 1, \"title\": \"The Orange Brand Blog\", \"draft_title\": \"The Orange Brand Blog\", \"slug\": \"the-orange-brand-blog\", \"content_type\": 9, \"live\": true, \"has_unpublished_changes\": false, \"url_path\": \"/the-orange-brand-site/the-orange-brand-blog/\", \"owner\": 1, \"seo_title\": \"\", \"show_in_menus\": false, \"search_description\": \"\", \"go_live_at\": null, \"expire_at\": null, \"expired\": false, \"locked\": false, \"locked_at\": null, \"locked_by\": null, \"first_published_at\": null, \"last_published_at\": null, \"latest_revision_created_at\": null, \"live_revision\": null, \"alias_of\": null, \"description\": \"Blog for the Orange brand\", \"comments\": []}",
    "approved_go_live_at": null
  }
},
{
  "model": "wagtailcore.pagerevision",
  "pk": 3,
  "fields": {
    "page": 4,
    "submitted_for_moderation": false,
    "created_at": "2021-10-22T08:43:21.617Z",
    "user": [
      "admin"
    ],
    "content_json": "{\"pk\": 4, \"path\": \"00010001\", \"depth\": 2, \"numchild\": 1, \"translation_key\": \"1eb55bb3-4037-43b3-b0ea-df4832811190\", \"locale\": 1, \"title\": \"The Orange Brand Site\", \"draft_title\": \"The Orange Brand Site\", \"slug\": \"the-orange-brand-site\", \"content_type\": 15, \"live\": true, \"has_unpublished_changes\": false, \"url_path\": \"/the-orange-brand-site/\", \"owner\": 1, \"seo_title\": \"\", \"show_in_menus\": false, \"search_description\": \"\", \"go_live_at\": null, \"expire_at\": null, \"expired\": false, \"locked\": false, \"locked_at\": null, \"locked_by\": null, \"first_published_at\": \"2021-10-22T08:35:32.474Z\", \"last_published_at\": \"2021-10-22T08:35:32.474Z\", \"latest_revision_created_at\": \"2021-10-22T08:35:32.462Z\", \"live_revision\": 1, \"alias_of\": null, \"main\": \"<p data-block-key=\\\"nqmp0\\\">Lorem ipsum dolor sit amet, consectetur adipiscing elit. Vivamus nec mollis mauris. Suspendisse aliquet elit id elementum ultrices. In commodo dolor lorem, nec volutpat massa venenatis ac. Maecenas porta lectus libero, scelerisque rhoncus nunc feugiat at. Sed at odio vel tellus pharetra eleifend id at purus. Aenean vel laoreet lectus, vitae tristique ex. Mauris id urna nec lorem luctus laoreet eget luctus diam. Vivamus aliquet eleifend orci, quis interdum dui pretium in. Etiam malesuada imperdiet quam, vitae laoreet metus rhoncus ut. Nam augue enim, tincidunt id hendrerit nec, semper ut tellus. Fusce vehicula lobortis nibh, vitae euismod est. Morbi egestas, sem in condimentum convallis, nulla ante placerat dolor, vel lacinia justo lectus eget mi.</p>\", \"logo\": 1, \"blog_page\": 5, \"about_page\": null, \"comments\": []}",
    "approved_go_live_at": null
  }
},
{
  "model": "wagtailcore.pagerevision",
  "pk": 4,
  "fields": {
    "page": 6,
    "submitted_for_moderation": false,
    "created_at": "2021-10-22T08:51:51.011Z",
    "user": [
      "admin"
    ],
    "content_json": "{\"pk\": 6, \"path\": \"0001000100010001\", \"depth\": 4, \"numchild\": 0, \"translation_key\": \"8e189729-7afb-4530-826f-9d9713194002\", \"locale\": 1, \"title\": \"10 Facts about oranges you didn't know\", \"draft_title\": \"10 Facts about oranges you didn't know\", \"slug\": \"10-facts-about-oranges-you-didnt-know\", \"content_type\": 10, \"live\": false, \"has_unpublished_changes\": false, \"url_path\": \"/the-orange-brand-site/the-orange-brand-blog/10-facts-about-oranges-you-didnt-know/\", \"owner\": 1, \"seo_title\": \"\", \"show_in_menus\": false, \"search_description\": \"\", \"go_live_at\": null, \"expire_at\": null, \"expired\": false, \"locked\": false, \"locked_at\": null, \"locked_by\": null, \"first_published_at\": null, \"last_published_at\": null, \"latest_revision_created_at\": null, \"live_revision\": null, \"alias_of\": null, \"header_image\": 2, \"body\": \"[{\\\"type\\\": \\\"listicle\\\", \\\"value\\\": [{\\\"header\\\": \\\"Fact 1\\\", \\\"body\\\": \\\"<p data-block-key=\\\\\\\"3kw33\\\\\\\"> Lorem ipsum dolor sit amet, consectetur adipiscing elit. Vivamus nec mollis mauris. Suspendisse aliquet elit id elementum ultrices. In commodo dolor lorem, nec volutpat massa venenatis ac. Maecenas porta lectus libero, scelerisque rhoncus nunc feugiat at. Sed at odio vel tellus pharetra eleifend id at purus. Aenean vel laoreet lectus, vitae tristique ex. Mauris id urna nec lorem luctus laoreet eget luctus diam. Vivamus aliquet eleifend orci, quis interdum dui pretium in. Etiam malesuada imperdiet quam, vitae laoreet metus rhoncus ut. Nam augue enim, tincidunt id hendrerit nec, semper ut tellus. Fusce vehicula lobortis nibh, vitae euismod est. Morbi egestas, sem in condimentum convallis, nulla ante placerat dolor, vel lacinia justo lectus eget mi. </p>\\\"}, {\\\"header\\\": \\\"Did you know ....\\\", \\\"body\\\": \\\"<p data-block-key=\\\\\\\"9zwp5\\\\\\\"> Lorem ipsum dolor sit amet, consectetur adipiscing elit. Vivamus nec mollis mauris. Suspendisse aliquet elit id elementum ultrices. In commodo dolor lorem, nec volutpat massa venenatis ac. Maecenas porta lectus libero, scelerisque rhoncus nunc feugiat at. Sed at odio vel tellus pharetra eleifend id at purus. Aenean vel laoreet lectus, vitae tristique ex. Mauris id urna nec lorem luctus laoreet eget luctus diam. Vivamus aliquet eleifend orci, quis interdum dui pretium in. Etiam malesuada imperdiet quam, vitae laoreet metus rhoncus ut. Nam augue enim, tincidunt id hendrerit nec, semper ut tellus. Fusce vehicula lobortis nibh, vitae euismod est. Morbi egestas, sem in condimentum convallis, nulla ante placerat dolor, vel lacinia justo lectus eget mi. </p>\\\"}], \\\"id\\\": \\\"c0a908cf-f259-4d19-ad3a-b208fa91a04e\\\"}]\", \"comments\": [], \"categories\": [{\"pk\": 1, \"page\": 6, \"blog_category\": 1}], \"post_tags\": [{\"pk\": 1, \"tag\": 1, \"content_object\": 6}, {\"pk\": 2, \"tag\": 2, \"content_object\": 6}, {\"pk\": 3, \"tag\": 3, \"content_object\": 6}]}",
    "approved_go_live_at": null
  }
},
{
  "model": "wagtailcore.pagerevision",
  "pk": 5,
  "fields": {
    "page": 6,
    "submitted_for_moderation": false,
    "created_at": "2021-10-22T08:52:51.271Z",
    "user": [
      "admin"
    ],
    "content_json": "{\"pk\": 6, \"path\": \"0001000100010001\", \"depth\": 4, \"numchild\": 0, \"translation_key\": \"8e189729-7afb-4530-826f-9d9713194002\", \"locale\": 1, \"title\": \"10 Facts about oranges you didn't know\", \"draft_title\": \"10 Facts about oranges you didn't know\", \"slug\": \"10-facts-about-oranges-you-didnt-know\", \"content_type\": 10, \"live\": false, \"has_unpublished_changes\": true, \"url_path\": \"/the-orange-brand-site/the-orange-brand-blog/10-facts-about-oranges-you-didnt-know/\", \"owner\": 1, \"seo_title\": \"\", \"show_in_menus\": false, \"search_description\": \"\", \"go_live_at\": null, \"expire_at\": null, \"expired\": false, \"locked\": false, \"locked_at\": null, \"locked_by\": null, \"first_published_at\": null, \"last_published_at\": null, \"latest_revision_created_at\": \"2021-10-22T08:51:51.011Z\", \"live_revision\": null, \"alias_of\": null, \"header_image\": 2, \"body\": \"[{\\\"type\\\": \\\"listicle\\\", \\\"value\\\": [{\\\"header\\\": \\\"This one is great...\\\", \\\"body\\\": \\\"<p data-block-key=\\\\\\\"3kw33\\\\\\\">Lorem ipsum dolor sit amet, consectetur adipiscing elit. Vivamus nec mollis mauris. Suspendisse aliquet elit id elementum ultrices. In commodo dolor lorem, nec volutpat massa venenatis ac. Maecenas porta lectus libero, scelerisque rhoncus nunc feugiat at. Sed at odio vel tellus pharetra eleifend id at purus. Aenean vel laoreet lectus, vitae tristique ex. Mauris id urna nec lorem luctus laoreet eget luctus diam. Vivamus aliquet eleifend orci, quis interdum dui pretium in. Etiam malesuada imperdiet quam, vitae laoreet metus rhoncus ut. Nam augue enim, tincidunt id hendrerit nec, semper ut tellus. Fusce vehicula lobortis nibh, vitae euismod est. Morbi egestas, sem in condimentum convallis, nulla ante placerat dolor, vel lacinia justo lectus eget mi.</p>\\\"}, {\\\"header\\\": \\\"Did you know...\\\", \\\"body\\\": \\\"<p data-block-key=\\\\\\\"9zwp5\\\\\\\">Lorem ipsum dolor sit amet, consectetur adipiscing elit. Vivamus nec mollis mauris. Suspendisse aliquet elit id elementum ultrices. In commodo dolor lorem, nec volutpat massa venenatis ac. Maecenas porta lectus libero, scelerisque rhoncus nunc feugiat at. Sed at odio vel tellus pharetra eleifend id at purus. Aenean vel laoreet lectus, vitae tristique ex. Mauris id urna nec lorem luctus laoreet eget luctus diam. Vivamus aliquet eleifend orci, quis interdum dui pretium in. Etiam malesuada imperdiet quam, vitae laoreet metus rhoncus ut. Nam augue enim, tincidunt id hendrerit nec, semper ut tellus. Fusce vehicula lobortis nibh, vitae euismod est. Morbi egestas, sem in condimentum convallis, nulla ante placerat dolor, vel lacinia justo lectus eget mi.</p>\\\"}, {\\\"header\\\": \\\"I can't believe this...\\\", \\\"body\\\": \\\"<p data-block-key=\\\\\\\"tjsng\\\\\\\"> Lorem ipsum dolor sit amet, consectetur adipiscing elit. Vivamus nec mollis mauris. Suspendisse aliquet elit id elementum ultrices. In commodo dolor lorem, nec volutpat massa venenatis ac. Maecenas porta lectus libero, scelerisque rhoncus nunc feugiat at. Sed at odio vel tellus pharetra eleifend id at purus. Aenean vel laoreet lectus, vitae tristique ex. Mauris id urna nec lorem luctus laoreet eget luctus diam. Vivamus aliquet eleifend orci, quis interdum dui pretium in. Etiam malesuada imperdiet quam, vitae laoreet metus rhoncus ut. Nam augue enim, tincidunt id hendrerit nec, semper ut tellus. Fusce vehicula lobortis nibh, vitae euismod est. Morbi egestas, sem in condimentum convallis, nulla ante placerat dolor, vel lacinia justo lectus eget mi. </p>\\\"}], \\\"id\\\": \\\"c0a908cf-f259-4d19-ad3a-b208fa91a04e\\\"}]\", \"comments\": [], \"categories\": [{\"pk\": 1, \"page\": 6, \"blog_category\": 1}], \"post_tags\": [{\"pk\": null, \"tag\": 1, \"content_object\": 6}, {\"pk\": null, \"tag\": 2, \"content_object\": 6}, {\"pk\": null, \"tag\": 3, \"content_object\": 6}]}",
    "approved_go_live_at": null
  }
},
{
  "model": "wagtailcore.pagerevision",
  "pk": 6,
  "fields": {
    "page": 7,
    "submitted_for_moderation": false,
    "created_at": "2021-10-22T08:55:24.454Z",
    "user": [
      "admin"
    ],
    "content_json": "{\"pk\": 7, \"path\": \"0001000100010002\", \"depth\": 4, \"numchild\": 0, \"translation_key\": \"e72fa637-049a-4094-b4f0-5c42c327cbdd\", \"locale\": 1, \"title\": \"BREAKING: Orange found\", \"draft_title\": \"BREAKING: Orange found\", \"slug\": \"breaking-orange-found\", \"content_type\": 10, \"live\": true, \"has_unpublished_changes\": false, \"url_path\": \"/the-orange-brand-site/the-orange-brand-blog/breaking-orange-found/\", \"owner\": 1, \"seo_title\": \"\", \"show_in_menus\": false, \"search_description\": \"\", \"go_live_at\": null, \"expire_at\": null, \"expired\": false, \"locked\": false, \"locked_at\": null, \"locked_by\": null, \"first_published_at\": null, \"last_published_at\": null, \"latest_revision_created_at\": null, \"live_revision\": null, \"alias_of\": null, \"header_image\": 3, \"body\": \"[{\\\"type\\\": \\\"h1\\\", \\\"value\\\": \\\"BREAKING NEWS: Orange found after 3 days\\\", \\\"id\\\": \\\"1d48c80f-cd74-4d84-9a19-905c53b3e6f0\\\"}, {\\\"type\\\": \\\"image_carousel\\\", \\\"value\\\": [1, 2], \\\"id\\\": \\\"da2e4874-1082-4a50-b4e1-e49b895bde69\\\"}, {\\\"type\\\": \\\"paragraph\\\", \\\"value\\\": \\\"<p data-block-key=\\\\\\\"r0xe7\\\\\\\"> </p><p data-block-key=\\\\\\\"ceivj\\\\\\\">Lorem ipsum dolor sit amet, consectetur adipiscing elit. Vivamus nec mollis mauris. Suspendisse aliquet elit id elementum ultrices. In commodo dolor lorem, nec volutpat massa venenatis ac. Maecenas porta lectus libero, scelerisque rhoncus nunc feugiat at. Sed at odio vel tellus pharetra eleifend id at purus. Aenean vel laoreet lectus, vitae tristique ex. Mauris id urna nec lorem luctus laoreet eget luctus diam. Vivamus aliquet eleifend orci, quis interdum dui pretium in. Etiam malesuada imperdiet quam, vitae laoreet metus rhoncus ut. Nam augue enim, tincidunt id hendrerit nec, semper ut tellus. Fusce vehicula lobortis nibh, vitae euismod est. Morbi egestas, sem in condimentum convallis, nulla ante placerat dolor, vel lacinia justo lectus eget mi.</p><p data-block-key=\\\\\\\"6ofr\\\\\\\">Quisque eu tempor orci. Quisque accumsan lacus metus, vitae lobortis neque aliquet at. Maecenas gravida neque et lacus euismod ultricies. In vitae aliquet diam, suscipit convallis neque. Nullam consectetur auctor turpis, eget pellentesque erat maximus id. Vestibulum in consectetur elit, id auctor tortor. Nullam aliquet eros ante. Interdum et malesuada fames ac ante ipsum primis in faucibus. Vestibulum venenatis lectus in massa mollis, non tempus lorem varius. Integer odio turpis, malesuada ac lobortis non, pharetra a eros. Suspendisse nec velit efficitur, cursus lorem ac, porta magna. Integer sit amet elementum ex, quis fermentum leo. Curabitur at nisi eget nisi faucibus vulputate. Quisque vitae cursus felis, et tristique quam.</p><p data-block-key=\\\\\\\"ejldo\\\\\\\">Nulla at purus at nisi semper lacinia. Duis a pulvinar nisl, et vestibulum eros. Lorem ipsum dolor sit amet, consectetur adipiscing elit. Lorem ipsum dolor sit amet, consectetur adipiscing elit. Phasellus eu consectetur dui. In nec ipsum accumsan ligula varius pretium vitae eu neque. Fusce rhoncus diam id quam fermentum lacinia. Mauris id ante dapibus, convallis purus eget, interdum orci. Etiam feugiat fermentum massa, at venenatis enim ultricies ac. Proin a suscipit mi. Duis dictum odio et maximus tempus. Proin ultricies nec tellus a commodo. Maecenas accumsan ex mi, sed auctor libero venenatis sit amet.</p>\\\", \\\"id\\\": \\\"e7108218-cc76-4e1d-bd42-c1f1e50b133c\\\"}]\", \"comments\": [], \"categories\": [{\"pk\": 2, \"page\": 7, \"blog_category\": 1}], \"post_tags\": [{\"pk\": 7, \"tag\": 1, \"content_object\": 7}, {\"pk\": 8, \"tag\": 5, \"content_object\": 7}, {\"pk\": 9, \"tag\": 6, \"content_object\": 7}, {\"pk\": 10, \"tag\": 7, \"content_object\": 7}]}",
    "approved_go_live_at": null
  }
},
{
  "model": "wagtailcore.pagerevision",
  "pk": 7,
  "fields": {
    "page": 7,
    "submitted_for_moderation": false,
    "created_at": "2021-10-22T08:55:51.174Z",
    "user": [
      "admin"
    ],
    "content_json": "{\"pk\": 7, \"path\": \"0001000100010002\", \"depth\": 4, \"numchild\": 0, \"translation_key\": \"e72fa637-049a-4094-b4f0-5c42c327cbdd\", \"locale\": 1, \"title\": \"BREAKING: Orange found after 3 days\", \"draft_title\": \"BREAKING: Orange found\", \"slug\": \"breaking-orange-found\", \"content_type\": 10, \"live\": true, \"has_unpublished_changes\": false, \"url_path\": \"/the-orange-brand-site/the-orange-brand-blog/breaking-orange-found/\", \"owner\": 1, \"seo_title\": \"\", \"show_in_menus\": false, \"search_description\": \"\", \"go_live_at\": null, \"expire_at\": null, \"expired\": false, \"locked\": false, \"locked_at\": null, \"locked_by\": null, \"first_published_at\": \"2021-10-22T08:55:24.477Z\", \"last_published_at\": \"2021-10-22T08:55:24.477Z\", \"latest_revision_created_at\": \"2021-10-22T08:55:24.454Z\", \"live_revision\": 6, \"alias_of\": null, \"header_image\": 3, \"body\": \"[{\\\"type\\\": \\\"h1\\\", \\\"value\\\": \\\"BREAKING NEWS: Orange found after 3 days\\\", \\\"id\\\": \\\"1d48c80f-cd74-4d84-9a19-905c53b3e6f0\\\"}, {\\\"type\\\": \\\"image_carousel\\\", \\\"value\\\": [1, 2], \\\"id\\\": \\\"da2e4874-1082-4a50-b4e1-e49b895bde69\\\"}, {\\\"type\\\": \\\"paragraph\\\", \\\"value\\\": \\\"<p data-block-key=\\\\\\\"r0xe7\\\\\\\"></p><p data-block-key=\\\\\\\"ceivj\\\\\\\">Lorem ipsum dolor sit amet, consectetur adipiscing elit. Vivamus nec mollis mauris. Suspendisse aliquet elit id elementum ultrices. In commodo dolor lorem, nec volutpat massa venenatis ac. Maecenas porta lectus libero, scelerisque rhoncus nunc feugiat at. Sed at odio vel tellus pharetra eleifend id at purus. Aenean vel laoreet lectus, vitae tristique ex. Mauris id urna nec lorem luctus laoreet eget luctus diam. Vivamus aliquet eleifend orci, quis interdum dui pretium in. Etiam malesuada imperdiet quam, vitae laoreet metus rhoncus ut. Nam augue enim, tincidunt id hendrerit nec, semper ut tellus. Fusce vehicula lobortis nibh, vitae euismod est. Morbi egestas, sem in condimentum convallis, nulla ante placerat dolor, vel lacinia justo lectus eget mi.</p><p data-block-key=\\\\\\\"6ofr\\\\\\\">Quisque eu tempor orci. Quisque accumsan lacus metus, vitae lobortis neque aliquet at. Maecenas gravida neque et lacus euismod ultricies. In vitae aliquet diam, suscipit convallis neque. Nullam consectetur auctor turpis, eget pellentesque erat maximus id. Vestibulum in consectetur elit, id auctor tortor. Nullam aliquet eros ante. Interdum et malesuada fames ac ante ipsum primis in faucibus. Vestibulum venenatis lectus in massa mollis, non tempus lorem varius. Integer odio turpis, malesuada ac lobortis non, pharetra a eros. Suspendisse nec velit efficitur, cursus lorem ac, porta magna. Integer sit amet elementum ex, quis fermentum leo. Curabitur at nisi eget nisi faucibus vulputate. Quisque vitae cursus felis, et tristique quam.</p><p data-block-key=\\\\\\\"ejldo\\\\\\\">Nulla at purus at nisi semper lacinia. Duis a pulvinar nisl, et vestibulum eros. Lorem ipsum dolor sit amet, consectetur adipiscing elit. Lorem ipsum dolor sit amet, consectetur adipiscing elit. Phasellus eu consectetur dui. In nec ipsum accumsan ligula varius pretium vitae eu neque. Fusce rhoncus diam id quam fermentum lacinia. Mauris id ante dapibus, convallis purus eget, interdum orci. Etiam feugiat fermentum massa, at venenatis enim ultricies ac. Proin a suscipit mi. Duis dictum odio et maximus tempus. Proin ultricies nec tellus a commodo. Maecenas accumsan ex mi, sed auctor libero venenatis sit amet.</p>\\\", \\\"id\\\": \\\"e7108218-cc76-4e1d-bd42-c1f1e50b133c\\\"}]\", \"comments\": [], \"categories\": [{\"pk\": 2, \"page\": 7, \"blog_category\": 1}], \"post_tags\": [{\"pk\": null, \"tag\": 1, \"content_object\": 7}, {\"pk\": null, \"tag\": 5, \"content_object\": 7}, {\"pk\": null, \"tag\": 6, \"content_object\": 7}, {\"pk\": null, \"tag\": 7, \"content_object\": 7}]}",
    "approved_go_live_at": null
  }
},
{
  "model": "wagtailcore.pagerevision",
  "pk": 8,
  "fields": {
    "page": 7,
    "submitted_for_moderation": false,
    "created_at": "2021-10-22T08:56:10.080Z",
    "user": [
      "admin"
    ],
    "content_json": "{\"pk\": 7, \"path\": \"0001000100010002\", \"depth\": 4, \"numchild\": 0, \"translation_key\": \"e72fa637-049a-4094-b4f0-5c42c327cbdd\", \"locale\": 1, \"title\": \"BREAKING: Orange found after 3 days\", \"draft_title\": \"BREAKING: Orange found after 3 days\", \"slug\": \"breaking-orange-found\", \"content_type\": 10, \"live\": true, \"has_unpublished_changes\": false, \"url_path\": \"/the-orange-brand-site/the-orange-brand-blog/breaking-orange-found/\", \"owner\": 1, \"seo_title\": \"\", \"show_in_menus\": false, \"search_description\": \"\", \"go_live_at\": null, \"expire_at\": null, \"expired\": false, \"locked\": false, \"locked_at\": null, \"locked_by\": null, \"first_published_at\": \"2021-10-22T08:55:24.477Z\", \"last_published_at\": \"2021-10-22T08:55:51.197Z\", \"latest_revision_created_at\": \"2021-10-22T08:55:51.174Z\", \"live_revision\": 7, \"alias_of\": null, \"header_image\": 3, \"body\": \"[{\\\"type\\\": \\\"paragraph\\\", \\\"value\\\": \\\"<p data-block-key=\\\\\\\"iqcdn\\\\\\\"> </p><p data-block-key=\\\\\\\"a9v3s\\\\\\\">Lorem ipsum dolor sit amet, consectetur adipiscing elit. Vivamus nec mollis mauris. Suspendisse aliquet elit id elementum ultrices. In commodo dolor lorem, nec volutpat massa venenatis ac. Maecenas porta lectus libero, scelerisque rhoncus nunc feugiat at. Sed at odio vel tellus pharetra eleifend id at purus. Aenean vel laoreet lectus, vitae tristique ex. Mauris id urna nec lorem luctus laoreet eget luctus diam. Vivamus aliquet eleifend orci, quis interdum dui pretium in. Etiam malesuada imperdiet quam, vitae laoreet metus rhoncus ut. Nam augue enim, tincidunt id hendrerit nec, semper ut tellus. Fusce vehicula lobortis nibh, vitae euismod est. Morbi egestas, sem in condimentum convallis, nulla ante placerat dolor, vel lacinia justo lectus eget mi.</p>\\\", \\\"id\\\": \\\"e1eb1a66-1d8c-460d-b4ca-6ec2d79df0df\\\"}, {\\\"type\\\": \\\"image_carousel\\\", \\\"value\\\": [1, 2], \\\"id\\\": \\\"da2e4874-1082-4a50-b4e1-e49b895bde69\\\"}, {\\\"type\\\": \\\"paragraph\\\", \\\"value\\\": \\\"<p data-block-key=\\\\\\\"r0xe7\\\\\\\"></p><p data-block-key=\\\\\\\"ceivj\\\\\\\">Lorem ipsum dolor sit amet, consectetur adipiscing elit. Vivamus nec mollis mauris. Suspendisse aliquet elit id elementum ultrices. In commodo dolor lorem, nec volutpat massa venenatis ac. Maecenas porta lectus libero, scelerisque rhoncus nunc feugiat at. Sed at odio vel tellus pharetra eleifend id at purus. Aenean vel laoreet lectus, vitae tristique ex. Mauris id urna nec lorem luctus laoreet eget luctus diam. Vivamus aliquet eleifend orci, quis interdum dui pretium in. Etiam malesuada imperdiet quam, vitae laoreet metus rhoncus ut. Nam augue enim, tincidunt id hendrerit nec, semper ut tellus. Fusce vehicula lobortis nibh, vitae euismod est. Morbi egestas, sem in condimentum convallis, nulla ante placerat dolor, vel lacinia justo lectus eget mi.</p><p data-block-key=\\\\\\\"6ofr\\\\\\\">Quisque eu tempor orci. Quisque accumsan lacus metus, vitae lobortis neque aliquet at. Maecenas gravida neque et lacus euismod ultricies. In vitae aliquet diam, suscipit convallis neque. Nullam consectetur auctor turpis, eget pellentesque erat maximus id. Vestibulum in consectetur elit, id auctor tortor. Nullam aliquet eros ante. Interdum et malesuada fames ac ante ipsum primis in faucibus. Vestibulum venenatis lectus in massa mollis, non tempus lorem varius. Integer odio turpis, malesuada ac lobortis non, pharetra a eros. Suspendisse nec velit efficitur, cursus lorem ac, porta magna. Integer sit amet elementum ex, quis fermentum leo. Curabitur at nisi eget nisi faucibus vulputate. Quisque vitae cursus felis, et tristique quam.</p><p data-block-key=\\\\\\\"ejldo\\\\\\\">Nulla at purus at nisi semper lacinia. Duis a pulvinar nisl, et vestibulum eros. Lorem ipsum dolor sit amet, consectetur adipiscing elit. Lorem ipsum dolor sit amet, consectetur adipiscing elit. Phasellus eu consectetur dui. In nec ipsum accumsan ligula varius pretium vitae eu neque. Fusce rhoncus diam id quam fermentum lacinia. Mauris id ante dapibus, convallis purus eget, interdum orci. Etiam feugiat fermentum massa, at venenatis enim ultricies ac. Proin a suscipit mi. Duis dictum odio et maximus tempus. Proin ultricies nec tellus a commodo. Maecenas accumsan ex mi, sed auctor libero venenatis sit amet.</p>\\\", \\\"id\\\": \\\"e7108218-cc76-4e1d-bd42-c1f1e50b133c\\\"}]\", \"comments\": [], \"categories\": [{\"pk\": 2, \"page\": 7, \"blog_category\": 1}], \"post_tags\": [{\"pk\": null, \"tag\": 1, \"content_object\": 7}, {\"pk\": null, \"tag\": 5, \"content_object\": 7}, {\"pk\": null, \"tag\": 6, \"content_object\": 7}, {\"pk\": null, \"tag\": 7, \"content_object\": 7}]}",
    "approved_go_live_at": null
  }
},
{
  "model": "wagtailcore.pagerevision",
  "pk": 9,
  "fields": {
    "page": 8,
    "submitted_for_moderation": false,
    "created_at": "2021-10-22T09:00:57.061Z",
    "user": [
      "admin"
    ],
    "content_json": "{\"pk\": 8, \"path\": \"0001000100010003\", \"depth\": 4, \"numchild\": 0, \"translation_key\": \"4d3c2006-d823-4132-be53-48300547dfdb\", \"locale\": 1, \"title\": \"Want to know more about oranges?\", \"draft_title\": \"Want to know more about oranges?\", \"slug\": \"want-to-know-more-about-oranges\", \"content_type\": 10, \"live\": true, \"has_unpublished_changes\": false, \"url_path\": \"/the-orange-brand-site/the-orange-brand-blog/want-to-know-more-about-oranges/\", \"owner\": 1, \"seo_title\": \"\", \"show_in_menus\": false, \"search_description\": \"\", \"go_live_at\": null, \"expire_at\": null, \"expired\": false, \"locked\": false, \"locked_at\": null, \"locked_by\": null, \"first_published_at\": null, \"last_published_at\": null, \"latest_revision_created_at\": null, \"live_revision\": null, \"alias_of\": null, \"header_image\": 4, \"body\": \"[{\\\"type\\\": \\\"paragraph\\\", \\\"value\\\": \\\"<p data-block-key=\\\\\\\"s4ahx\\\\\\\"> </p><p data-block-key=\\\\\\\"1ck1h\\\\\\\">Lorem ipsum dolor sit amet, consectetur adipiscing elit. Vivamus nec mollis mauris. Suspendisse aliquet elit id elementum ultrices. In commodo dolor lorem, nec volutpat massa venenatis ac. Maecenas porta lectus libero, scelerisque rhoncus nunc feugiat at. Sed at odio vel tellus pharetra eleifend id at purus. Aenean vel laoreet lectus, vitae tristique ex. Mauris id urna nec lorem luctus laoreet eget luctus diam. Vivamus aliquet eleifend orci, quis interdum dui pretium in. Etiam malesuada imperdiet quam, vitae laoreet metus rhoncus ut. Nam augue enim, tincidunt id hendrerit nec, semper ut tellus. Fusce vehicula lobortis nibh, vitae euismod est. Morbi egestas, sem in condimentum convallis, nulla ante placerat dolor, vel lacinia justo lectus eget mi.</p><p data-block-key=\\\\\\\"cuga5\\\\\\\">Quisque eu tempor orci. Quisque accumsan lacus metus, vitae lobortis neque aliquet at. Maecenas gravida neque et lacus euismod ultricies. In vitae aliquet diam, suscipit convallis neque. Nullam consectetur auctor turpis, eget pellentesque erat maximus id. Vestibulum in consectetur elit, id auctor tortor. Nullam aliquet eros ante. Interdum et malesuada fames ac ante ipsum primis in faucibus. Vestibulum venenatis lectus in massa mollis, non tempus lorem varius. Integer odio turpis, malesuada ac lobortis non, pharetra a eros. Suspendisse nec velit efficitur, cursus lorem ac, porta magna. Integer sit amet elementum ex, quis fermentum leo. Curabitur at nisi eget nisi faucibus vulputate. Quisque vitae cursus felis, et tristique quam.</p>\\\", \\\"id\\\": \\\"bd3bc460-1759-4de4-a797-f26058e82a5e\\\"}, {\\\"type\\\": \\\"cta\\\", \\\"value\\\": {\\\"title\\\": \\\"Want to know more?\\\", \\\"text\\\": \\\"<p data-block-key=\\\\\\\"ghn1s\\\\\\\"> </p><p data-block-key=\\\\\\\"7hv68\\\\\\\">Lorem ipsum dolor sit amet, consectetur adipiscing elit. Vivamus nec mollis mauris. Suspendisse aliquet elit id elementum ultrices. In commodo dolor lorem, nec volutpat massa venenatis ac.</p>\\\", \\\"button_page\\\": 4, \\\"button_url\\\": \\\"\\\", \\\"button_text\\\": \\\"Learn More\\\"}, \\\"id\\\": \\\"dd7b9604-4f85-43b1-a33d-eee3d28c65a7\\\"}]\", \"comments\": [], \"categories\": [{\"pk\": 3, \"page\": 8, \"blog_category\": 1}], \"post_tags\": [{\"pk\": 19, \"tag\": 8, \"content_object\": 8}, {\"pk\": 20, \"tag\": 1, \"content_object\": 8}, {\"pk\": 21, \"tag\": 3, \"content_object\": 8}]}",
    "approved_go_live_at": null
  }
},
{
  "model": "wagtailcore.pagerevision",
  "pk": 10,
  "fields": {
    "page": 8,
    "submitted_for_moderation": false,
    "created_at": "2021-10-22T09:01:17.193Z",
    "user": [
      "admin"
    ],
    "content_json": "{\"pk\": 8, \"path\": \"0001000100010003\", \"depth\": 4, \"numchild\": 0, \"translation_key\": \"4d3c2006-d823-4132-be53-48300547dfdb\", \"locale\": 1, \"title\": \"Want to know more about oranges?\", \"draft_title\": \"Want to know more about oranges?\", \"slug\": \"want-to-know-more-about-oranges\", \"content_type\": 10, \"live\": true, \"has_unpublished_changes\": false, \"url_path\": \"/the-orange-brand-site/the-orange-brand-blog/want-to-know-more-about-oranges/\", \"owner\": 1, \"seo_title\": \"\", \"show_in_menus\": false, \"search_description\": \"\", \"go_live_at\": null, \"expire_at\": null, \"expired\": false, \"locked\": false, \"locked_at\": null, \"locked_by\": null, \"first_published_at\": \"2021-10-22T09:00:57.082Z\", \"last_published_at\": \"2021-10-22T09:00:57.082Z\", \"latest_revision_created_at\": \"2021-10-22T09:00:57.061Z\", \"live_revision\": 9, \"alias_of\": null, \"header_image\": 4, \"body\": \"[{\\\"type\\\": \\\"paragraph\\\", \\\"value\\\": \\\"<p data-block-key=\\\\\\\"s4ahx\\\\\\\"></p><p data-block-key=\\\\\\\"1ck1h\\\\\\\">Lorem ipsum dolor sit amet, consectetur adipiscing elit. Vivamus nec mollis mauris. Suspendisse aliquet elit id elementum ultrices. In commodo dolor lorem, nec volutpat massa venenatis ac. Maecenas porta lectus libero, scelerisque rhoncus nunc feugiat at. Sed at odio vel tellus pharetra eleifend id at purus. Aenean vel laoreet lectus, vitae tristique ex. Mauris id urna nec lorem luctus laoreet eget luctus diam. Vivamus aliquet eleifend orci, quis interdum dui pretium in. Etiam malesuada imperdiet quam, vitae laoreet metus rhoncus ut. Nam augue enim, tincidunt id hendrerit nec, semper ut tellus. Fusce vehicula lobortis nibh, vitae euismod est. Morbi egestas, sem in condimentum convallis, nulla ante placerat dolor, vel lacinia justo lectus eget mi.</p><p data-block-key=\\\\\\\"cuga5\\\\\\\">Quisque eu tempor orci. Quisque accumsan lacus metus, vitae lobortis neque aliquet at. Maecenas gravida neque et lacus euismod ultricies. In vitae aliquet diam, suscipit convallis neque. Nullam consectetur auctor turpis, eget pellentesque erat maximus id. Vestibulum in consectetur elit, id auctor tortor. Nullam aliquet eros ante. Interdum et malesuada fames ac ante ipsum primis in faucibus. Vestibulum venenatis lectus in massa mollis, non tempus lorem varius. Integer odio turpis, malesuada ac lobortis non, pharetra a eros. Suspendisse nec velit efficitur, cursus lorem ac, porta magna. Integer sit amet elementum ex, quis fermentum leo. Curabitur at nisi eget nisi faucibus vulputate. Quisque vitae cursus felis, et tristique quam.</p>\\\", \\\"id\\\": \\\"bd3bc460-1759-4de4-a797-f26058e82a5e\\\"}, {\\\"type\\\": \\\"cta\\\", \\\"value\\\": {\\\"title\\\": \\\"Want to know more?\\\", \\\"text\\\": \\\"<p data-block-key=\\\\\\\"ghn1s\\\\\\\"></p><p data-block-key=\\\\\\\"7hv68\\\\\\\">Lorem ipsum dolor sit amet, consectetur adipiscing elit. Vivamus nec mollis mauris. Suspendisse aliquet elit id elementum ultrices. In commodo dolor lorem, nec volutpat massa venenatis ac.</p>\\\", \\\"button_page\\\": null, \\\"button_url\\\": \\\"http://www.google.com\\\", \\\"button_text\\\": \\\"Learn More\\\"}, \\\"id\\\": \\\"dd7b9604-4f85-43b1-a33d-eee3d28c65a7\\\"}]\", \"comments\": [], \"categories\": [{\"pk\": 3, \"page\": 8, \"blog_category\": 1}], \"post_tags\": [{\"pk\": null, \"tag\": 8, \"content_object\": 8}, {\"pk\": null, \"tag\": 1, \"content_object\": 8}, {\"pk\": null, \"tag\": 3, \"content_object\": 8}]}",
    "approved_go_live_at": null
  }
},
{
  "model": "wagtailcore.pagerevision",
  "pk": 11,
  "fields": {
    "page": 9,
    "submitted_for_moderation": false,
    "created_at": "2021-10-22T09:17:19.283Z",
    "user": [
      "admin"
    ],
    "content_json": "{\"pk\": 9, \"path\": \"000100010002\", \"depth\": 3, \"numchild\": 0, \"translation_key\": \"5ca71006-13db-4500-b914-afd9357b09b9\", \"locale\": 1, \"title\": \"Orange About Page\", \"draft_title\": \"Orange About Page\", \"slug\": \"orange-about-page\", \"content_type\": 64, \"live\": true, \"has_unpublished_changes\": false, \"url_path\": \"/the-orange-brand-site/orange-about-page/\", \"owner\": 1, \"seo_title\": \"\", \"show_in_menus\": false, \"search_description\": \"\", \"go_live_at\": null, \"expire_at\": null, \"expired\": false, \"locked\": false, \"locked_at\": null, \"locked_by\": null, \"first_published_at\": null, \"last_published_at\": null, \"latest_revision_created_at\": null, \"live_revision\": null, \"alias_of\": null, \"main\": \"<p data-block-key=\\\"nj4zz\\\"> </p><p data-block-key=\\\"e885t\\\">Lorem ipsum dolor sit amet, consectetur adipiscing elit. Vivamus nec mollis mauris. Suspendisse aliquet elit id elementum ultrices. In commodo dolor lorem, nec volutpat massa venenatis ac. Maecenas porta lectus libero, scelerisque rhoncus nunc feugiat at. Sed at odio vel tellus pharetra eleifend id at purus. Aenean vel laoreet lectus, vitae tristique ex. Mauris id urna nec lorem luctus laoreet eget luctus diam. Vivamus aliquet eleifend orci, quis interdum dui pretium in. Etiam malesuada imperdiet quam, vitae laoreet metus rhoncus ut. Nam augue enim, tincidunt id hendrerit nec, semper ut tellus. Fusce vehicula lobortis nibh, vitae euismod est. Morbi egestas, sem in condimentum convallis, nulla ante placerat dolor, vel lacinia justo lectus eget mi.</p><p data-block-key=\\\"ack6\\\">Quisque eu tempor orci. <b>Quisque accumsan lacus metus, vitae lobortis neque aliquet at. Maecenas gravida neque et lacus euismod ultricies.</b> In vitae aliquet diam, suscipit convallis neque. Nullam consectetur auctor turpis, eget pellentesque erat maximus id. Vestibulum in consectetur elit, id auctor tortor. Nullam aliquet eros ante. Interdum et malesuada fames ac ante ipsum primis in faucibus. Vestibulum venenatis lectus in massa mollis, non tempus lorem varius. Integer odio turpis, malesuada ac lobortis non, pharetra a eros. Suspendisse nec velit efficitur, cursus lorem ac, porta magna. Integer sit amet elementum ex, quis fermentum leo. Curabitur at nisi eget nisi faucibus vulputate. Quisque vitae cursus felis, et tristique quam.</p><p data-block-key=\\\"8l7qc\\\">Nulla at purus at nisi semper lacinia. Duis a pulvinar nisl, et vestibulum eros. Lorem ipsum dolor sit amet, consectetur adipiscing elit. Lorem ipsum dolor sit amet, consectetur adipiscing elit. Phasellus eu consectetur dui. In nec ipsum accumsan ligula varius pretium vitae eu neque. Fusce rhoncus diam id quam fermentum lacinia. Mauris id ante dapibus, convallis purus eget, interdum orci. Etiam feugiat fermentum massa, at venenatis enim ultricies ac. Proin a suscipit mi. Duis dictum odio et maximus tempus. <b>Proin ultricies nec tellus a commodo. Maecenas accumsan ex mi, sed auctor libero venenatis sit amet.</b></p><p data-block-key=\\\"88jkm\\\">Aliquam et semper lacus. Praesent ullamcorper, lectus et egestas auctor, lacus purus ultricies erat, eu commodo augue nibh a ipsum. Fusce ex purus, maximus at pulvinar ac, aliquam bibendum nisl. Proin eget molestie quam. Praesent lacinia ultricies condimentum. Ut ornare sem quis odio imperdiet porttitor. Vestibulum imperdiet facilisis metus, in sodales arcu fringilla at. Proin suscipit quam quis molestie facilisis. Curabitur porta, urna a auctor pulvinar, ipsum mauris dictum leo, ut rhoncus urna neque a enim. Curabitur consectetur purus sit amet finibus blandit.</p><p data-block-key=\\\"9splh\\\">Cras egestas nulla non quam finibus aliquam. Morbi eget tortor eget neque bibendum hendrerit. Phasellus aliquam, ipsum sed feugiat lobortis, mi risus maximus purus, non mattis mi enim sed nisi. In egestas vulputate volutpat. Proin lobortis nibh a tortor posuere semper a in augue. Curabitur in tortor dui. Aliquam iaculis fermentum euismod. Morbi accumsan est in nibh tempor, sed interdum nisi pulvinar. Aliquam elementum, diam ac rhoncus semper, urna mauris tincidunt augue, et gravida leo dolor ornare libero. Donec eget auctor metus, at elementum ex. Aliquam vitae blandit nisl, at venenatis leo. Cras scelerisque nunc id risus maximus, vel hendrerit ante auctor. Integer vitae blandit leo. Aenean dapibus nunc orci, non fringilla sem aliquam sit amet. Praesent et orci sed justo volutpat sollicitudin. Vestibulum ac dolor est.</p>\", \"blog_page\": 5, \"comments\": []}",
    "approved_go_live_at": null
  }
},
{
  "model": "wagtailcore.pagerevision",
  "pk": 12,
  "fields": {
    "page": 9,
    "submitted_for_moderation": false,
    "created_at": "2021-10-22T09:17:38.618Z",
    "user": [
      "admin"
    ],
    "content_json": "{\"pk\": 9, \"path\": \"000100010002\", \"depth\": 3, \"numchild\": 0, \"translation_key\": \"5ca71006-13db-4500-b914-afd9357b09b9\", \"locale\": 1, \"title\": \"Orange About Page\", \"draft_title\": \"Orange About Page\", \"slug\": \"orange-about-page\", \"content_type\": 64, \"live\": true, \"has_unpublished_changes\": false, \"url_path\": \"/the-orange-brand-site/orange-about-page/\", \"owner\": 1, \"seo_title\": \"\", \"show_in_menus\": false, \"search_description\": \"\", \"go_live_at\": null, \"expire_at\": null, \"expired\": false, \"locked\": false, \"locked_at\": null, \"locked_by\": null, \"first_published_at\": \"2021-10-22T09:17:19.297Z\", \"last_published_at\": \"2021-10-22T09:17:19.297Z\", \"latest_revision_created_at\": \"2021-10-22T09:17:19.283Z\", \"live_revision\": 11, \"alias_of\": null, \"main\": \"<p data-block-key=\\\"nj4zz\\\"></p><p data-block-key=\\\"e885t\\\">Lorem ipsum dolor sit amet, consectetur adipiscing elit. Vivamus nec mollis mauris. Suspendisse aliquet elit id elementum ultrices. In commodo dolor lorem, nec volutpat massa venenatis ac. Maecenas porta lectus libero, scelerisque rhoncus nunc feugiat at. Sed at odio vel tellus pharetra eleifend id at purus. Aenean vel laoreet lectus, vitae tristique ex. Mauris id urna nec lorem luctus laoreet eget luctus diam. Vivamus aliquet eleifend orci, quis interdum dui pretium in. Etiam malesuada imperdiet quam, vitae laoreet metus rhoncus ut. Nam augue enim, tincidunt id hendrerit nec, semper ut tellus. Fusce vehicula lobortis nibh, vitae euismod est. Morbi egestas, sem in condimentum convallis, nulla ante placerat dolor, vel lacinia justo lectus eget mi.</p><p data-block-key=\\\"ack6\\\">Quisque eu tempor orci. <b>Quisque accumsan lacus metus, vitae lobortis neque aliquet at. Maecenas gravida neque et lacus euismod ultricies.</b> In vitae aliquet diam, suscipit convallis neque. Nullam consectetur auctor turpis, eget pellentesque erat maximus id. Vestibulum in consectetur elit, id auctor tortor. Nullam aliquet eros ante. Interdum et malesuada fames ac ante ipsum primis in faucibus. Vestibulum venenatis lectus in massa mollis, non tempus lorem varius. Integer odio turpis, malesuada ac lobortis non, pharetra a eros. Suspendisse nec velit efficitur, cursus lorem ac, porta magna. Integer sit amet elementum ex, quis fermentum leo. Curabitur at nisi eget nisi faucibus vulputate. Quisque vitae cursus felis, et tristique quam.</p><p data-block-key=\\\"8l7qc\\\">Nulla at purus at nisi semper lacinia. Duis a pulvinar nisl, et vestibulum eros. Lorem ipsum dolor sit amet, consectetur adipiscing elit. Lorem ipsum dolor sit amet, consectetur adipiscing elit. Phasellus eu consectetur dui. In nec ipsum accumsan ligula varius pretium vitae eu neque. Fusce rhoncus diam id quam fermentum lacinia. Mauris id ante dapibus, convallis purus eget, interdum orci. Etiam feugiat fermentum massa, at venenatis enim ultricies ac. Proin a suscipit mi. Duis dictum odio et maximus tempus. <b>Proin ultricies nec tellus a commodo. Maecenas accumsan ex mi, sed auctor libero venenatis sit amet.</b></p><p data-block-key=\\\"88jkm\\\">Aliquam et semper lacus. Praesent ullamcorper, lectus et egestas auctor, lacus purus ultricies erat, eu commodo augue nibh a ipsum. Fusce ex purus, maximus at pulvinar ac, aliquam bibendum nisl. Proin eget molestie quam. Praesent lacinia ultricies condimentum. Ut ornare sem quis odio imperdiet porttitor. Vestibulum imperdiet facilisis metus, in sodales arcu fringilla at. Proin suscipit quam quis molestie facilisis. Curabitur porta, urna a auctor pulvinar, ipsum mauris dictum leo, ut rhoncus urna neque a enim. Curabitur consectetur purus sit amet finibus blandit.</p><p data-block-key=\\\"9splh\\\">Cras egestas nulla non quam finibus aliquam. Morbi eget tortor eget neque bibendum hendrerit. Phasellus aliquam, ipsum sed feugiat lobortis, mi risus maximus purus, non mattis mi enim sed nisi. In egestas vulputate volutpat. Proin lobortis nibh a tortor posuere semper a in augue. Curabitur in tortor dui. Aliquam iaculis fermentum euismod. Morbi accumsan est in nibh tempor, sed interdum nisi pulvinar.</p>\", \"blog_page\": 5, \"comments\": []}",
    "approved_go_live_at": null
  }
},
{
  "model": "wagtailcore.pagerevision",
  "pk": 13,
  "fields": {
    "page": 9,
    "submitted_for_moderation": false,
    "created_at": "2021-10-22T09:17:50.251Z",
    "user": [
      "admin"
    ],
    "content_json": "{\"pk\": 9, \"path\": \"000100010002\", \"depth\": 3, \"numchild\": 0, \"translation_key\": \"5ca71006-13db-4500-b914-afd9357b09b9\", \"locale\": 1, \"title\": \"Orange About Page\", \"draft_title\": \"Orange About Page\", \"slug\": \"orange-about-page\", \"content_type\": 64, \"live\": true, \"has_unpublished_changes\": false, \"url_path\": \"/the-orange-brand-site/orange-about-page/\", \"owner\": 1, \"seo_title\": \"\", \"show_in_menus\": false, \"search_description\": \"\", \"go_live_at\": null, \"expire_at\": null, \"expired\": false, \"locked\": false, \"locked_at\": null, \"locked_by\": null, \"first_published_at\": \"2021-10-22T09:17:19.297Z\", \"last_published_at\": \"2021-10-22T09:17:38.637Z\", \"latest_revision_created_at\": \"2021-10-22T09:17:38.618Z\", \"live_revision\": 12, \"alias_of\": null, \"main\": \"<p data-block-key=\\\"nj4zz\\\"></p><p data-block-key=\\\"e885t\\\">Lorem ipsum dolor sit amet, consectetur adipiscing elit. Vivamus nec mollis mauris. Suspendisse aliquet elit id elementum ultrices. In commodo dolor lorem, nec volutpat massa venenatis ac. Maecenas porta lectus libero, scelerisque rhoncus nunc feugiat at. Sed at odio vel tellus pharetra eleifend id at purus. Aenean vel laoreet lectus, vitae tristique ex. Mauris id urna nec lorem luctus laoreet eget luctus diam. Vivamus aliquet eleifend orci, quis interdum dui pretium in. Etiam malesuada imperdiet quam, vitae laoreet metus rhoncus ut. Nam augue enim, tincidunt id hendrerit nec, semper ut tellus. Fusce vehicula lobortis nibh, vitae euismod est. Morbi egestas, sem in condimentum convallis, nulla ante placerat dolor, vel lacinia justo lectus eget mi.</p><p data-block-key=\\\"ack6\\\">Quisque eu tempor orci. <b>Quisque accumsan lacus metus, vitae lobortis neque aliquet at. Maecenas gravida neque et lacus euismod ultricies.</b> In vitae aliquet diam, suscipit convallis neque. Nullam consectetur auctor turpis, eget pellentesque erat maximus id. Vestibulum in consectetur elit, id auctor tortor. Nullam aliquet eros ante. Interdum et malesuada fames ac ante ipsum primis in faucibus. Vestibulum venenatis lectus in massa mollis, non tempus lorem varius. Integer odio turpis, malesuada ac lobortis non, pharetra a eros. Suspendisse nec velit efficitur, cursus lorem ac, porta magna. Integer sit amet elementum ex, quis fermentum leo. Curabitur at nisi eget nisi faucibus vulputate. Quisque vitae cursus felis, et tristique quam.</p><p data-block-key=\\\"8l7qc\\\">Nulla at purus at nisi semper lacinia. Duis a pulvinar nisl, et vestibulum eros. Lorem ipsum dolor sit amet, consectetur adipiscing elit. Lorem ipsum dolor sit amet, consectetur adipiscing elit. Phasellus eu consectetur dui. In nec ipsum accumsan ligula varius pretium vitae eu neque. Fusce rhoncus diam id quam fermentum lacinia. Mauris id ante dapibus, convallis purus eget, interdum orci. Etiam feugiat fermentum massa, at venenatis enim ultricies ac. Proin a suscipit mi. Duis dictum odio et maximus tempus. <b>Proin ultricies nec tellus a commodo. Maecenas accumsan ex mi, sed auctor libero venenatis sit amet.</b></p><p data-block-key=\\\"88jkm\\\">Aliquam et semper lacus. Praesent ullamcorper, lectus et egestas auctor, lacus purus ultricies erat, eu commodo augue nibh a ipsum. Fusce ex purus, maximus at pulvinar ac, aliquam bibendum nisl. Proin eget molestie quam. Praesent lacinia ultricies condimentum. Ut ornare sem quis odio imperdiet porttitor. Vestibulum imperdiet facilisis metus, in sodales arcu fringilla at. Proin suscipit quam quis molestie facilisis. Curabitur porta, urna a auctor pulvinar, ipsum mauris dictum leo, ut rhoncus urna neque a enim. Curabitur consectetur purus sit amet finibus blandit.</p>\", \"blog_page\": 5, \"comments\": []}",
    "approved_go_live_at": null
  }
},
{
  "model": "wagtailcore.pagerevision",
  "pk": 14,
  "fields": {
    "page": 4,
    "submitted_for_moderation": false,
    "created_at": "2021-10-22T09:18:43.023Z",
    "user": [
      "admin"
    ],
    "content_json": "{\"pk\": 4, \"path\": \"00010001\", \"depth\": 2, \"numchild\": 2, \"translation_key\": \"1eb55bb3-4037-43b3-b0ea-df4832811190\", \"locale\": 1, \"title\": \"The Orange Brand Site\", \"draft_title\": \"The Orange Brand Site\", \"slug\": \"the-orange-brand-site\", \"content_type\": 15, \"live\": true, \"has_unpublished_changes\": false, \"url_path\": \"/the-orange-brand-site/\", \"owner\": 1, \"seo_title\": \"\", \"show_in_menus\": false, \"search_description\": \"\", \"go_live_at\": null, \"expire_at\": null, \"expired\": false, \"locked\": false, \"locked_at\": null, \"locked_by\": null, \"first_published_at\": \"2021-10-22T08:35:32.474Z\", \"last_published_at\": \"2021-10-22T08:43:21.637Z\", \"latest_revision_created_at\": \"2021-10-22T08:43:21.617Z\", \"live_revision\": 3, \"alias_of\": null, \"main\": \"<p data-block-key=\\\"nqmp0\\\">Lorem ipsum dolor sit amet, consectetur adipiscing elit. Vivamus nec mollis mauris. Suspendisse aliquet elit id elementum ultrices. In commodo dolor lorem, nec volutpat massa venenatis ac. Maecenas porta lectus libero, scelerisque rhoncus nunc feugiat at. Sed at odio vel tellus pharetra eleifend id at purus. Aenean vel laoreet lectus, vitae tristique ex. Mauris id urna nec lorem luctus laoreet eget luctus diam. Vivamus aliquet eleifend orci, quis interdum dui pretium in. Etiam malesuada imperdiet quam, vitae laoreet metus rhoncus ut. Nam augue enim, tincidunt id hendrerit nec, semper ut tellus. Fusce vehicula lobortis nibh, vitae euismod est. Morbi egestas, sem in condimentum convallis, nulla ante placerat dolor, vel lacinia justo lectus eget mi.</p>\", \"logo\": 1, \"blog_page\": 5, \"about_page\": 9, \"comments\": []}",
    "approved_go_live_at": null
  }
},
{
  "model": "wagtailcore.pagerevision",
  "pk": 15,
  "fields": {
    "page": 10,
    "submitted_for_moderation": false,
    "created_at": "2021-10-22T09:24:29.873Z",
    "user": [
      "admin"
    ],
    "content_json": "{\"pk\": 10, \"path\": \"00010002\", \"depth\": 2, \"numchild\": 0, \"translation_key\": \"7788ec90-bc16-4745-bffe-96d8a5bebd55\", \"locale\": 1, \"title\": \"The Yellow Brand Site\", \"draft_title\": \"The Yellow Brand Site\", \"slug\": \"the-yellow-brand-site\", \"content_type\": 15, \"live\": true, \"has_unpublished_changes\": false, \"url_path\": \"/the-yellow-brand-site/\", \"owner\": 1, \"seo_title\": \"\", \"show_in_menus\": false, \"search_description\": \"\", \"go_live_at\": null, \"expire_at\": null, \"expired\": false, \"locked\": false, \"locked_at\": null, \"locked_by\": null, \"first_published_at\": null, \"last_published_at\": null, \"latest_revision_created_at\": null, \"live_revision\": null, \"alias_of\": null, \"main\": \"<p data-block-key=\\\"yyiqr\\\"> </p><p data-block-key=\\\"cgr8i\\\"><b>Pellentesque tristique leo nulla, elementum imperdiet justo lacinia ac</b>. Sed pharetra, lectus ut vestibulum lacinia, enim felis consectetur massa, vitae venenatis erat arcu vel tellus. Phasellus aliquet lorem consectetur leo tincidunt, viverra egestas erat lacinia. Integer dignissim lorem semper ullamcorper tincidunt. Aenean eros turpis, tincidunt ac mi sed, ultrices volutpat nunc. Donec metus leo, consectetur ac consequat eget, ornare at tellus. Sed non urna id elit accumsan volutpat nec sed justo. Proin viverra quis neque sed rhoncus. Maecenas in purus luctus, porta felis non, feugiat eros. Donec ut arcu in orci condimentum vulputate. Vivamus nec posuere lectus, at egestas turpis. Aenean odio nisi, sagittis ut eros a, sodales posuere felis.</p><p data-block-key=\\\"b86ec\\\">Mauris blandit ornare elit non ornare. Nullam vestibulum justo dignissim, malesuada ante vel, sagittis lorem. Interdum et malesuada fames ac ante ipsum primis in faucibus. Mauris feugiat nulla turpis, in rhoncus sapien semper vel. Phasellus rutrum faucibus lacinia. Praesent mauris augue, dictum eget ultrices sed, vestibulum a magna. In scelerisque tortor placerat, interdum tortor id, auctor mi. In tempus sem ex, sed consequat ante egestas quis. Nulla a commodo erat. Curabitur non condimentum neque, et ultrices ex. Donec porta magna non porta aliquam. Quisque cursus vulputate eleifend. Suspendisse a laoreet lorem, et sollicitudin lorem. Sed ipsum tortor, accumsan a bibendum et, euismod a ex. In quis mattis sem.</p>\", \"logo\": 5, \"blog_page\": null, \"about_page\": null, \"comments\": []}",
    "approved_go_live_at": null
  }
},
{
  "model": "wagtailcore.pagerevision",
  "pk": 16,
  "fields": {
    "page": 11,
    "submitted_for_moderation": false,
    "created_at": "2021-10-22T09:27:02.494Z",
    "user": [
      "admin"
    ],
    "content_json": "{\"pk\": 11, \"path\": \"000100020001\", \"depth\": 3, \"numchild\": 0, \"translation_key\": \"27edb1cc-39c1-4ca7-a530-ce2766e5e36b\", \"locale\": 1, \"title\": \"The Yellow Brand About Page\", \"draft_title\": \"The Yellow Brand About Page\", \"slug\": \"the-yellow-brand-about-page\", \"content_type\": 64, \"live\": true, \"has_unpublished_changes\": false, \"url_path\": \"/the-yellow-brand-site/the-yellow-brand-about-page/\", \"owner\": 1, \"seo_title\": \"\", \"show_in_menus\": false, \"search_description\": \"\", \"go_live_at\": null, \"expire_at\": null, \"expired\": false, \"locked\": false, \"locked_at\": null, \"locked_by\": null, \"first_published_at\": null, \"last_published_at\": null, \"latest_revision_created_at\": null, \"live_revision\": null, \"alias_of\": null, \"main\": \"<p data-block-key=\\\"xzpp2\\\"> </p><p data-block-key=\\\"fo0nn\\\">Nunc imperdiet ac est ut pretium. Ut a magna tristique, aliquet est nec, cursus tellus. Class aptent taciti sociosqu ad litora torquent per conubia nostra, per inceptos himenaeos. Nunc vitae porta nulla. Proin risus tortor, ullamcorper sed justo sit amet, porta dignissim felis. Interdum et malesuada fames ac ante ipsum primis in faucibus. Nam nec nulla sem. Nullam elementum est sit amet mattis consectetur. Suspendisse potenti. Suspendisse vulputate pellentesque erat ac ornare. Donec vehicula mauris non tempus pretium.</p><p data-block-key=\\\"fr34k\\\">Nulla facilisi. Donec dignissim nulla non eros scelerisque, at consectetur dolor molestie. Mauris eros orci, egestas in lacinia quis, pharetra eu ante. Morbi sed dapibus nisi, in vestibulum nisi. Praesent sed convallis lacus. Vestibulum ante ipsum primis in faucibus orci luctus et ultrices posuere cubilia curae; Vestibulum vestibulum pretium nisi, pharetra tempus leo dictum et. Praesent et condimentum nulla. In semper, libero ut consequat bibendum, turpis risus tempor mi, in elementum lectus quam vitae mauris. Cras in arcu ante. Nam efficitur pellentesque felis. Proin vitae mattis diam, sit amet placerat mi. Nullam at mauris tellus.</p><p data-block-key=\\\"d52hb\\\">Sed vulputate purus at ante tristique, id dignissim lorem pellentesque. Etiam luctus lorem vel tortor imperdiet sodales. Vestibulum vel blandit augue, vel faucibus orci. Curabitur laoreet feugiat enim. Maecenas congue lectus nibh, et molestie nibh suscipit nec. Suspendisse facilisis vulputate ex, at egestas nisi porttitor a. Duis et feugiat arcu. Etiam ac rhoncus lacus.</p>\", \"blog_page\": null, \"comments\": []}",
    "approved_go_live_at": null
  }
},
{
  "model": "wagtailcore.pagerevision",
  "pk": 17,
  "fields": {
    "page": 12,
    "submitted_for_moderation": false,
    "created_at": "2021-10-22T09:27:14.972Z",
    "user": [
      "admin"
    ],
    "content_json": "{\"pk\": 12, \"path\": \"000100020002\", \"depth\": 3, \"numchild\": 0, \"translation_key\": \"c2170cf2-8c37-4172-8d21-5f6f07d63237\", \"locale\": 1, \"title\": \"The Yellow Brand Blog Page\", \"draft_title\": \"The Yellow Brand Blog Page\", \"slug\": \"the-yellow-brand-blog-page\", \"content_type\": 9, \"live\": true, \"has_unpublished_changes\": false, \"url_path\": \"/the-yellow-brand-site/the-yellow-brand-blog-page/\", \"owner\": 1, \"seo_title\": \"\", \"show_in_menus\": false, \"search_description\": \"\", \"go_live_at\": null, \"expire_at\": null, \"expired\": false, \"locked\": false, \"locked_at\": null, \"locked_by\": null, \"first_published_at\": null, \"last_published_at\": null, \"latest_revision_created_at\": null, \"live_revision\": null, \"alias_of\": null, \"description\": \"\", \"comments\": []}",
    "approved_go_live_at": null
  }
},
{
  "model": "wagtailcore.pagerevision",
  "pk": 18,
  "fields": {
    "page": 10,
    "submitted_for_moderation": false,
    "created_at": "2021-10-22T10:00:34.034Z",
    "user": [
      "admin"
    ],
    "content_json": "{\"pk\": 10, \"path\": \"00010002\", \"depth\": 2, \"numchild\": 2, \"translation_key\": \"7788ec90-bc16-4745-bffe-96d8a5bebd55\", \"locale\": 1, \"title\": \"The Yellow Brand Site\", \"draft_title\": \"The Yellow Brand Site\", \"slug\": \"the-yellow-brand-site\", \"content_type\": 15, \"live\": true, \"has_unpublished_changes\": false, \"url_path\": \"/the-yellow-brand-site/\", \"owner\": 1, \"seo_title\": \"\", \"show_in_menus\": false, \"search_description\": \"\", \"go_live_at\": null, \"expire_at\": null, \"expired\": false, \"locked\": false, \"locked_at\": null, \"locked_by\": null, \"first_published_at\": \"2021-10-22T09:24:29.886Z\", \"last_published_at\": \"2021-10-22T09:24:29.886Z\", \"latest_revision_created_at\": \"2021-10-22T09:24:29.873Z\", \"live_revision\": 15, \"alias_of\": null, \"main\": \"<p data-block-key=\\\"yyiqr\\\"></p><p data-block-key=\\\"cgr8i\\\"><b>Pellentesque tristique leo nulla, elementum imperdiet justo lacinia ac</b>. Sed pharetra, lectus ut vestibulum lacinia, enim felis consectetur massa, vitae venenatis erat arcu vel tellus. Phasellus aliquet lorem consectetur leo tincidunt, viverra egestas erat lacinia. Integer dignissim lorem semper ullamcorper tincidunt. Aenean eros turpis, tincidunt ac mi sed, ultrices volutpat nunc. Donec metus leo, consectetur ac consequat eget, ornare at tellus. Sed non urna id elit accumsan volutpat nec sed justo. Proin viverra quis neque sed rhoncus. Maecenas in purus luctus, porta felis non, feugiat eros. Donec ut arcu in orci condimentum vulputate. Vivamus nec posuere lectus, at egestas turpis. Aenean odio nisi, sagittis ut eros a, sodales posuere felis.</p><p data-block-key=\\\"b86ec\\\">Mauris blandit ornare elit non ornare. Nullam vestibulum justo dignissim, malesuada ante vel, sagittis lorem. Interdum et malesuada fames ac ante ipsum primis in faucibus. Mauris feugiat nulla turpis, in rhoncus sapien semper vel. Phasellus rutrum faucibus lacinia. Praesent mauris augue, dictum eget ultrices sed, vestibulum a magna. In scelerisque tortor placerat, interdum tortor id, auctor mi. In tempus sem ex, sed consequat ante egestas quis. Nulla a commodo erat. Curabitur non condimentum neque, et ultrices ex. Donec porta magna non porta aliquam. Quisque cursus vulputate eleifend. Suspendisse a laoreet lorem, et sollicitudin lorem. Sed ipsum tortor, accumsan a bibendum et, euismod a ex. In quis mattis sem.</p>\", \"logo\": 5, \"blog_page\": 12, \"about_page\": 11, \"comments\": []}",
    "approved_go_live_at": null
  }
},
{
  "model": "wagtailcore.pagerevision",
  "pk": 19,
  "fields": {
    "page": 13,
    "submitted_for_moderation": false,
    "created_at": "2021-10-22T10:03:38.047Z",
    "user": [
      "admin"
    ],
    "content_json": "{\"pk\": 13, \"path\": \"0001000200020001\", \"depth\": 4, \"numchild\": 0, \"translation_key\": \"aa879a58-a326-4d30-9f7d-fb5332633b23\", \"locale\": 1, \"title\": \"Check out these facts!\", \"draft_title\": \"Check out these facts!\", \"slug\": \"check-out-these-facts\", \"content_type\": 10, \"live\": true, \"has_unpublished_changes\": false, \"url_path\": \"/the-yellow-brand-site/the-yellow-brand-blog-page/check-out-these-facts/\", \"owner\": 1, \"seo_title\": \"\", \"show_in_menus\": false, \"search_description\": \"\", \"go_live_at\": null, \"expire_at\": null, \"expired\": false, \"locked\": false, \"locked_at\": null, \"locked_by\": null, \"first_published_at\": null, \"last_published_at\": null, \"latest_revision_created_at\": null, \"live_revision\": null, \"alias_of\": null, \"header_image\": 6, \"body\": \"[{\\\"type\\\": \\\"listicle\\\", \\\"value\\\": [{\\\"header\\\": \\\"Facts\\\", \\\"body\\\": \\\"<p data-block-key=\\\\\\\"p12ke\\\\\\\"> Pellentesque tristique leo nulla, elementum imperdiet justo lacinia ac. Sed pharetra, lectus ut vestibulum lacinia, enim felis consectetur massa, vitae venenatis erat arcu vel tellus. Phasellus aliquet lorem consectetur leo tincidunt, viverra egestas erat lacinia. Integer dignissim lorem semper ullamcorper tincidunt. Aenean eros turpis, tincidunt ac mi sed, ultrices volutpat nunc. Donec metus leo, consectetur ac consequat eget, ornare at tellus. Sed non urna id elit accumsan volutpat nec sed justo. Proin viverra quis neque sed rhoncus. Maecenas in purus luctus, porta felis non, feugiat eros. Donec ut arcu in orci condimentum vulputate. Vivamus nec posuere lectus, at egestas turpis. Aenean odio nisi, sagittis ut eros a, sodales posuere felis. </p>\\\"}, {\\\"header\\\": \\\"I didn't know this\\\", \\\"body\\\": \\\"<p data-block-key=\\\\\\\"p6aqi\\\\\\\"> Pellentesque tristique leo nulla, elementum imperdiet justo lacinia ac. Sed pharetra, lectus ut vestibulum lacinia, enim felis consectetur massa, vitae venenatis erat arcu vel tellus. Phasellus aliquet lorem consectetur leo tincidunt, viverra egestas erat lacinia. Integer dignissim lorem semper ullamcorper tincidunt. Aenean eros turpis, tincidunt ac mi sed, ultrices volutpat nunc. Donec metus leo, consectetur ac consequat eget, ornare at tellus. Sed non urna id elit accumsan volutpat nec sed justo. Proin viverra quis neque sed rhoncus. Maecenas in purus luctus, porta felis non, feugiat eros. Donec ut arcu in orci condimentum vulputate. Vivamus nec posuere lectus, at egestas turpis. Aenean odio nisi, sagittis ut eros a, sodales posuere felis. </p>\\\"}, {\\\"header\\\": \\\"I can't believe this...\\\", \\\"body\\\": \\\"<p data-block-key=\\\\\\\"p6aqi\\\\\\\"> Pellentesque tristique leo nulla, elementum imperdiet justo lacinia ac. Sed pharetra, lectus ut vestibulum lacinia, enim felis consectetur massa, vitae venenatis erat arcu vel tellus. Phasellus aliquet lorem consectetur leo tincidunt, viverra egestas erat lacinia. Integer dignissim lorem semper ullamcorper tincidunt. Aenean eros turpis, tincidunt ac mi sed, ultrices volutpat nunc. Donec metus leo, consectetur ac consequat eget, ornare at tellus. Sed non urna id elit accumsan volutpat nec sed justo. Proin viverra quis neque sed rhoncus. Maecenas in purus luctus, porta felis non, feugiat eros. Donec ut arcu in orci condimentum vulputate. Vivamus nec posuere lectus, at egestas turpis. Aenean odio nisi, sagittis ut eros a, sodales posuere felis. </p>\\\"}], \\\"id\\\": \\\"ddfbcfed-451b-469b-baaf-ecc7c3c03ce0\\\"}]\", \"comments\": [], \"categories\": [{\"pk\": 4, \"page\": 13, \"blog_category\": 2}], \"post_tags\": [{\"pk\": 25, \"tag\": 1, \"content_object\": 13}, {\"pk\": 26, \"tag\": 10, \"content_object\": 13}, {\"pk\": 27, \"tag\": 9, \"content_object\": 13}]}",
    "approved_go_live_at": null
  }
},
{
  "model": "wagtailcore.pagerevision",
  "pk": 20,
  "fields": {
    "page": 14,
    "submitted_for_moderation": false,
    "created_at": "2021-10-22T10:05:05.344Z",
    "user": [
      "admin"
    ],
    "content_json": "{\"pk\": 14, \"path\": \"0001000200020002\", \"depth\": 4, \"numchild\": 0, \"translation_key\": \"3b3be50f-93df-4d43-b2ce-420f67a523a5\", \"locale\": 1, \"title\": \"What is yellow?\", \"draft_title\": \"What is yellow?\", \"slug\": \"what-is-yellow\", \"content_type\": 10, \"live\": true, \"has_unpublished_changes\": false, \"url_path\": \"/the-yellow-brand-site/the-yellow-brand-blog-page/what-is-yellow/\", \"owner\": 1, \"seo_title\": \"\", \"show_in_menus\": false, \"search_description\": \"\", \"go_live_at\": null, \"expire_at\": null, \"expired\": false, \"locked\": false, \"locked_at\": null, \"locked_by\": null, \"first_published_at\": null, \"last_published_at\": null, \"latest_revision_created_at\": null, \"live_revision\": null, \"alias_of\": null, \"header_image\": 7, \"body\": \"[{\\\"type\\\": \\\"paragraph\\\", \\\"value\\\": \\\"<p data-block-key=\\\\\\\"37pya\\\\\\\"> </p><p data-block-key=\\\\\\\"ahv5b\\\\\\\">Mauris blandit ornare elit non ornare. Nullam vestibulum justo dignissim, malesuada ante vel, sagittis lorem. Interdum et malesuada fames ac ante ipsum primis in faucibus. Mauris feugiat nulla turpis, in rhoncus sapien semper vel. Phasellus rutrum faucibus lacinia. Praesent mauris augue, dictum eget ultrices sed, vestibulum a magna. In scelerisque tortor placerat, interdum tortor id, auctor mi. In tempus sem ex, sed consequat ante egestas quis. Nulla a commodo erat. Curabitur non condimentum neque, et ultrices ex. Donec porta magna non porta aliquam. Quisque cursus vulputate eleifend. Suspendisse a laoreet lorem, et sollicitudin lorem. Sed ipsum tortor, accumsan a bibendum et, euismod a ex. In quis mattis sem.</p><p data-block-key=\\\\\\\"bqe3c\\\\\\\">Nunc imperdiet ac est ut pretium. Ut a magna tristique, aliquet est nec, cursus tellus. Class aptent taciti sociosqu ad litora torquent per conubia nostra, per inceptos himenaeos. Nunc vitae porta nulla. Proin risus tortor, ullamcorper sed justo sit amet, porta dignissim felis. Interdum et malesuada fames ac ante ipsum primis in faucibus. Nam nec nulla sem. Nullam elementum est sit amet mattis consectetur. Suspendisse potenti. Suspendisse vulputate pellentesque erat ac ornare. Donec vehicula mauris non tempus pretium.</p><p data-block-key=\\\\\\\"f0mjn\\\\\\\">Nulla facilisi. Donec dignissim nulla non eros scelerisque, at consectetur dolor molestie. Mauris eros orci, egestas in lacinia quis, pharetra eu ante. Morbi sed dapibus nisi, in vestibulum nisi. Praesent sed convallis lacus. Vestibulum ante ipsum primis in faucibus orci luctus et ultrices posuere cubilia curae; Vestibulum vestibulum pretium nisi, pharetra tempus leo dictum et. Praesent et condimentum nulla. In semper, libero ut consequat bibendum, turpis risus tempor mi, in elementum lectus quam vitae mauris. Cras in arcu ante. Nam efficitur pellentesque felis. Proin vitae mattis diam, sit amet placerat mi. Nullam at mauris tellus.</p>\\\", \\\"id\\\": \\\"74c2142d-053b-487f-8a32-1ca0ac472a7e\\\"}]\", \"comments\": [], \"categories\": [{\"pk\": 5, \"page\": 14, \"blog_category\": 2}], \"post_tags\": [{\"pk\": 28, \"tag\": 12, \"content_object\": 14}, {\"pk\": 29, \"tag\": 14, \"content_object\": 14}, {\"pk\": 30, \"tag\": 15, \"content_object\": 14}]}",
    "approved_go_live_at": null
  }
},
{
  "model": "wagtailcore.pagerevision",
  "pk": 21,
  "fields": {
    "page": 14,
    "submitted_for_moderation": false,
    "created_at": "2021-10-22T10:05:39.474Z",
    "user": [
      "admin"
    ],
    "content_json": "{\"pk\": 14, \"path\": \"0001000200020002\", \"depth\": 4, \"numchild\": 0, \"translation_key\": \"3b3be50f-93df-4d43-b2ce-420f67a523a5\", \"locale\": 1, \"title\": \"What is yellow?\", \"draft_title\": \"What is yellow?\", \"slug\": \"what-is-yellow\", \"content_type\": 10, \"live\": true, \"has_unpublished_changes\": false, \"url_path\": \"/the-yellow-brand-site/the-yellow-brand-blog-page/what-is-yellow/\", \"owner\": 1, \"seo_title\": \"\", \"show_in_menus\": false, \"search_description\": \"\", \"go_live_at\": null, \"expire_at\": null, \"expired\": false, \"locked\": false, \"locked_at\": null, \"locked_by\": null, \"first_published_at\": \"2021-10-22T10:05:05.362Z\", \"last_published_at\": \"2021-10-22T10:05:05.362Z\", \"latest_revision_created_at\": \"2021-10-22T10:05:05.344Z\", \"live_revision\": 20, \"alias_of\": null, \"header_image\": 7, \"body\": \"[{\\\"type\\\": \\\"paragraph\\\", \\\"value\\\": \\\"<p data-block-key=\\\\\\\"4zkn5\\\\\\\">Nulla facilisi. Donec dignissim nulla non eros scelerisque, at consectetur dolor molestie. Mauris eros orci, egestas in lacinia quis, pharetra eu ante. Morbi sed dapibus nisi, in vestibulum nisi. Praesent sed convallis lacus. Vestibulum ante ipsum primis in faucibus orci luctus et ultrices posuere cubilia curae; Vestibulum vestibulum pretium nisi, pharetra tempus leo dictum et. Praesent et condimentum nulla. In semper, libero ut consequat bibendum, turpis risus tempor mi, in elementum lectus quam vitae mauris. Cras in arcu ante. Nam efficitur pellentesque felis. Proin vitae mattis diam, sit amet placerat mi. Nullam at mauris tellus.</p>\\\", \\\"id\\\": \\\"71a6fce8-94fb-4190-a229-bb650937176c\\\"}, {\\\"type\\\": \\\"image_text\\\", \\\"value\\\": {\\\"reverse\\\": false, \\\"text\\\": \\\"<p data-block-key=\\\\\\\"b289p\\\\\\\"> </p><p data-block-key=\\\\\\\"duhn3\\\\\\\">Mauris blandit ornare elit non ornare. Nullam vestibulum justo dignissim, malesuada ante vel, sagittis lorem. Interdum et malesuada fames ac ante ipsum primis in faucibus. Mauris feugiat nulla turpis, in rhoncus sapien semper vel. Phasellus rutrum faucibus lacinia.</p>\\\", \\\"image\\\": 5}, \\\"id\\\": \\\"37d6624f-d8c8-4fa9-8c7c-e33361fc716b\\\"}, {\\\"type\\\": \\\"paragraph\\\", \\\"value\\\": \\\"<p data-block-key=\\\\\\\"37pya\\\\\\\"></p><p data-block-key=\\\\\\\"ahv5b\\\\\\\">Mauris blandit ornare elit non ornare. Nullam vestibulum justo dignissim, malesuada ante vel, sagittis lorem. Interdum et malesuada fames ac ante ipsum primis in faucibus. Mauris feugiat nulla turpis, in rhoncus sapien semper vel. Phasellus rutrum faucibus lacinia. Praesent mauris augue, dictum eget ultrices sed, vestibulum a magna. In scelerisque tortor placerat, interdum tortor id, auctor mi. In tempus sem ex, sed consequat ante egestas quis. Nulla a commodo erat. Curabitur non condimentum neque, et ultrices ex. Donec porta magna non porta aliquam. Quisque cursus vulputate eleifend. Suspendisse a laoreet lorem, et sollicitudin lorem. Sed ipsum tortor, accumsan a bibendum et, euismod a ex. In quis mattis sem.</p><p data-block-key=\\\\\\\"bqe3c\\\\\\\">Nunc imperdiet ac est ut pretium. Ut a magna tristique, aliquet est nec, cursus tellus. Class aptent taciti sociosqu ad litora torquent per conubia nostra, per inceptos himenaeos. Nunc vitae porta nulla. Proin risus tortor, ullamcorper sed justo sit amet, porta dignissim felis. Interdum et malesuada fames ac ante ipsum primis in faucibus. Nam nec nulla sem. Nullam elementum est sit amet mattis consectetur. Suspendisse potenti. Suspendisse vulputate pellentesque erat ac ornare. Donec vehicula mauris non tempus pretium.</p><p data-block-key=\\\\\\\"f0mjn\\\\\\\">Nulla facilisi. Donec dignissim nulla non eros scelerisque, at consectetur dolor molestie. Mauris eros orci, egestas in lacinia quis, pharetra eu ante. Morbi sed dapibus nisi, in vestibulum nisi. Praesent sed convallis lacus. Vestibulum ante ipsum primis in faucibus orci luctus et ultrices posuere cubilia curae; Vestibulum vestibulum pretium nisi, pharetra tempus leo dictum et. Praesent et condimentum nulla. In semper, libero ut consequat bibendum, turpis risus tempor mi, in elementum lectus quam vitae mauris. Cras in arcu ante. Nam efficitur pellentesque felis. Proin vitae mattis diam, sit amet placerat mi. Nullam at mauris tellus.</p>\\\", \\\"id\\\": \\\"74c2142d-053b-487f-8a32-1ca0ac472a7e\\\"}]\", \"comments\": [], \"categories\": [{\"pk\": 5, \"page\": 14, \"blog_category\": 2}], \"post_tags\": [{\"pk\": null, \"tag\": 12, \"content_object\": 14}, {\"pk\": null, \"tag\": 14, \"content_object\": 14}, {\"pk\": null, \"tag\": 15, \"content_object\": 14}]}",
    "approved_go_live_at": null
  }
},
{
  "model": "wagtailcore.pagerevision",
  "pk": 22,
  "fields": {
    "page": 15,
    "submitted_for_moderation": false,
    "created_at": "2021-10-22T10:48:03.122Z",
    "user": [
      "admin"
    ],
    "content_json": "{\"pk\": 15, \"path\": \"0001000200020003\", \"depth\": 4, \"numchild\": 0, \"translation_key\": \"04bc4f7f-b284-43b3-b7a3-bb44f4a48f21\", \"locale\": 1, \"title\": \"yellow is the best colour, here's why\", \"draft_title\": \"yellow is the best colour, here's why\", \"slug\": \"yellow-is-the-best-colour-heres-why\", \"content_type\": 10, \"live\": true, \"has_unpublished_changes\": false, \"url_path\": \"/the-yellow-brand-site/the-yellow-brand-blog-page/yellow-is-the-best-colour-heres-why/\", \"owner\": 1, \"seo_title\": \"\", \"show_in_menus\": false, \"search_description\": \"\", \"go_live_at\": null, \"expire_at\": null, \"expired\": false, \"locked\": false, \"locked_at\": null, \"locked_by\": null, \"first_published_at\": null, \"last_published_at\": null, \"latest_revision_created_at\": null, \"live_revision\": null, \"alias_of\": null, \"header_image\": 8, \"body\": \"[{\\\"type\\\": \\\"paragraph\\\", \\\"value\\\": \\\"<p data-block-key=\\\\\\\"zb25d\\\\\\\"> </p><p data-block-key=\\\\\\\"7cueq\\\\\\\">Phasellus in diam neque. Pellentesque habitant morbi tristique senectus et netus et malesuada fames ac turpis egestas. Donec at tellus sed massa commodo sodales. Sed risus ipsum, volutpat sit amet scelerisque vitae, ullamcorper a purus. Donec sit amet nibh convallis, malesuada lectus et, ultricies velit. Cras efficitur elementum eros in dapibus. Sed ut mauris sed libero suscipit malesuada et at felis. Vivamus sit amet accumsan justo, sed ornare ex.</p><p data-block-key=\\\\\\\"9kbo1\\\\\\\">Pellentesque tristique leo nulla, elementum imperdiet justo lacinia ac. Sed pharetra, lectus ut vestibulum lacinia, enim felis consectetur massa, vitae venenatis erat arcu vel tellus. Phasellus aliquet lorem consectetur leo tincidunt, viverra egestas erat lacinia. Integer dignissim lorem semper ullamcorper tincidunt. Aenean eros turpis, tincidunt ac mi sed, ultrices volutpat nunc. Donec metus leo, consectetur ac consequat eget, ornare at tellus. Sed non urna id elit accumsan volutpat nec sed justo. Proin viverra quis neque sed rhoncus. Maecenas in purus luctus, porta felis non, feugiat eros. Donec ut arcu in orci condimentum vulputate. Vivamus nec posuere lectus, at egestas turpis. Aenean odio nisi, sagittis ut eros a, sodales posuere felis.</p><p data-block-key=\\\\\\\"ckluq\\\\\\\">Mauris blandit ornare elit non ornare. Nullam vestibulum justo dignissim, malesuada ante vel, sagittis lorem. Interdum et malesuada fames ac ante ipsum primis in faucibus. Mauris feugiat nulla turpis, in rhoncus sapien semper vel. Phasellus rutrum faucibus lacinia. Praesent mauris augue, dictum eget ultrices sed, vestibulum a magna. In scelerisque tortor placerat, interdum tortor id, auctor mi. In tempus sem ex, sed consequat ante egestas quis. Nulla a commodo erat. Curabitur non condimentum neque, et ultrices ex. Donec porta magna non porta aliquam. Quisque cursus vulputate eleifend. Suspendisse a laoreet lorem, et sollicitudin lorem. Sed ipsum tortor, accumsan a bibendum et, euismod a ex. In quis mattis sem.</p>\\\", \\\"id\\\": \\\"f63c9e41-3cb2-4d11-b3a2-28ab8eb90582\\\"}, {\\\"type\\\": \\\"thumbnail_gallery\\\", \\\"value\\\": [8, 7, 6, 5], \\\"id\\\": \\\"4d3499cc-d87b-4155-8c59-758013fe0a51\\\"}]\", \"comments\": [], \"categories\": [{\"pk\": 6, \"page\": 15, \"blog_category\": 2}], \"post_tags\": [{\"pk\": 34, \"tag\": 16, \"content_object\": 15}, {\"pk\": 35, \"tag\": 12, \"content_object\": 15}, {\"pk\": 36, \"tag\": 15, \"content_object\": 15}]}",
    "approved_go_live_at": null
  }
},
{
  "model": "wagtailcore.pagerevision",
  "pk": 23,
  "fields": {
    "page": 15,
    "submitted_for_moderation": false,
    "created_at": "2021-10-22T10:48:47.332Z",
    "user": [
      "admin"
    ],
    "content_json": "{\"pk\": 15, \"path\": \"0001000200020003\", \"depth\": 4, \"numchild\": 0, \"translation_key\": \"04bc4f7f-b284-43b3-b7a3-bb44f4a48f21\", \"locale\": 1, \"title\": \"yellow is the best colour, here's why\", \"draft_title\": \"yellow is the best colour, here's why\", \"slug\": \"yellow-is-the-best-colour-heres-why\", \"content_type\": 10, \"live\": true, \"has_unpublished_changes\": false, \"url_path\": \"/the-yellow-brand-site/the-yellow-brand-blog-page/yellow-is-the-best-colour-heres-why/\", \"owner\": 1, \"seo_title\": \"\", \"show_in_menus\": false, \"search_description\": \"\", \"go_live_at\": null, \"expire_at\": null, \"expired\": false, \"locked\": false, \"locked_at\": null, \"locked_by\": null, \"first_published_at\": \"2021-10-22T10:48:03.141Z\", \"last_published_at\": \"2021-10-22T10:48:03.141Z\", \"latest_revision_created_at\": \"2021-10-22T10:48:03.122Z\", \"live_revision\": 22, \"alias_of\": null, \"header_image\": 8, \"body\": \"[{\\\"type\\\": \\\"paragraph\\\", \\\"value\\\": \\\"<p data-block-key=\\\\\\\"zb25d\\\\\\\"></p><p data-block-key=\\\\\\\"7cueq\\\\\\\">Phasellus in diam neque. Pellentesque habitant morbi tristique senectus et netus et malesuada fames ac turpis egestas. Donec at tellus sed massa commodo sodales. Sed risus ipsum, volutpat sit amet scelerisque vitae, ullamcorper a purus. Donec sit amet nibh convallis, malesuada lectus et, ultricies velit. Cras efficitur elementum eros in dapibus. Sed ut mauris sed libero suscipit malesuada et at felis. Vivamus sit amet accumsan justo, sed ornare ex.</p><p data-block-key=\\\\\\\"9kbo1\\\\\\\">Pellentesque tristique leo nulla, elementum imperdiet justo lacinia ac. Sed pharetra, lectus ut vestibulum lacinia, enim felis consectetur massa, vitae venenatis erat arcu vel tellus. Phasellus aliquet lorem consectetur leo tincidunt, viverra egestas erat lacinia. Integer dignissim lorem semper ullamcorper tincidunt. Aenean eros turpis, tincidunt ac mi sed, ultrices volutpat nunc. Donec metus leo, consectetur ac consequat eget, ornare at tellus. Sed non urna id elit accumsan volutpat nec sed justo. Proin viverra quis neque sed rhoncus. Maecenas in purus luctus, porta felis non, feugiat eros. Donec ut arcu in orci condimentum vulputate. Vivamus nec posuere lectus, at egestas turpis. Aenean odio nisi, sagittis ut eros a, sodales posuere felis.</p><p data-block-key=\\\\\\\"ckluq\\\\\\\">Mauris blandit ornare elit non ornare. Nullam vestibulum justo dignissim, malesuada ante vel, sagittis lorem. Interdum et malesuada fames ac ante ipsum primis in faucibus. Mauris feugiat nulla turpis, in rhoncus sapien semper vel. Phasellus rutrum faucibus lacinia. Praesent mauris augue, dictum eget ultrices sed, vestibulum a magna. In scelerisque tortor placerat, interdum tortor id, auctor mi. In tempus sem ex, sed consequat ante egestas quis. Nulla a commodo erat. Curabitur non condimentum neque, et ultrices ex. Donec porta magna non porta aliquam. Quisque cursus vulputate eleifend. Suspendisse a laoreet lorem, et sollicitudin lorem. Sed ipsum tortor, accumsan a bibendum et, euismod a ex. In quis mattis sem.</p>\\\", \\\"id\\\": \\\"f63c9e41-3cb2-4d11-b3a2-28ab8eb90582\\\"}, {\\\"type\\\": \\\"h2\\\", \\\"value\\\": \\\"Nullam vestibulum justo dignissim, malesuada ante vel, sagittis lorem.\\\", \\\"id\\\": \\\"6611f5a3-bf83-4629-9e13-16954f9d5bd1\\\"}]\", \"comments\": [], \"categories\": [{\"pk\": 6, \"page\": 15, \"blog_category\": 2}], \"post_tags\": [{\"pk\": null, \"tag\": 16, \"content_object\": 15}, {\"pk\": null, \"tag\": 12, \"content_object\": 15}, {\"pk\": null, \"tag\": 15, \"content_object\": 15}]}",
    "approved_go_live_at": null
  }
},
{
  "model": "wagtailcore.page",
  "pk": 1,
  "fields": {
    "path": "0001",
    "depth": 1,
    "numchild": 4,
    "translation_key": "2ea8cd78-aa26-4e12-a2be-bb034cfa6969",
    "locale": 1,
    "title": "Root",
    "draft_title": "Root",
    "slug": "root",
    "content_type": [
      "wagtailcore",
      "page"
    ],
    "live": true,
    "has_unpublished_changes": false,
    "url_path": "/",
    "owner": null,
    "seo_title": "",
    "show_in_menus": false,
    "search_description": "",
    "go_live_at": null,
    "expire_at": null,
    "expired": false,
    "locked": false,
    "locked_at": null,
    "locked_by": null,
    "first_published_at": null,
    "last_published_at": null,
    "latest_revision_created_at": null,
    "live_revision": null,
    "alias_of": null
  }
},
{
  "model": "wagtailcore.page",
  "pk": 4,
  "fields": {
    "path": "00010001",
    "depth": 2,
    "numchild": 2,
    "translation_key": "1eb55bb3-4037-43b3-b0ea-df4832811190",
    "locale": 1,
    "title": "The Orange Brand Site",
    "draft_title": "The Orange Brand Site",
    "slug": "the-orange-brand-site",
    "content_type": [
      "landing",
      "landingpage"
    ],
    "live": true,
    "has_unpublished_changes": false,
    "url_path": "/the-orange-brand-site/",
    "owner": [
      "admin"
    ],
    "seo_title": "",
    "show_in_menus": false,
    "search_description": "",
    "go_live_at": null,
    "expire_at": null,
    "expired": false,
    "locked": false,
    "locked_at": null,
    "locked_by": null,
    "first_published_at": "2021-10-22T08:35:32.474Z",
    "last_published_at": "2021-10-22T09:18:43.045Z",
    "latest_revision_created_at": "2021-10-22T09:18:43.023Z",
    "live_revision": 14,
    "alias_of": null
  }
},
{
  "model": "wagtailcore.page",
  "pk": 5,
  "fields": {
    "path": "000100010001",
    "depth": 3,
    "numchild": 3,
    "translation_key": "31f14692-b17b-4936-a266-6f80f6959583",
    "locale": 1,
    "title": "The Orange Brand Blog",
    "draft_title": "The Orange Brand Blog",
    "slug": "the-orange-brand-blog",
    "content_type": [
      "blog",
      "blogpage"
    ],
    "live": true,
    "has_unpublished_changes": false,
    "url_path": "/the-orange-brand-site/the-orange-brand-blog/",
    "owner": [
      "admin"
    ],
    "seo_title": "",
    "show_in_menus": false,
    "search_description": "",
    "go_live_at": null,
    "expire_at": null,
    "expired": false,
    "locked": false,
    "locked_at": null,
    "locked_by": null,
    "first_published_at": "2021-10-22T08:36:31.988Z",
    "last_published_at": "2021-10-22T08:36:31.988Z",
    "latest_revision_created_at": "2021-10-22T08:36:31.977Z",
    "live_revision": 2,
    "alias_of": null
  }
},
{
  "model": "wagtailcore.page",
  "pk": 6,
  "fields": {
    "path": "0001000100010001",
    "depth": 4,
    "numchild": 0,
    "translation_key": "8e189729-7afb-4530-826f-9d9713194002",
    "locale": 1,
    "title": "10 Facts about oranges you didn't know",
    "draft_title": "10 Facts about oranges you didn't know",
    "slug": "10-facts-about-oranges-you-didnt-know",
    "content_type": [
      "blog",
      "postpage"
    ],
    "live": true,
    "has_unpublished_changes": false,
    "url_path": "/the-orange-brand-site/the-orange-brand-blog/10-facts-about-oranges-you-didnt-know/",
    "owner": [
      "admin"
    ],
    "seo_title": "",
    "show_in_menus": false,
    "search_description": "",
    "go_live_at": null,
    "expire_at": null,
    "expired": false,
    "locked": false,
    "locked_at": null,
    "locked_by": null,
    "first_published_at": "2021-10-22T08:52:51.292Z",
    "last_published_at": "2021-10-22T08:52:51.292Z",
    "latest_revision_created_at": "2021-10-22T08:52:51.271Z",
    "live_revision": 5,
    "alias_of": null
  }
},
{
  "model": "wagtailcore.page",
  "pk": 7,
  "fields": {
    "path": "0001000100010002",
    "depth": 4,
    "numchild": 0,
    "translation_key": "e72fa637-049a-4094-b4f0-5c42c327cbdd",
    "locale": 1,
    "title": "BREAKING: Orange found after 3 days",
    "draft_title": "BREAKING: Orange found after 3 days",
    "slug": "breaking-orange-found",
    "content_type": [
      "blog",
      "postpage"
    ],
    "live": true,
    "has_unpublished_changes": false,
    "url_path": "/the-orange-brand-site/the-orange-brand-blog/breaking-orange-found/",
    "owner": [
      "admin"
    ],
    "seo_title": "",
    "show_in_menus": false,
    "search_description": "",
    "go_live_at": null,
    "expire_at": null,
    "expired": false,
    "locked": false,
    "locked_at": null,
    "locked_by": null,
    "first_published_at": "2021-10-22T08:55:24.477Z",
    "last_published_at": "2021-10-22T08:56:10.108Z",
    "latest_revision_created_at": "2021-10-22T08:56:10.080Z",
    "live_revision": 8,
    "alias_of": null
  }
},
{
  "model": "wagtailcore.page",
  "pk": 8,
  "fields": {
    "path": "0001000100010003",
    "depth": 4,
    "numchild": 0,
    "translation_key": "4d3c2006-d823-4132-be53-48300547dfdb",
    "locale": 1,
    "title": "Want to know more about oranges?",
    "draft_title": "Want to know more about oranges?",
    "slug": "want-to-know-more-about-oranges",
    "content_type": [
      "blog",
      "postpage"
    ],
    "live": true,
    "has_unpublished_changes": false,
    "url_path": "/the-orange-brand-site/the-orange-brand-blog/want-to-know-more-about-oranges/",
    "owner": [
      "admin"
    ],
    "seo_title": "",
    "show_in_menus": false,
    "search_description": "",
    "go_live_at": null,
    "expire_at": null,
    "expired": false,
    "locked": false,
    "locked_at": null,
    "locked_by": null,
    "first_published_at": "2021-10-22T09:00:57.082Z",
    "last_published_at": "2021-10-22T09:01:17.218Z",
    "latest_revision_created_at": "2021-10-22T09:01:17.193Z",
    "live_revision": 10,
    "alias_of": null
  }
},
{
  "model": "wagtailcore.page",
  "pk": 9,
  "fields": {
    "path": "000100010002",
    "depth": 3,
    "numchild": 0,
    "translation_key": "5ca71006-13db-4500-b914-afd9357b09b9",
    "locale": 1,
    "title": "Orange About Page",
    "draft_title": "Orange About Page",
    "slug": "orange-about-page",
    "content_type": [
      "about",
      "aboutpage"
    ],
    "live": true,
    "has_unpublished_changes": false,
    "url_path": "/the-orange-brand-site/orange-about-page/",
    "owner": [
      "admin"
    ],
    "seo_title": "",
    "show_in_menus": false,
    "search_description": "",
    "go_live_at": null,
    "expire_at": null,
    "expired": false,
    "locked": false,
    "locked_at": null,
    "locked_by": null,
    "first_published_at": "2021-10-22T09:17:19.297Z",
    "last_published_at": "2021-10-22T09:17:50.269Z",
    "latest_revision_created_at": "2021-10-22T09:17:50.251Z",
    "live_revision": 13,
    "alias_of": null
  }
},
{
  "model": "wagtailcore.page",
  "pk": 10,
  "fields": {
    "path": "00010002",
    "depth": 2,
    "numchild": 2,
    "translation_key": "7788ec90-bc16-4745-bffe-96d8a5bebd55",
    "locale": 1,
    "title": "The Yellow Brand Site",
    "draft_title": "The Yellow Brand Site",
    "slug": "the-yellow-brand-site",
    "content_type": [
      "landing",
      "landingpage"
    ],
    "live": true,
    "has_unpublished_changes": false,
    "url_path": "/the-yellow-brand-site/",
    "owner": [
      "admin"
    ],
    "seo_title": "",
    "show_in_menus": false,
    "search_description": "",
    "go_live_at": null,
    "expire_at": null,
    "expired": false,
    "locked": false,
    "locked_at": null,
    "locked_by": null,
    "first_published_at": "2021-10-22T09:24:29.886Z",
    "last_published_at": "2021-10-22T10:00:34.056Z",
    "latest_revision_created_at": "2021-10-22T10:00:34.034Z",
    "live_revision": 18,
    "alias_of": null
  }
},
{
  "model": "wagtailcore.page",
  "pk": 11,
  "fields": {
    "path": "000100020001",
    "depth": 3,
    "numchild": 0,
    "translation_key": "27edb1cc-39c1-4ca7-a530-ce2766e5e36b",
    "locale": 1,
    "title": "The Yellow Brand About Page",
    "draft_title": "The Yellow Brand About Page",
    "slug": "the-yellow-brand-about-page",
    "content_type": [
      "about",
      "aboutpage"
    ],
    "live": true,
    "has_unpublished_changes": false,
    "url_path": "/the-yellow-brand-site/the-yellow-brand-about-page/",
    "owner": [
      "admin"
    ],
    "seo_title": "",
    "show_in_menus": false,
    "search_description": "",
    "go_live_at": null,
    "expire_at": null,
    "expired": false,
    "locked": false,
    "locked_at": null,
    "locked_by": null,
    "first_published_at": "2021-10-22T09:27:02.506Z",
    "last_published_at": "2021-10-22T09:27:02.506Z",
    "latest_revision_created_at": "2021-10-22T09:27:02.494Z",
    "live_revision": 16,
    "alias_of": null
  }
},
{
  "model": "wagtailcore.page",
  "pk": 12,
  "fields": {
    "path": "000100020002",
    "depth": 3,
    "numchild": 3,
    "translation_key": "c2170cf2-8c37-4172-8d21-5f6f07d63237",
    "locale": 1,
    "title": "The Yellow Brand Blog Page",
    "draft_title": "The Yellow Brand Blog Page",
    "slug": "the-yellow-brand-blog-page",
    "content_type": [
      "blog",
      "blogpage"
    ],
    "live": true,
    "has_unpublished_changes": false,
    "url_path": "/the-yellow-brand-site/the-yellow-brand-blog-page/",
    "owner": [
      "admin"
    ],
    "seo_title": "",
    "show_in_menus": false,
    "search_description": "",
    "go_live_at": null,
    "expire_at": null,
    "expired": false,
    "locked": false,
    "locked_at": null,
    "locked_by": null,
    "first_published_at": "2021-10-22T09:27:14.983Z",
    "last_published_at": "2021-10-22T09:27:14.983Z",
    "latest_revision_created_at": "2021-10-22T09:27:14.972Z",
    "live_revision": 17,
    "alias_of": null
  }
},
{
  "model": "wagtailcore.page",
  "pk": 13,
  "fields": {
    "path": "0001000200020001",
    "depth": 4,
    "numchild": 0,
    "translation_key": "aa879a58-a326-4d30-9f7d-fb5332633b23",
    "locale": 1,
    "title": "Check out these facts!",
    "draft_title": "Check out these facts!",
    "slug": "check-out-these-facts",
    "content_type": [
      "blog",
      "postpage"
    ],
    "live": true,
    "has_unpublished_changes": false,
    "url_path": "/the-yellow-brand-site/the-yellow-brand-blog-page/check-out-these-facts/",
    "owner": [
      "admin"
    ],
    "seo_title": "",
    "show_in_menus": false,
    "search_description": "",
    "go_live_at": null,
    "expire_at": null,
    "expired": false,
    "locked": false,
    "locked_at": null,
    "locked_by": null,
    "first_published_at": "2021-10-22T10:03:38.064Z",
    "last_published_at": "2021-10-22T10:03:38.064Z",
    "latest_revision_created_at": "2021-10-22T10:03:38.047Z",
    "live_revision": 19,
    "alias_of": null
  }
},
{
  "model": "wagtailcore.page",
  "pk": 14,
  "fields": {
    "path": "0001000200020002",
    "depth": 4,
    "numchild": 0,
    "translation_key": "3b3be50f-93df-4d43-b2ce-420f67a523a5",
    "locale": 1,
    "title": "What is yellow?",
    "draft_title": "What is yellow?",
    "slug": "what-is-yellow",
    "content_type": [
      "blog",
      "postpage"
    ],
    "live": true,
    "has_unpublished_changes": false,
    "url_path": "/the-yellow-brand-site/the-yellow-brand-blog-page/what-is-yellow/",
    "owner": [
      "admin"
    ],
    "seo_title": "",
    "show_in_menus": false,
    "search_description": "",
    "go_live_at": null,
    "expire_at": null,
    "expired": false,
    "locked": false,
    "locked_at": null,
    "locked_by": null,
    "first_published_at": "2021-10-22T10:05:05.362Z",
    "last_published_at": "2021-10-22T10:05:39.499Z",
    "latest_revision_created_at": "2021-10-22T10:05:39.474Z",
    "live_revision": 21,
    "alias_of": null
  }
},
{
  "model": "wagtailcore.page",
  "pk": 15,
  "fields": {
    "path": "0001000200020003",
    "depth": 4,
    "numchild": 0,
    "translation_key": "04bc4f7f-b284-43b3-b7a3-bb44f4a48f21",
    "locale": 1,
    "title": "yellow is the best colour, here's why",
    "draft_title": "yellow is the best colour, here's why",
    "slug": "yellow-is-the-best-colour-heres-why",
    "content_type": [
      "blog",
      "postpage"
    ],
    "live": true,
    "has_unpublished_changes": false,
    "url_path": "/the-yellow-brand-site/the-yellow-brand-blog-page/yellow-is-the-best-colour-heres-why/",
    "owner": [
      "admin"
    ],
    "seo_title": "",
    "show_in_menus": false,
    "search_description": "",
    "go_live_at": null,
    "expire_at": null,
    "expired": false,
    "locked": false,
    "locked_at": null,
    "locked_by": null,
    "first_published_at": "2021-10-22T10:48:03.141Z",
    "last_published_at": "2021-10-22T10:48:47.355Z",
    "latest_revision_created_at": "2021-10-22T10:48:47.332Z",
    "live_revision": 23,
    "alias_of": null
  }
},
{
  "model": "wagtailcore.page",
  "pk": 16,
  "fields": {
    "path": "00010003",
    "depth": 2,
    "numchild": 2,
    "translation_key": "1eb55bb3-4037-43b3-b0ea-df4832811190",
    "locale": 3,
    "title": "The Orange Brand Site",
    "draft_title": "The Orange Brand Site",
    "slug": "the-orange-brand-site-de",
    "content_type": [
      "landing",
      "landingpage"
    ],
    "live": true,
    "has_unpublished_changes": false,
    "url_path": "/the-orange-brand-site-de/",
    "owner": [
      "admin"
    ],
    "seo_title": "",
    "show_in_menus": false,
    "search_description": "",
    "go_live_at": null,
    "expire_at": null,
    "expired": false,
    "locked": false,
    "locked_at": null,
    "locked_by": null,
    "first_published_at": "2021-10-22T08:35:32.474Z",
    "last_published_at": "2021-10-22T09:18:43.045Z",
    "latest_revision_created_at": "2021-10-22T09:18:43.023Z",
    "live_revision": 14,
    "alias_of": 4
  }
},
{
  "model": "wagtailcore.page",
  "pk": 17,
  "fields": {
    "path": "000100030001",
    "depth": 3,
    "numchild": 3,
    "translation_key": "31f14692-b17b-4936-a266-6f80f6959583",
    "locale": 3,
    "title": "The Orange Brand Blog",
    "draft_title": "The Orange Brand Blog",
    "slug": "the-orange-brand-blog",
    "content_type": [
      "blog",
      "blogpage"
    ],
    "live": true,
    "has_unpublished_changes": false,
    "url_path": "/the-orange-brand-site-de/the-orange-brand-blog/",
    "owner": [
      "admin"
    ],
    "seo_title": "",
    "show_in_menus": false,
    "search_description": "",
    "go_live_at": null,
    "expire_at": null,
    "expired": false,
    "locked": false,
    "locked_at": null,
    "locked_by": null,
    "first_published_at": "2021-10-22T08:36:31.988Z",
    "last_published_at": "2021-10-22T08:36:31.988Z",
    "latest_revision_created_at": "2021-10-22T08:36:31.977Z",
    "live_revision": 2,
    "alias_of": 5
  }
},
{
  "model": "wagtailcore.page",
  "pk": 18,
  "fields": {
    "path": "0001000300010001",
    "depth": 4,
    "numchild": 0,
    "translation_key": "8e189729-7afb-4530-826f-9d9713194002",
    "locale": 3,
    "title": "10 Facts about oranges you didn't know",
    "draft_title": "10 Facts about oranges you didn't know",
    "slug": "10-facts-about-oranges-you-didnt-know",
    "content_type": [
      "blog",
      "postpage"
    ],
    "live": true,
    "has_unpublished_changes": false,
    "url_path": "/the-orange-brand-site-de/the-orange-brand-blog/10-facts-about-oranges-you-didnt-know/",
    "owner": [
      "admin"
    ],
    "seo_title": "",
    "show_in_menus": false,
    "search_description": "",
    "go_live_at": null,
    "expire_at": null,
    "expired": false,
    "locked": false,
    "locked_at": null,
    "locked_by": null,
    "first_published_at": "2021-10-22T08:52:51.292Z",
    "last_published_at": "2021-10-22T08:52:51.292Z",
    "latest_revision_created_at": "2021-10-22T08:52:51.271Z",
    "live_revision": 5,
    "alias_of": 6
  }
},
{
  "model": "wagtailcore.page",
  "pk": 19,
  "fields": {
    "path": "0001000300010002",
    "depth": 4,
    "numchild": 0,
    "translation_key": "e72fa637-049a-4094-b4f0-5c42c327cbdd",
    "locale": 3,
    "title": "BREAKING: Orange found after 3 days",
    "draft_title": "BREAKING: Orange found after 3 days",
    "slug": "breaking-orange-found",
    "content_type": [
      "blog",
      "postpage"
    ],
    "live": true,
    "has_unpublished_changes": false,
    "url_path": "/the-orange-brand-site-de/the-orange-brand-blog/breaking-orange-found/",
    "owner": [
      "admin"
    ],
    "seo_title": "",
    "show_in_menus": false,
    "search_description": "",
    "go_live_at": null,
    "expire_at": null,
    "expired": false,
    "locked": false,
    "locked_at": null,
    "locked_by": null,
    "first_published_at": "2021-10-22T08:55:24.477Z",
    "last_published_at": "2021-10-22T08:56:10.108Z",
    "latest_revision_created_at": "2021-10-22T08:56:10.080Z",
    "live_revision": 8,
    "alias_of": 7
  }
},
{
  "model": "wagtailcore.page",
  "pk": 20,
  "fields": {
    "path": "0001000300010003",
    "depth": 4,
    "numchild": 0,
    "translation_key": "4d3c2006-d823-4132-be53-48300547dfdb",
    "locale": 3,
    "title": "Want to know more about oranges?",
    "draft_title": "Want to know more about oranges?",
    "slug": "want-to-know-more-about-oranges",
    "content_type": [
      "blog",
      "postpage"
    ],
    "live": true,
    "has_unpublished_changes": false,
    "url_path": "/the-orange-brand-site-de/the-orange-brand-blog/want-to-know-more-about-oranges/",
    "owner": [
      "admin"
    ],
    "seo_title": "",
    "show_in_menus": false,
    "search_description": "",
    "go_live_at": null,
    "expire_at": null,
    "expired": false,
    "locked": false,
    "locked_at": null,
    "locked_by": null,
    "first_published_at": "2021-10-22T09:00:57.082Z",
    "last_published_at": "2021-10-22T09:01:17.218Z",
    "latest_revision_created_at": "2021-10-22T09:01:17.193Z",
    "live_revision": 10,
    "alias_of": 8
  }
},
{
  "model": "wagtailcore.page",
  "pk": 21,
  "fields": {
    "path": "000100030002",
    "depth": 3,
    "numchild": 0,
    "translation_key": "5ca71006-13db-4500-b914-afd9357b09b9",
    "locale": 3,
    "title": "Orange About Page",
    "draft_title": "Orange About Page",
    "slug": "orange-about-page",
    "content_type": [
      "about",
      "aboutpage"
    ],
    "live": true,
    "has_unpublished_changes": false,
    "url_path": "/the-orange-brand-site-de/orange-about-page/",
    "owner": [
      "admin"
    ],
    "seo_title": "",
    "show_in_menus": false,
    "search_description": "",
    "go_live_at": null,
    "expire_at": null,
    "expired": false,
    "locked": false,
    "locked_at": null,
    "locked_by": null,
    "first_published_at": "2021-10-22T09:17:19.297Z",
    "last_published_at": "2021-10-22T09:17:50.269Z",
    "latest_revision_created_at": "2021-10-22T09:17:50.251Z",
    "live_revision": 13,
    "alias_of": 9
  }
},
{
  "model": "wagtailcore.page",
  "pk": 22,
  "fields": {
    "path": "00010004",
    "depth": 2,
    "numchild": 2,
    "translation_key": "7788ec90-bc16-4745-bffe-96d8a5bebd55",
    "locale": 3,
    "title": "The Yellow Brand Site",
    "draft_title": "The Yellow Brand Site",
    "slug": "the-yellow-brand-site-de",
    "content_type": [
      "landing",
      "landingpage"
    ],
    "live": true,
    "has_unpublished_changes": false,
    "url_path": "/the-yellow-brand-site-de/",
    "owner": [
      "admin"
    ],
    "seo_title": "",
    "show_in_menus": false,
    "search_description": "",
    "go_live_at": null,
    "expire_at": null,
    "expired": false,
    "locked": false,
    "locked_at": null,
    "locked_by": null,
    "first_published_at": "2021-10-22T09:24:29.886Z",
    "last_published_at": "2021-10-22T10:00:34.056Z",
    "latest_revision_created_at": "2021-10-22T10:00:34.034Z",
    "live_revision": 18,
    "alias_of": 10
  }
},
{
  "model": "wagtailcore.page",
  "pk": 23,
  "fields": {
    "path": "000100040001",
    "depth": 3,
    "numchild": 0,
    "translation_key": "27edb1cc-39c1-4ca7-a530-ce2766e5e36b",
    "locale": 3,
    "title": "The Yellow Brand About Page",
    "draft_title": "The Yellow Brand About Page",
    "slug": "the-yellow-brand-about-page",
    "content_type": [
      "about",
      "aboutpage"
    ],
    "live": true,
    "has_unpublished_changes": false,
    "url_path": "/the-yellow-brand-site-de/the-yellow-brand-about-page/",
    "owner": [
      "admin"
    ],
    "seo_title": "",
    "show_in_menus": false,
    "search_description": "",
    "go_live_at": null,
    "expire_at": null,
    "expired": false,
    "locked": false,
    "locked_at": null,
    "locked_by": null,
    "first_published_at": "2021-10-22T09:27:02.506Z",
    "last_published_at": "2021-10-22T09:27:02.506Z",
    "latest_revision_created_at": "2021-10-22T09:27:02.494Z",
    "live_revision": 16,
    "alias_of": 11
  }
},
{
  "model": "wagtailcore.page",
  "pk": 24,
  "fields": {
    "path": "000100040002",
    "depth": 3,
    "numchild": 3,
    "translation_key": "c2170cf2-8c37-4172-8d21-5f6f07d63237",
    "locale": 3,
    "title": "The Yellow Brand Blog Page",
    "draft_title": "The Yellow Brand Blog Page",
    "slug": "the-yellow-brand-blog-page",
    "content_type": [
      "blog",
      "blogpage"
    ],
    "live": true,
    "has_unpublished_changes": false,
    "url_path": "/the-yellow-brand-site-de/the-yellow-brand-blog-page/",
    "owner": [
      "admin"
    ],
    "seo_title": "",
    "show_in_menus": false,
    "search_description": "",
    "go_live_at": null,
    "expire_at": null,
    "expired": false,
    "locked": false,
    "locked_at": null,
    "locked_by": null,
    "first_published_at": "2021-10-22T09:27:14.983Z",
    "last_published_at": "2021-10-22T09:27:14.983Z",
    "latest_revision_created_at": "2021-10-22T09:27:14.972Z",
    "live_revision": 17,
    "alias_of": 12
  }
},
{
  "model": "wagtailcore.page",
  "pk": 25,
  "fields": {
    "path": "0001000400020001",
    "depth": 4,
    "numchild": 0,
    "translation_key": "aa879a58-a326-4d30-9f7d-fb5332633b23",
    "locale": 3,
    "title": "Check out these facts!",
    "draft_title": "Check out these facts!",
    "slug": "check-out-these-facts",
    "content_type": [
      "blog",
      "postpage"
    ],
    "live": true,
    "has_unpublished_changes": false,
    "url_path": "/the-yellow-brand-site-de/the-yellow-brand-blog-page/check-out-these-facts/",
    "owner": [
      "admin"
    ],
    "seo_title": "",
    "show_in_menus": false,
    "search_description": "",
    "go_live_at": null,
    "expire_at": null,
    "expired": false,
    "locked": false,
    "locked_at": null,
    "locked_by": null,
    "first_published_at": "2021-10-22T10:03:38.064Z",
    "last_published_at": "2021-10-22T10:03:38.064Z",
    "latest_revision_created_at": "2021-10-22T10:03:38.047Z",
    "live_revision": 19,
    "alias_of": 13
  }
},
{
  "model": "wagtailcore.page",
  "pk": 26,
  "fields": {
    "path": "0001000400020002",
    "depth": 4,
    "numchild": 0,
    "translation_key": "3b3be50f-93df-4d43-b2ce-420f67a523a5",
    "locale": 3,
    "title": "What is yellow?",
    "draft_title": "What is yellow?",
    "slug": "what-is-yellow",
    "content_type": [
      "blog",
      "postpage"
    ],
    "live": true,
    "has_unpublished_changes": false,
    "url_path": "/the-yellow-brand-site-de/the-yellow-brand-blog-page/what-is-yellow/",
    "owner": [
      "admin"
    ],
    "seo_title": "",
    "show_in_menus": false,
    "search_description": "",
    "go_live_at": null,
    "expire_at": null,
    "expired": false,
    "locked": false,
    "locked_at": null,
    "locked_by": null,
    "first_published_at": "2021-10-22T10:05:05.362Z",
    "last_published_at": "2021-10-22T10:05:39.499Z",
    "latest_revision_created_at": "2021-10-22T10:05:39.474Z",
    "live_revision": 21,
    "alias_of": 14
  }
},
{
  "model": "wagtailcore.page",
  "pk": 27,
  "fields": {
    "path": "0001000400020003",
    "depth": 4,
    "numchild": 0,
    "translation_key": "04bc4f7f-b284-43b3-b7a3-bb44f4a48f21",
    "locale": 3,
    "title": "yellow is the best colour, here's why",
    "draft_title": "yellow is the best colour, here's why",
    "slug": "yellow-is-the-best-colour-heres-why",
    "content_type": [
      "blog",
      "postpage"
    ],
    "live": true,
    "has_unpublished_changes": false,
    "url_path": "/the-yellow-brand-site-de/the-yellow-brand-blog-page/yellow-is-the-best-colour-heres-why/",
    "owner": [
      "admin"
    ],
    "seo_title": "",
    "show_in_menus": false,
    "search_description": "",
    "go_live_at": null,
    "expire_at": null,
    "expired": false,
    "locked": false,
    "locked_at": null,
    "locked_by": null,
    "first_published_at": "2021-10-22T10:48:03.141Z",
    "last_published_at": "2021-10-22T10:48:47.355Z",
    "latest_revision_created_at": "2021-10-22T10:48:47.332Z",
    "live_revision": 23,
    "alias_of": 15
  }
},
{
  "model": "wagtailcore.groupcollectionpermission",
  "pk": 1,
  "fields": {
    "group": [
      "Moderators"
    ],
    "collection": 1,
    "permission": [
      "add_image",
      "wagtailimages",
      "image"
    ]
  }
},
{
  "model": "wagtailcore.groupcollectionpermission",
  "pk": 2,
  "fields": {
    "group": [
      "Editors"
    ],
    "collection": 1,
    "permission": [
      "add_image",
      "wagtailimages",
      "image"
    ]
  }
},
{
  "model": "wagtailcore.groupcollectionpermission",
  "pk": 3,
  "fields": {
    "group": [
      "Moderators"
    ],
    "collection": 1,
    "permission": [
      "change_image",
      "wagtailimages",
      "image"
    ]
  }
},
{
  "model": "wagtailcore.groupcollectionpermission",
  "pk": 4,
  "fields": {
    "group": [
      "Editors"
    ],
    "collection": 1,
    "permission": [
      "change_image",
      "wagtailimages",
      "image"
    ]
  }
},
{
  "model": "wagtailcore.groupcollectionpermission",
  "pk": 5,
  "fields": {
    "group": [
      "Moderators"
    ],
    "collection": 1,
    "permission": [
      "add_document",
      "wagtaildocs",
      "document"
    ]
  }
},
{
  "model": "wagtailcore.groupcollectionpermission",
  "pk": 6,
  "fields": {
    "group": [
      "Editors"
    ],
    "collection": 1,
    "permission": [
      "add_document",
      "wagtaildocs",
      "document"
    ]
  }
},
{
  "model": "wagtailcore.groupcollectionpermission",
  "pk": 7,
  "fields": {
    "group": [
      "Moderators"
    ],
    "collection": 1,
    "permission": [
      "change_document",
      "wagtaildocs",
      "document"
    ]
  }
},
{
  "model": "wagtailcore.groupcollectionpermission",
  "pk": 8,
  "fields": {
    "group": [
      "Editors"
    ],
    "collection": 1,
    "permission": [
      "change_document",
      "wagtaildocs",
      "document"
    ]
  }
},
{
  "model": "wagtailcore.groupcollectionpermission",
  "pk": 9,
  "fields": {
    "group": [
      "Moderators"
    ],
    "collection": 1,
    "permission": [
      "choose_document",
      "wagtaildocs",
      "document"
    ]
  }
},
{
  "model": "wagtailcore.groupcollectionpermission",
  "pk": 10,
  "fields": {
    "group": [
      "Editors"
    ],
    "collection": 1,
    "permission": [
      "choose_document",
      "wagtaildocs",
      "document"
    ]
  }
},
{
  "model": "wagtailimages.image",
  "pk": 1,
  "fields": {
    "collection": 1,
    "title": "orange.jpg",
    "file": "original_images/orange.jpg",
    "width": 2370,
    "height": 1580,
    "created_at": "2021-10-22T08:35:16.046Z",
    "uploaded_by_user": [
      "admin"
    ],
    "focal_point_x": null,
    "focal_point_y": null,
    "focal_point_width": null,
    "focal_point_height": null,
    "file_size": 171325,
    "file_hash": "0974764f35728fa8633c54846dcf3f1766b92072"
  }
},
{
  "model": "wagtailimages.image",
  "pk": 2,
  "fields": {
    "collection": 1,
    "title": "more oranges.jpg",
    "file": "original_images/more_oranges.jpg",
    "width": 3870,
    "height": 2580,
    "created_at": "2021-10-22T08:50:30.379Z",
    "uploaded_by_user": [
      "admin"
    ],
    "focal_point_x": null,
    "focal_point_y": null,
    "focal_point_width": null,
    "focal_point_height": null,
    "file_size": 967742,
    "file_hash": "df21d4a245617e59b693c94d5937fff485e45e9e"
  }
},
{
  "model": "wagtailimages.image",
  "pk": 3,
  "fields": {
    "collection": 1,
    "title": "orange with hand.jpg",
    "file": "original_images/orange_with_hand.jpg",
    "width": 2070,
    "height": 1381,
    "created_at": "2021-10-22T08:53:41.760Z",
    "uploaded_by_user": [
      "admin"
    ],
    "focal_point_x": null,
    "focal_point_y": null,
    "focal_point_width": null,
    "focal_point_height": null,
    "file_size": 489084,
    "file_hash": "1a84c275a36b6fa4c1aa97754b8664e09dd7e158"
  }
},
{
  "model": "wagtailimages.image",
  "pk": 4,
  "fields": {
    "collection": 1,
    "title": "oranges in a line.jpg",
    "file": "original_images/oranges_in_a_line.jpg",
    "width": 2372,
    "height": 1579,
    "created_at": "2021-10-22T08:59:41.562Z",
    "uploaded_by_user": [
      "admin"
    ],
    "focal_point_x": null,
    "focal_point_y": null,
    "focal_point_width": null,
    "focal_point_height": null,
    "file_size": 297767,
    "file_hash": "30ab0950587d9fe45676a39301bf0419dfa0315d"
  }
},
{
  "model": "wagtailimages.image",
  "pk": 5,
  "fields": {
    "collection": 1,
    "title": "lemons.jpg",
    "file": "original_images/lemons_jpEkBgk.jpg",
    "width": 2050,
    "height": 1400,
    "created_at": "2021-10-22T09:24:23.399Z",
    "uploaded_by_user": [
      "admin"
    ],
    "focal_point_x": null,
    "focal_point_y": null,
    "focal_point_width": null,
    "focal_point_height": null,
    "file_size": 454194,
    "file_hash": "8bd6293eb87c35f0f56f0453692a95168e8a220d"
  }
},
{
  "model": "wagtailimages.image",
  "pk": 6,
  "fields": {
    "collection": 1,
    "title": "lemons sliced.jpg",
    "file": "original_images/lemons_sliced.jpg",
    "width": 1170,
    "height": 780,
    "created_at": "2021-10-22T10:01:58.524Z",
    "uploaded_by_user": [
      "admin"
    ],
    "focal_point_x": null,
    "focal_point_y": null,
    "focal_point_width": null,
    "focal_point_height": null,
    "file_size": 104753,
    "file_hash": "90e6e39f5bbf2878a3319428c926223dcaecceb9"
  }
},
{
  "model": "wagtailimages.image",
  "pk": 7,
  "fields": {
    "collection": 1,
    "title": "yellow balls.jpg",
    "file": "original_images/yellow_balls.jpg",
    "width": 1170,
    "height": 780,
    "created_at": "2021-10-22T10:04:37.436Z",
    "uploaded_by_user": [
      "admin"
    ],
    "focal_point_x": null,
    "focal_point_y": null,
    "focal_point_width": null,
    "focal_point_height": null,
    "file_size": 105157,
    "file_hash": "f0cf0f951822c3c6b05d2623d8557c7bf4c5464e"
  }
},
{
  "model": "wagtailimages.image",
  "pk": 8,
  "fields": {
    "collection": 1,
    "title": "yellow pencil.jpg",
    "file": "original_images/yellow_pencil.jpg",
    "width": 1170,
    "height": 780,
    "created_at": "2021-10-22T10:47:00.958Z",
    "uploaded_by_user": [
      "admin"
    ],
    "focal_point_x": null,
    "focal_point_y": null,
    "focal_point_width": null,
    "focal_point_height": null,
    "file_size": 49774,
    "file_hash": "850a762dd38da74cdcb3ac03940f9aa52d180c58"
  }
},
{
  "model": "wagtailusers.userprofile",
  "pk": 1,
  "fields": {
    "user": [
      "admin"
    ],
    "submitted_notifications": true,
    "approved_notifications": true,
    "rejected_notifications": true,
    "updated_comments_notifications": true,
    "preferred_language": "",
    "current_time_zone": "",
    "avatar": ""
  }
},
{
  "model": "about.aboutpage",
  "pk": 9,
  "fields": {
    "main": "<p data-block-key=\"nj4zz\"></p><p data-block-key=\"e885t\">Lorem ipsum dolor sit amet, consectetur adipiscing elit. Vivamus nec mollis mauris. Suspendisse aliquet elit id elementum ultrices. In commodo dolor lorem, nec volutpat massa venenatis ac. Maecenas porta lectus libero, scelerisque rhoncus nunc feugiat at. Sed at odio vel tellus pharetra eleifend id at purus. Aenean vel laoreet lectus, vitae tristique ex. Mauris id urna nec lorem luctus laoreet eget luctus diam. Vivamus aliquet eleifend orci, quis interdum dui pretium in. Etiam malesuada imperdiet quam, vitae laoreet metus rhoncus ut. Nam augue enim, tincidunt id hendrerit nec, semper ut tellus. Fusce vehicula lobortis nibh, vitae euismod est. Morbi egestas, sem in condimentum convallis, nulla ante placerat dolor, vel lacinia justo lectus eget mi.</p><p data-block-key=\"ack6\">Quisque eu tempor orci. <b>Quisque accumsan lacus metus, vitae lobortis neque aliquet at. Maecenas gravida neque et lacus euismod ultricies.</b> In vitae aliquet diam, suscipit convallis neque. Nullam consectetur auctor turpis, eget pellentesque erat maximus id. Vestibulum in consectetur elit, id auctor tortor. Nullam aliquet eros ante. Interdum et malesuada fames ac ante ipsum primis in faucibus. Vestibulum venenatis lectus in massa mollis, non tempus lorem varius. Integer odio turpis, malesuada ac lobortis non, pharetra a eros. Suspendisse nec velit efficitur, cursus lorem ac, porta magna. Integer sit amet elementum ex, quis fermentum leo. Curabitur at nisi eget nisi faucibus vulputate. Quisque vitae cursus felis, et tristique quam.</p><p data-block-key=\"8l7qc\">Nulla at purus at nisi semper lacinia. Duis a pulvinar nisl, et vestibulum eros. Lorem ipsum dolor sit amet, consectetur adipiscing elit. Lorem ipsum dolor sit amet, consectetur adipiscing elit. Phasellus eu consectetur dui. In nec ipsum accumsan ligula varius pretium vitae eu neque. Fusce rhoncus diam id quam fermentum lacinia. Mauris id ante dapibus, convallis purus eget, interdum orci. Etiam feugiat fermentum massa, at venenatis enim ultricies ac. Proin a suscipit mi. Duis dictum odio et maximus tempus. <b>Proin ultricies nec tellus a commodo. Maecenas accumsan ex mi, sed auctor libero venenatis sit amet.</b></p><p data-block-key=\"88jkm\">Aliquam et semper lacus. Praesent ullamcorper, lectus et egestas auctor, lacus purus ultricies erat, eu commodo augue nibh a ipsum. Fusce ex purus, maximus at pulvinar ac, aliquam bibendum nisl. Proin eget molestie quam. Praesent lacinia ultricies condimentum. Ut ornare sem quis odio imperdiet porttitor. Vestibulum imperdiet facilisis metus, in sodales arcu fringilla at. Proin suscipit quam quis molestie facilisis. Curabitur porta, urna a auctor pulvinar, ipsum mauris dictum leo, ut rhoncus urna neque a enim. Curabitur consectetur purus sit amet finibus blandit.</p>",
    "blog_page": 5
  }
},
{
  "model": "about.aboutpage",
  "pk": 11,
  "fields": {
    "main": "<p data-block-key=\"xzpp2\"> </p><p data-block-key=\"fo0nn\">Nunc imperdiet ac est ut pretium. Ut a magna tristique, aliquet est nec, cursus tellus. Class aptent taciti sociosqu ad litora torquent per conubia nostra, per inceptos himenaeos. Nunc vitae porta nulla. Proin risus tortor, ullamcorper sed justo sit amet, porta dignissim felis. Interdum et malesuada fames ac ante ipsum primis in faucibus. Nam nec nulla sem. Nullam elementum est sit amet mattis consectetur. Suspendisse potenti. Suspendisse vulputate pellentesque erat ac ornare. Donec vehicula mauris non tempus pretium.</p><p data-block-key=\"fr34k\">Nulla facilisi. Donec dignissim nulla non eros scelerisque, at consectetur dolor molestie. Mauris eros orci, egestas in lacinia quis, pharetra eu ante. Morbi sed dapibus nisi, in vestibulum nisi. Praesent sed convallis lacus. Vestibulum ante ipsum primis in faucibus orci luctus et ultrices posuere cubilia curae; Vestibulum vestibulum pretium nisi, pharetra tempus leo dictum et. Praesent et condimentum nulla. In semper, libero ut consequat bibendum, turpis risus tempor mi, in elementum lectus quam vitae mauris. Cras in arcu ante. Nam efficitur pellentesque felis. Proin vitae mattis diam, sit amet placerat mi. Nullam at mauris tellus.</p><p data-block-key=\"d52hb\">Sed vulputate purus at ante tristique, id dignissim lorem pellentesque. Etiam luctus lorem vel tortor imperdiet sodales. Vestibulum vel blandit augue, vel faucibus orci. Curabitur laoreet feugiat enim. Maecenas congue lectus nibh, et molestie nibh suscipit nec. Suspendisse facilisis vulputate ex, at egestas nisi porttitor a. Duis et feugiat arcu. Etiam ac rhoncus lacus.</p>",
    "blog_page": null
  }
},
{
  "model": "about.aboutpage",
  "pk": 21,
  "fields": {
    "main": "<p data-block-key=\"nj4zz\"></p><p data-block-key=\"e885t\">Lorem ipsum dolor sit amet, consectetur adipiscing elit. Vivamus nec mollis mauris. Suspendisse aliquet elit id elementum ultrices. In commodo dolor lorem, nec volutpat massa venenatis ac. Maecenas porta lectus libero, scelerisque rhoncus nunc feugiat at. Sed at odio vel tellus pharetra eleifend id at purus. Aenean vel laoreet lectus, vitae tristique ex. Mauris id urna nec lorem luctus laoreet eget luctus diam. Vivamus aliquet eleifend orci, quis interdum dui pretium in. Etiam malesuada imperdiet quam, vitae laoreet metus rhoncus ut. Nam augue enim, tincidunt id hendrerit nec, semper ut tellus. Fusce vehicula lobortis nibh, vitae euismod est. Morbi egestas, sem in condimentum convallis, nulla ante placerat dolor, vel lacinia justo lectus eget mi.</p><p data-block-key=\"ack6\">Quisque eu tempor orci. <b>Quisque accumsan lacus metus, vitae lobortis neque aliquet at. Maecenas gravida neque et lacus euismod ultricies.</b> In vitae aliquet diam, suscipit convallis neque. Nullam consectetur auctor turpis, eget pellentesque erat maximus id. Vestibulum in consectetur elit, id auctor tortor. Nullam aliquet eros ante. Interdum et malesuada fames ac ante ipsum primis in faucibus. Vestibulum venenatis lectus in massa mollis, non tempus lorem varius. Integer odio turpis, malesuada ac lobortis non, pharetra a eros. Suspendisse nec velit efficitur, cursus lorem ac, porta magna. Integer sit amet elementum ex, quis fermentum leo. Curabitur at nisi eget nisi faucibus vulputate. Quisque vitae cursus felis, et tristique quam.</p><p data-block-key=\"8l7qc\">Nulla at purus at nisi semper lacinia. Duis a pulvinar nisl, et vestibulum eros. Lorem ipsum dolor sit amet, consectetur adipiscing elit. Lorem ipsum dolor sit amet, consectetur adipiscing elit. Phasellus eu consectetur dui. In nec ipsum accumsan ligula varius pretium vitae eu neque. Fusce rhoncus diam id quam fermentum lacinia. Mauris id ante dapibus, convallis purus eget, interdum orci. Etiam feugiat fermentum massa, at venenatis enim ultricies ac. Proin a suscipit mi. Duis dictum odio et maximus tempus. <b>Proin ultricies nec tellus a commodo. Maecenas accumsan ex mi, sed auctor libero venenatis sit amet.</b></p><p data-block-key=\"88jkm\">Aliquam et semper lacus. Praesent ullamcorper, lectus et egestas auctor, lacus purus ultricies erat, eu commodo augue nibh a ipsum. Fusce ex purus, maximus at pulvinar ac, aliquam bibendum nisl. Proin eget molestie quam. Praesent lacinia ultricies condimentum. Ut ornare sem quis odio imperdiet porttitor. Vestibulum imperdiet facilisis metus, in sodales arcu fringilla at. Proin suscipit quam quis molestie facilisis. Curabitur porta, urna a auctor pulvinar, ipsum mauris dictum leo, ut rhoncus urna neque a enim. Curabitur consectetur purus sit amet finibus blandit.</p>",
    "blog_page": 5
  }
},
{
  "model": "about.aboutpage",
  "pk": 23,
  "fields": {
    "main": "<p data-block-key=\"xzpp2\"> </p><p data-block-key=\"fo0nn\">Nunc imperdiet ac est ut pretium. Ut a magna tristique, aliquet est nec, cursus tellus. Class aptent taciti sociosqu ad litora torquent per conubia nostra, per inceptos himenaeos. Nunc vitae porta nulla. Proin risus tortor, ullamcorper sed justo sit amet, porta dignissim felis. Interdum et malesuada fames ac ante ipsum primis in faucibus. Nam nec nulla sem. Nullam elementum est sit amet mattis consectetur. Suspendisse potenti. Suspendisse vulputate pellentesque erat ac ornare. Donec vehicula mauris non tempus pretium.</p><p data-block-key=\"fr34k\">Nulla facilisi. Donec dignissim nulla non eros scelerisque, at consectetur dolor molestie. Mauris eros orci, egestas in lacinia quis, pharetra eu ante. Morbi sed dapibus nisi, in vestibulum nisi. Praesent sed convallis lacus. Vestibulum ante ipsum primis in faucibus orci luctus et ultrices posuere cubilia curae; Vestibulum vestibulum pretium nisi, pharetra tempus leo dictum et. Praesent et condimentum nulla. In semper, libero ut consequat bibendum, turpis risus tempor mi, in elementum lectus quam vitae mauris. Cras in arcu ante. Nam efficitur pellentesque felis. Proin vitae mattis diam, sit amet placerat mi. Nullam at mauris tellus.</p><p data-block-key=\"d52hb\">Sed vulputate purus at ante tristique, id dignissim lorem pellentesque. Etiam luctus lorem vel tortor imperdiet sodales. Vestibulum vel blandit augue, vel faucibus orci. Curabitur laoreet feugiat enim. Maecenas congue lectus nibh, et molestie nibh suscipit nec. Suspendisse facilisis vulputate ex, at egestas nisi porttitor a. Duis et feugiat arcu. Etiam ac rhoncus lacus.</p>",
    "blog_page": null
  }
},
{
  "model": "landing.landingpage",
  "pk": 4,
  "fields": {
    "main": "<p data-block-key=\"nqmp0\">Lorem ipsum dolor sit amet, consectetur adipiscing elit. Vivamus nec mollis mauris. Suspendisse aliquet elit id elementum ultrices. In commodo dolor lorem, nec volutpat massa venenatis ac. Maecenas porta lectus libero, scelerisque rhoncus nunc feugiat at. Sed at odio vel tellus pharetra eleifend id at purus. Aenean vel laoreet lectus, vitae tristique ex. Mauris id urna nec lorem luctus laoreet eget luctus diam. Vivamus aliquet eleifend orci, quis interdum dui pretium in. Etiam malesuada imperdiet quam, vitae laoreet metus rhoncus ut. Nam augue enim, tincidunt id hendrerit nec, semper ut tellus. Fusce vehicula lobortis nibh, vitae euismod est. Morbi egestas, sem in condimentum convallis, nulla ante placerat dolor, vel lacinia justo lectus eget mi.</p>",
    "logo": 1,
    "blog_page": 5,
    "about_page": 9
  }
},
{
  "model": "landing.landingpage",
  "pk": 10,
  "fields": {
    "main": "<p data-block-key=\"yyiqr\"></p><p data-block-key=\"cgr8i\"><b>Pellentesque tristique leo nulla, elementum imperdiet justo lacinia ac</b>. Sed pharetra, lectus ut vestibulum lacinia, enim felis consectetur massa, vitae venenatis erat arcu vel tellus. Phasellus aliquet lorem consectetur leo tincidunt, viverra egestas erat lacinia. Integer dignissim lorem semper ullamcorper tincidunt. Aenean eros turpis, tincidunt ac mi sed, ultrices volutpat nunc. Donec metus leo, consectetur ac consequat eget, ornare at tellus. Sed non urna id elit accumsan volutpat nec sed justo. Proin viverra quis neque sed rhoncus. Maecenas in purus luctus, porta felis non, feugiat eros. Donec ut arcu in orci condimentum vulputate. Vivamus nec posuere lectus, at egestas turpis. Aenean odio nisi, sagittis ut eros a, sodales posuere felis.</p><p data-block-key=\"b86ec\">Mauris blandit ornare elit non ornare. Nullam vestibulum justo dignissim, malesuada ante vel, sagittis lorem. Interdum et malesuada fames ac ante ipsum primis in faucibus. Mauris feugiat nulla turpis, in rhoncus sapien semper vel. Phasellus rutrum faucibus lacinia. Praesent mauris augue, dictum eget ultrices sed, vestibulum a magna. In scelerisque tortor placerat, interdum tortor id, auctor mi. In tempus sem ex, sed consequat ante egestas quis. Nulla a commodo erat. Curabitur non condimentum neque, et ultrices ex. Donec porta magna non porta aliquam. Quisque cursus vulputate eleifend. Suspendisse a laoreet lorem, et sollicitudin lorem. Sed ipsum tortor, accumsan a bibendum et, euismod a ex. In quis mattis sem.</p>",
    "logo": 5,
    "blog_page": 12,
    "about_page": 11
  }
},
{
  "model": "landing.landingpage",
  "pk": 16,
  "fields": {
    "main": "<p data-block-key=\"nqmp0\">Lorem ipsum dolor sit amet, consectetur adipiscing elit. Vivamus nec mollis mauris. Suspendisse aliquet elit id elementum ultrices. In commodo dolor lorem, nec volutpat massa venenatis ac. Maecenas porta lectus libero, scelerisque rhoncus nunc feugiat at. Sed at odio vel tellus pharetra eleifend id at purus. Aenean vel laoreet lectus, vitae tristique ex. Mauris id urna nec lorem luctus laoreet eget luctus diam. Vivamus aliquet eleifend orci, quis interdum dui pretium in. Etiam malesuada imperdiet quam, vitae laoreet metus rhoncus ut. Nam augue enim, tincidunt id hendrerit nec, semper ut tellus. Fusce vehicula lobortis nibh, vitae euismod est. Morbi egestas, sem in condimentum convallis, nulla ante placerat dolor, vel lacinia justo lectus eget mi.</p>",
    "logo": 1,
    "blog_page": 5,
    "about_page": 9
  }
},
{
  "model": "landing.landingpage",
  "pk": 22,
  "fields": {
    "main": "<p data-block-key=\"yyiqr\"></p><p data-block-key=\"cgr8i\"><b>Pellentesque tristique leo nulla, elementum imperdiet justo lacinia ac</b>. Sed pharetra, lectus ut vestibulum lacinia, enim felis consectetur massa, vitae venenatis erat arcu vel tellus. Phasellus aliquet lorem consectetur leo tincidunt, viverra egestas erat lacinia. Integer dignissim lorem semper ullamcorper tincidunt. Aenean eros turpis, tincidunt ac mi sed, ultrices volutpat nunc. Donec metus leo, consectetur ac consequat eget, ornare at tellus. Sed non urna id elit accumsan volutpat nec sed justo. Proin viverra quis neque sed rhoncus. Maecenas in purus luctus, porta felis non, feugiat eros. Donec ut arcu in orci condimentum vulputate. Vivamus nec posuere lectus, at egestas turpis. Aenean odio nisi, sagittis ut eros a, sodales posuere felis.</p><p data-block-key=\"b86ec\">Mauris blandit ornare elit non ornare. Nullam vestibulum justo dignissim, malesuada ante vel, sagittis lorem. Interdum et malesuada fames ac ante ipsum primis in faucibus. Mauris feugiat nulla turpis, in rhoncus sapien semper vel. Phasellus rutrum faucibus lacinia. Praesent mauris augue, dictum eget ultrices sed, vestibulum a magna. In scelerisque tortor placerat, interdum tortor id, auctor mi. In tempus sem ex, sed consequat ante egestas quis. Nulla a commodo erat. Curabitur non condimentum neque, et ultrices ex. Donec porta magna non porta aliquam. Quisque cursus vulputate eleifend. Suspendisse a laoreet lorem, et sollicitudin lorem. Sed ipsum tortor, accumsan a bibendum et, euismod a ex. In quis mattis sem.</p>",
    "logo": 5,
    "blog_page": 12,
    "about_page": 11
  }
},
{
  "model": "blog.postpage",
  "pk": 6,
  "fields": {
    "header_image": 2,
    "body": "[{\"type\": \"listicle\", \"value\": [{\"header\": \"This one is great...\", \"body\": \"<p data-block-key=\\\"3kw33\\\">Lorem ipsum dolor sit amet, consectetur adipiscing elit. Vivamus nec mollis mauris. Suspendisse aliquet elit id elementum ultrices. In commodo dolor lorem, nec volutpat massa venenatis ac. Maecenas porta lectus libero, scelerisque rhoncus nunc feugiat at. Sed at odio vel tellus pharetra eleifend id at purus. Aenean vel laoreet lectus, vitae tristique ex. Mauris id urna nec lorem luctus laoreet eget luctus diam. Vivamus aliquet eleifend orci, quis interdum dui pretium in. Etiam malesuada imperdiet quam, vitae laoreet metus rhoncus ut. Nam augue enim, tincidunt id hendrerit nec, semper ut tellus. Fusce vehicula lobortis nibh, vitae euismod est. Morbi egestas, sem in condimentum convallis, nulla ante placerat dolor, vel lacinia justo lectus eget mi.</p>\"}, {\"header\": \"Did you know...\", \"body\": \"<p data-block-key=\\\"9zwp5\\\">Lorem ipsum dolor sit amet, consectetur adipiscing elit. Vivamus nec mollis mauris. Suspendisse aliquet elit id elementum ultrices. In commodo dolor lorem, nec volutpat massa venenatis ac. Maecenas porta lectus libero, scelerisque rhoncus nunc feugiat at. Sed at odio vel tellus pharetra eleifend id at purus. Aenean vel laoreet lectus, vitae tristique ex. Mauris id urna nec lorem luctus laoreet eget luctus diam. Vivamus aliquet eleifend orci, quis interdum dui pretium in. Etiam malesuada imperdiet quam, vitae laoreet metus rhoncus ut. Nam augue enim, tincidunt id hendrerit nec, semper ut tellus. Fusce vehicula lobortis nibh, vitae euismod est. Morbi egestas, sem in condimentum convallis, nulla ante placerat dolor, vel lacinia justo lectus eget mi.</p>\"}, {\"header\": \"I can't believe this...\", \"body\": \"<p data-block-key=\\\"tjsng\\\"> Lorem ipsum dolor sit amet, consectetur adipiscing elit. Vivamus nec mollis mauris. Suspendisse aliquet elit id elementum ultrices. In commodo dolor lorem, nec volutpat massa venenatis ac. Maecenas porta lectus libero, scelerisque rhoncus nunc feugiat at. Sed at odio vel tellus pharetra eleifend id at purus. Aenean vel laoreet lectus, vitae tristique ex. Mauris id urna nec lorem luctus laoreet eget luctus diam. Vivamus aliquet eleifend orci, quis interdum dui pretium in. Etiam malesuada imperdiet quam, vitae laoreet metus rhoncus ut. Nam augue enim, tincidunt id hendrerit nec, semper ut tellus. Fusce vehicula lobortis nibh, vitae euismod est. Morbi egestas, sem in condimentum convallis, nulla ante placerat dolor, vel lacinia justo lectus eget mi. </p>\"}], \"id\": \"c0a908cf-f259-4d19-ad3a-b208fa91a04e\"}]"
  }
},
{
  "model": "blog.postpage",
  "pk": 7,
  "fields": {
    "header_image": 3,
    "body": "[{\"type\": \"paragraph\", \"value\": \"<p data-block-key=\\\"iqcdn\\\"> </p><p data-block-key=\\\"a9v3s\\\">Lorem ipsum dolor sit amet, consectetur adipiscing elit. Vivamus nec mollis mauris. Suspendisse aliquet elit id elementum ultrices. In commodo dolor lorem, nec volutpat massa venenatis ac. Maecenas porta lectus libero, scelerisque rhoncus nunc feugiat at. Sed at odio vel tellus pharetra eleifend id at purus. Aenean vel laoreet lectus, vitae tristique ex. Mauris id urna nec lorem luctus laoreet eget luctus diam. Vivamus aliquet eleifend orci, quis interdum dui pretium in. Etiam malesuada imperdiet quam, vitae laoreet metus rhoncus ut. Nam augue enim, tincidunt id hendrerit nec, semper ut tellus. Fusce vehicula lobortis nibh, vitae euismod est. Morbi egestas, sem in condimentum convallis, nulla ante placerat dolor, vel lacinia justo lectus eget mi.</p>\", \"id\": \"e1eb1a66-1d8c-460d-b4ca-6ec2d79df0df\"}, {\"type\": \"image_carousel\", \"value\": [1, 2], \"id\": \"da2e4874-1082-4a50-b4e1-e49b895bde69\"}, {\"type\": \"paragraph\", \"value\": \"<p data-block-key=\\\"r0xe7\\\"></p><p data-block-key=\\\"ceivj\\\">Lorem ipsum dolor sit amet, consectetur adipiscing elit. Vivamus nec mollis mauris. Suspendisse aliquet elit id elementum ultrices. In commodo dolor lorem, nec volutpat massa venenatis ac. Maecenas porta lectus libero, scelerisque rhoncus nunc feugiat at. Sed at odio vel tellus pharetra eleifend id at purus. Aenean vel laoreet lectus, vitae tristique ex. Mauris id urna nec lorem luctus laoreet eget luctus diam. Vivamus aliquet eleifend orci, quis interdum dui pretium in. Etiam malesuada imperdiet quam, vitae laoreet metus rhoncus ut. Nam augue enim, tincidunt id hendrerit nec, semper ut tellus. Fusce vehicula lobortis nibh, vitae euismod est. Morbi egestas, sem in condimentum convallis, nulla ante placerat dolor, vel lacinia justo lectus eget mi.</p><p data-block-key=\\\"6ofr\\\">Quisque eu tempor orci. Quisque accumsan lacus metus, vitae lobortis neque aliquet at. Maecenas gravida neque et lacus euismod ultricies. In vitae aliquet diam, suscipit convallis neque. Nullam consectetur auctor turpis, eget pellentesque erat maximus id. Vestibulum in consectetur elit, id auctor tortor. Nullam aliquet eros ante. Interdum et malesuada fames ac ante ipsum primis in faucibus. Vestibulum venenatis lectus in massa mollis, non tempus lorem varius. Integer odio turpis, malesuada ac lobortis non, pharetra a eros. Suspendisse nec velit efficitur, cursus lorem ac, porta magna. Integer sit amet elementum ex, quis fermentum leo. Curabitur at nisi eget nisi faucibus vulputate. Quisque vitae cursus felis, et tristique quam.</p><p data-block-key=\\\"ejldo\\\">Nulla at purus at nisi semper lacinia. Duis a pulvinar nisl, et vestibulum eros. Lorem ipsum dolor sit amet, consectetur adipiscing elit. Lorem ipsum dolor sit amet, consectetur adipiscing elit. Phasellus eu consectetur dui. In nec ipsum accumsan ligula varius pretium vitae eu neque. Fusce rhoncus diam id quam fermentum lacinia. Mauris id ante dapibus, convallis purus eget, interdum orci. Etiam feugiat fermentum massa, at venenatis enim ultricies ac. Proin a suscipit mi. Duis dictum odio et maximus tempus. Proin ultricies nec tellus a commodo. Maecenas accumsan ex mi, sed auctor libero venenatis sit amet.</p>\", \"id\": \"e7108218-cc76-4e1d-bd42-c1f1e50b133c\"}]"
  }
},
{
  "model": "blog.postpage",
  "pk": 8,
  "fields": {
    "header_image": 4,
    "body": "[{\"type\": \"paragraph\", \"value\": \"<p data-block-key=\\\"s4ahx\\\"></p><p data-block-key=\\\"1ck1h\\\">Lorem ipsum dolor sit amet, consectetur adipiscing elit. Vivamus nec mollis mauris. Suspendisse aliquet elit id elementum ultrices. In commodo dolor lorem, nec volutpat massa venenatis ac. Maecenas porta lectus libero, scelerisque rhoncus nunc feugiat at. Sed at odio vel tellus pharetra eleifend id at purus. Aenean vel laoreet lectus, vitae tristique ex. Mauris id urna nec lorem luctus laoreet eget luctus diam. Vivamus aliquet eleifend orci, quis interdum dui pretium in. Etiam malesuada imperdiet quam, vitae laoreet metus rhoncus ut. Nam augue enim, tincidunt id hendrerit nec, semper ut tellus. Fusce vehicula lobortis nibh, vitae euismod est. Morbi egestas, sem in condimentum convallis, nulla ante placerat dolor, vel lacinia justo lectus eget mi.</p><p data-block-key=\\\"cuga5\\\">Quisque eu tempor orci. Quisque accumsan lacus metus, vitae lobortis neque aliquet at. Maecenas gravida neque et lacus euismod ultricies. In vitae aliquet diam, suscipit convallis neque. Nullam consectetur auctor turpis, eget pellentesque erat maximus id. Vestibulum in consectetur elit, id auctor tortor. Nullam aliquet eros ante. Interdum et malesuada fames ac ante ipsum primis in faucibus. Vestibulum venenatis lectus in massa mollis, non tempus lorem varius. Integer odio turpis, malesuada ac lobortis non, pharetra a eros. Suspendisse nec velit efficitur, cursus lorem ac, porta magna. Integer sit amet elementum ex, quis fermentum leo. Curabitur at nisi eget nisi faucibus vulputate. Quisque vitae cursus felis, et tristique quam.</p>\", \"id\": \"bd3bc460-1759-4de4-a797-f26058e82a5e\"}, {\"type\": \"cta\", \"value\": {\"title\": \"Want to know more?\", \"text\": \"<p data-block-key=\\\"ghn1s\\\"></p><p data-block-key=\\\"7hv68\\\">Lorem ipsum dolor sit amet, consectetur adipiscing elit. Vivamus nec mollis mauris. Suspendisse aliquet elit id elementum ultrices. In commodo dolor lorem, nec volutpat massa venenatis ac.</p>\", \"button_page\": null, \"button_url\": \"http://www.google.com\", \"button_text\": \"Learn More\"}, \"id\": \"dd7b9604-4f85-43b1-a33d-eee3d28c65a7\"}]"
  }
},
{
  "model": "blog.postpage",
  "pk": 13,
  "fields": {
    "header_image": 6,
    "body": "[{\"type\": \"listicle\", \"value\": [{\"header\": \"Facts\", \"body\": \"<p data-block-key=\\\"p12ke\\\"> Pellentesque tristique leo nulla, elementum imperdiet justo lacinia ac. Sed pharetra, lectus ut vestibulum lacinia, enim felis consectetur massa, vitae venenatis erat arcu vel tellus. Phasellus aliquet lorem consectetur leo tincidunt, viverra egestas erat lacinia. Integer dignissim lorem semper ullamcorper tincidunt. Aenean eros turpis, tincidunt ac mi sed, ultrices volutpat nunc. Donec metus leo, consectetur ac consequat eget, ornare at tellus. Sed non urna id elit accumsan volutpat nec sed justo. Proin viverra quis neque sed rhoncus. Maecenas in purus luctus, porta felis non, feugiat eros. Donec ut arcu in orci condimentum vulputate. Vivamus nec posuere lectus, at egestas turpis. Aenean odio nisi, sagittis ut eros a, sodales posuere felis. </p>\"}, {\"header\": \"I didn't know this\", \"body\": \"<p data-block-key=\\\"p6aqi\\\"> Pellentesque tristique leo nulla, elementum imperdiet justo lacinia ac. Sed pharetra, lectus ut vestibulum lacinia, enim felis consectetur massa, vitae venenatis erat arcu vel tellus. Phasellus aliquet lorem consectetur leo tincidunt, viverra egestas erat lacinia. Integer dignissim lorem semper ullamcorper tincidunt. Aenean eros turpis, tincidunt ac mi sed, ultrices volutpat nunc. Donec metus leo, consectetur ac consequat eget, ornare at tellus. Sed non urna id elit accumsan volutpat nec sed justo. Proin viverra quis neque sed rhoncus. Maecenas in purus luctus, porta felis non, feugiat eros. Donec ut arcu in orci condimentum vulputate. Vivamus nec posuere lectus, at egestas turpis. Aenean odio nisi, sagittis ut eros a, sodales posuere felis. </p>\"}, {\"header\": \"I can't believe this...\", \"body\": \"<p data-block-key=\\\"p6aqi\\\"> Pellentesque tristique leo nulla, elementum imperdiet justo lacinia ac. Sed pharetra, lectus ut vestibulum lacinia, enim felis consectetur massa, vitae venenatis erat arcu vel tellus. Phasellus aliquet lorem consectetur leo tincidunt, viverra egestas erat lacinia. Integer dignissim lorem semper ullamcorper tincidunt. Aenean eros turpis, tincidunt ac mi sed, ultrices volutpat nunc. Donec metus leo, consectetur ac consequat eget, ornare at tellus. Sed non urna id elit accumsan volutpat nec sed justo. Proin viverra quis neque sed rhoncus. Maecenas in purus luctus, porta felis non, feugiat eros. Donec ut arcu in orci condimentum vulputate. Vivamus nec posuere lectus, at egestas turpis. Aenean odio nisi, sagittis ut eros a, sodales posuere felis. </p>\"}], \"id\": \"ddfbcfed-451b-469b-baaf-ecc7c3c03ce0\"}]"
  }
},
{
  "model": "blog.postpage",
  "pk": 14,
  "fields": {
    "header_image": 7,
    "body": "[{\"type\": \"paragraph\", \"value\": \"<p data-block-key=\\\"4zkn5\\\">Nulla facilisi. Donec dignissim nulla non eros scelerisque, at consectetur dolor molestie. Mauris eros orci, egestas in lacinia quis, pharetra eu ante. Morbi sed dapibus nisi, in vestibulum nisi. Praesent sed convallis lacus. Vestibulum ante ipsum primis in faucibus orci luctus et ultrices posuere cubilia curae; Vestibulum vestibulum pretium nisi, pharetra tempus leo dictum et. Praesent et condimentum nulla. In semper, libero ut consequat bibendum, turpis risus tempor mi, in elementum lectus quam vitae mauris. Cras in arcu ante. Nam efficitur pellentesque felis. Proin vitae mattis diam, sit amet placerat mi. Nullam at mauris tellus.</p>\", \"id\": \"71a6fce8-94fb-4190-a229-bb650937176c\"}, {\"type\": \"image_text\", \"value\": {\"reverse\": false, \"text\": \"<p data-block-key=\\\"b289p\\\"> </p><p data-block-key=\\\"duhn3\\\">Mauris blandit ornare elit non ornare. Nullam vestibulum justo dignissim, malesuada ante vel, sagittis lorem. Interdum et malesuada fames ac ante ipsum primis in faucibus. Mauris feugiat nulla turpis, in rhoncus sapien semper vel. Phasellus rutrum faucibus lacinia.</p>\", \"image\": 5}, \"id\": \"37d6624f-d8c8-4fa9-8c7c-e33361fc716b\"}, {\"type\": \"paragraph\", \"value\": \"<p data-block-key=\\\"37pya\\\"></p><p data-block-key=\\\"ahv5b\\\">Mauris blandit ornare elit non ornare. Nullam vestibulum justo dignissim, malesuada ante vel, sagittis lorem. Interdum et malesuada fames ac ante ipsum primis in faucibus. Mauris feugiat nulla turpis, in rhoncus sapien semper vel. Phasellus rutrum faucibus lacinia. Praesent mauris augue, dictum eget ultrices sed, vestibulum a magna. In scelerisque tortor placerat, interdum tortor id, auctor mi. In tempus sem ex, sed consequat ante egestas quis. Nulla a commodo erat. Curabitur non condimentum neque, et ultrices ex. Donec porta magna non porta aliquam. Quisque cursus vulputate eleifend. Suspendisse a laoreet lorem, et sollicitudin lorem. Sed ipsum tortor, accumsan a bibendum et, euismod a ex. In quis mattis sem.</p><p data-block-key=\\\"bqe3c\\\">Nunc imperdiet ac est ut pretium. Ut a magna tristique, aliquet est nec, cursus tellus. Class aptent taciti sociosqu ad litora torquent per conubia nostra, per inceptos himenaeos. Nunc vitae porta nulla. Proin risus tortor, ullamcorper sed justo sit amet, porta dignissim felis. Interdum et malesuada fames ac ante ipsum primis in faucibus. Nam nec nulla sem. Nullam elementum est sit amet mattis consectetur. Suspendisse potenti. Suspendisse vulputate pellentesque erat ac ornare. Donec vehicula mauris non tempus pretium.</p><p data-block-key=\\\"f0mjn\\\">Nulla facilisi. Donec dignissim nulla non eros scelerisque, at consectetur dolor molestie. Mauris eros orci, egestas in lacinia quis, pharetra eu ante. Morbi sed dapibus nisi, in vestibulum nisi. Praesent sed convallis lacus. Vestibulum ante ipsum primis in faucibus orci luctus et ultrices posuere cubilia curae; Vestibulum vestibulum pretium nisi, pharetra tempus leo dictum et. Praesent et condimentum nulla. In semper, libero ut consequat bibendum, turpis risus tempor mi, in elementum lectus quam vitae mauris. Cras in arcu ante. Nam efficitur pellentesque felis. Proin vitae mattis diam, sit amet placerat mi. Nullam at mauris tellus.</p>\", \"id\": \"74c2142d-053b-487f-8a32-1ca0ac472a7e\"}]"
  }
},
{
  "model": "blog.postpage",
  "pk": 15,
  "fields": {
    "header_image": 8,
    "body": "[{\"type\": \"paragraph\", \"value\": \"<p data-block-key=\\\"zb25d\\\"></p><p data-block-key=\\\"7cueq\\\">Phasellus in diam neque. Pellentesque habitant morbi tristique senectus et netus et malesuada fames ac turpis egestas. Donec at tellus sed massa commodo sodales. Sed risus ipsum, volutpat sit amet scelerisque vitae, ullamcorper a purus. Donec sit amet nibh convallis, malesuada lectus et, ultricies velit. Cras efficitur elementum eros in dapibus. Sed ut mauris sed libero suscipit malesuada et at felis. Vivamus sit amet accumsan justo, sed ornare ex.</p><p data-block-key=\\\"9kbo1\\\">Pellentesque tristique leo nulla, elementum imperdiet justo lacinia ac. Sed pharetra, lectus ut vestibulum lacinia, enim felis consectetur massa, vitae venenatis erat arcu vel tellus. Phasellus aliquet lorem consectetur leo tincidunt, viverra egestas erat lacinia. Integer dignissim lorem semper ullamcorper tincidunt. Aenean eros turpis, tincidunt ac mi sed, ultrices volutpat nunc. Donec metus leo, consectetur ac consequat eget, ornare at tellus. Sed non urna id elit accumsan volutpat nec sed justo. Proin viverra quis neque sed rhoncus. Maecenas in purus luctus, porta felis non, feugiat eros. Donec ut arcu in orci condimentum vulputate. Vivamus nec posuere lectus, at egestas turpis. Aenean odio nisi, sagittis ut eros a, sodales posuere felis.</p><p data-block-key=\\\"ckluq\\\">Mauris blandit ornare elit non ornare. Nullam vestibulum justo dignissim, malesuada ante vel, sagittis lorem. Interdum et malesuada fames ac ante ipsum primis in faucibus. Mauris feugiat nulla turpis, in rhoncus sapien semper vel. Phasellus rutrum faucibus lacinia. Praesent mauris augue, dictum eget ultrices sed, vestibulum a magna. In scelerisque tortor placerat, interdum tortor id, auctor mi. In tempus sem ex, sed consequat ante egestas quis. Nulla a commodo erat. Curabitur non condimentum neque, et ultrices ex. Donec porta magna non porta aliquam. Quisque cursus vulputate eleifend. Suspendisse a laoreet lorem, et sollicitudin lorem. Sed ipsum tortor, accumsan a bibendum et, euismod a ex. In quis mattis sem.</p>\", \"id\": \"f63c9e41-3cb2-4d11-b3a2-28ab8eb90582\"}, {\"type\": \"h2\", \"value\": \"Nullam vestibulum justo dignissim, malesuada ante vel, sagittis lorem.\", \"id\": \"6611f5a3-bf83-4629-9e13-16954f9d5bd1\"}]"
  }
},
{
  "model": "blog.postpage",
  "pk": 18,
  "fields": {
    "header_image": 2,
    "body": "[{\"type\": \"listicle\", \"value\": [{\"header\": \"This one is great...\", \"body\": \"<p data-block-key=\\\"3kw33\\\">Lorem ipsum dolor sit amet, consectetur adipiscing elit. Vivamus nec mollis mauris. Suspendisse aliquet elit id elementum ultrices. In commodo dolor lorem, nec volutpat massa venenatis ac. Maecenas porta lectus libero, scelerisque rhoncus nunc feugiat at. Sed at odio vel tellus pharetra eleifend id at purus. Aenean vel laoreet lectus, vitae tristique ex. Mauris id urna nec lorem luctus laoreet eget luctus diam. Vivamus aliquet eleifend orci, quis interdum dui pretium in. Etiam malesuada imperdiet quam, vitae laoreet metus rhoncus ut. Nam augue enim, tincidunt id hendrerit nec, semper ut tellus. Fusce vehicula lobortis nibh, vitae euismod est. Morbi egestas, sem in condimentum convallis, nulla ante placerat dolor, vel lacinia justo lectus eget mi.</p>\"}, {\"header\": \"Did you know...\", \"body\": \"<p data-block-key=\\\"9zwp5\\\">Lorem ipsum dolor sit amet, consectetur adipiscing elit. Vivamus nec mollis mauris. Suspendisse aliquet elit id elementum ultrices. In commodo dolor lorem, nec volutpat massa venenatis ac. Maecenas porta lectus libero, scelerisque rhoncus nunc feugiat at. Sed at odio vel tellus pharetra eleifend id at purus. Aenean vel laoreet lectus, vitae tristique ex. Mauris id urna nec lorem luctus laoreet eget luctus diam. Vivamus aliquet eleifend orci, quis interdum dui pretium in. Etiam malesuada imperdiet quam, vitae laoreet metus rhoncus ut. Nam augue enim, tincidunt id hendrerit nec, semper ut tellus. Fusce vehicula lobortis nibh, vitae euismod est. Morbi egestas, sem in condimentum convallis, nulla ante placerat dolor, vel lacinia justo lectus eget mi.</p>\"}, {\"header\": \"I can't believe this...\", \"body\": \"<p data-block-key=\\\"tjsng\\\"> Lorem ipsum dolor sit amet, consectetur adipiscing elit. Vivamus nec mollis mauris. Suspendisse aliquet elit id elementum ultrices. In commodo dolor lorem, nec volutpat massa venenatis ac. Maecenas porta lectus libero, scelerisque rhoncus nunc feugiat at. Sed at odio vel tellus pharetra eleifend id at purus. Aenean vel laoreet lectus, vitae tristique ex. Mauris id urna nec lorem luctus laoreet eget luctus diam. Vivamus aliquet eleifend orci, quis interdum dui pretium in. Etiam malesuada imperdiet quam, vitae laoreet metus rhoncus ut. Nam augue enim, tincidunt id hendrerit nec, semper ut tellus. Fusce vehicula lobortis nibh, vitae euismod est. Morbi egestas, sem in condimentum convallis, nulla ante placerat dolor, vel lacinia justo lectus eget mi. </p>\"}], \"id\": \"c0a908cf-f259-4d19-ad3a-b208fa91a04e\"}]"
  }
},
{
  "model": "blog.postpage",
  "pk": 19,
  "fields": {
    "header_image": 3,
    "body": "[{\"type\": \"paragraph\", \"value\": \"<p data-block-key=\\\"iqcdn\\\"> </p><p data-block-key=\\\"a9v3s\\\">Lorem ipsum dolor sit amet, consectetur adipiscing elit. Vivamus nec mollis mauris. Suspendisse aliquet elit id elementum ultrices. In commodo dolor lorem, nec volutpat massa venenatis ac. Maecenas porta lectus libero, scelerisque rhoncus nunc feugiat at. Sed at odio vel tellus pharetra eleifend id at purus. Aenean vel laoreet lectus, vitae tristique ex. Mauris id urna nec lorem luctus laoreet eget luctus diam. Vivamus aliquet eleifend orci, quis interdum dui pretium in. Etiam malesuada imperdiet quam, vitae laoreet metus rhoncus ut. Nam augue enim, tincidunt id hendrerit nec, semper ut tellus. Fusce vehicula lobortis nibh, vitae euismod est. Morbi egestas, sem in condimentum convallis, nulla ante placerat dolor, vel lacinia justo lectus eget mi.</p>\", \"id\": \"e1eb1a66-1d8c-460d-b4ca-6ec2d79df0df\"}, {\"type\": \"image_carousel\", \"value\": [1, 2], \"id\": \"da2e4874-1082-4a50-b4e1-e49b895bde69\"}, {\"type\": \"paragraph\", \"value\": \"<p data-block-key=\\\"r0xe7\\\"></p><p data-block-key=\\\"ceivj\\\">Lorem ipsum dolor sit amet, consectetur adipiscing elit. Vivamus nec mollis mauris. Suspendisse aliquet elit id elementum ultrices. In commodo dolor lorem, nec volutpat massa venenatis ac. Maecenas porta lectus libero, scelerisque rhoncus nunc feugiat at. Sed at odio vel tellus pharetra eleifend id at purus. Aenean vel laoreet lectus, vitae tristique ex. Mauris id urna nec lorem luctus laoreet eget luctus diam. Vivamus aliquet eleifend orci, quis interdum dui pretium in. Etiam malesuada imperdiet quam, vitae laoreet metus rhoncus ut. Nam augue enim, tincidunt id hendrerit nec, semper ut tellus. Fusce vehicula lobortis nibh, vitae euismod est. Morbi egestas, sem in condimentum convallis, nulla ante placerat dolor, vel lacinia justo lectus eget mi.</p><p data-block-key=\\\"6ofr\\\">Quisque eu tempor orci. Quisque accumsan lacus metus, vitae lobortis neque aliquet at. Maecenas gravida neque et lacus euismod ultricies. In vitae aliquet diam, suscipit convallis neque. Nullam consectetur auctor turpis, eget pellentesque erat maximus id. Vestibulum in consectetur elit, id auctor tortor. Nullam aliquet eros ante. Interdum et malesuada fames ac ante ipsum primis in faucibus. Vestibulum venenatis lectus in massa mollis, non tempus lorem varius. Integer odio turpis, malesuada ac lobortis non, pharetra a eros. Suspendisse nec velit efficitur, cursus lorem ac, porta magna. Integer sit amet elementum ex, quis fermentum leo. Curabitur at nisi eget nisi faucibus vulputate. Quisque vitae cursus felis, et tristique quam.</p><p data-block-key=\\\"ejldo\\\">Nulla at purus at nisi semper lacinia. Duis a pulvinar nisl, et vestibulum eros. Lorem ipsum dolor sit amet, consectetur adipiscing elit. Lorem ipsum dolor sit amet, consectetur adipiscing elit. Phasellus eu consectetur dui. In nec ipsum accumsan ligula varius pretium vitae eu neque. Fusce rhoncus diam id quam fermentum lacinia. Mauris id ante dapibus, convallis purus eget, interdum orci. Etiam feugiat fermentum massa, at venenatis enim ultricies ac. Proin a suscipit mi. Duis dictum odio et maximus tempus. Proin ultricies nec tellus a commodo. Maecenas accumsan ex mi, sed auctor libero venenatis sit amet.</p>\", \"id\": \"e7108218-cc76-4e1d-bd42-c1f1e50b133c\"}]"
  }
},
{
  "model": "blog.postpage",
  "pk": 20,
  "fields": {
    "header_image": 4,
    "body": "[{\"type\": \"paragraph\", \"value\": \"<p data-block-key=\\\"s4ahx\\\"></p><p data-block-key=\\\"1ck1h\\\">Lorem ipsum dolor sit amet, consectetur adipiscing elit. Vivamus nec mollis mauris. Suspendisse aliquet elit id elementum ultrices. In commodo dolor lorem, nec volutpat massa venenatis ac. Maecenas porta lectus libero, scelerisque rhoncus nunc feugiat at. Sed at odio vel tellus pharetra eleifend id at purus. Aenean vel laoreet lectus, vitae tristique ex. Mauris id urna nec lorem luctus laoreet eget luctus diam. Vivamus aliquet eleifend orci, quis interdum dui pretium in. Etiam malesuada imperdiet quam, vitae laoreet metus rhoncus ut. Nam augue enim, tincidunt id hendrerit nec, semper ut tellus. Fusce vehicula lobortis nibh, vitae euismod est. Morbi egestas, sem in condimentum convallis, nulla ante placerat dolor, vel lacinia justo lectus eget mi.</p><p data-block-key=\\\"cuga5\\\">Quisque eu tempor orci. Quisque accumsan lacus metus, vitae lobortis neque aliquet at. Maecenas gravida neque et lacus euismod ultricies. In vitae aliquet diam, suscipit convallis neque. Nullam consectetur auctor turpis, eget pellentesque erat maximus id. Vestibulum in consectetur elit, id auctor tortor. Nullam aliquet eros ante. Interdum et malesuada fames ac ante ipsum primis in faucibus. Vestibulum venenatis lectus in massa mollis, non tempus lorem varius. Integer odio turpis, malesuada ac lobortis non, pharetra a eros. Suspendisse nec velit efficitur, cursus lorem ac, porta magna. Integer sit amet elementum ex, quis fermentum leo. Curabitur at nisi eget nisi faucibus vulputate. Quisque vitae cursus felis, et tristique quam.</p>\", \"id\": \"bd3bc460-1759-4de4-a797-f26058e82a5e\"}, {\"type\": \"cta\", \"value\": {\"title\": \"Want to know more?\", \"text\": \"<p data-block-key=\\\"ghn1s\\\"></p><p data-block-key=\\\"7hv68\\\">Lorem ipsum dolor sit amet, consectetur adipiscing elit. Vivamus nec mollis mauris. Suspendisse aliquet elit id elementum ultrices. In commodo dolor lorem, nec volutpat massa venenatis ac.</p>\", \"button_page\": null, \"button_url\": \"http://www.google.com\", \"button_text\": \"Learn More\"}, \"id\": \"dd7b9604-4f85-43b1-a33d-eee3d28c65a7\"}]"
  }
},
{
  "model": "blog.postpage",
  "pk": 25,
  "fields": {
    "header_image": 6,
    "body": "[{\"type\": \"listicle\", \"value\": [{\"header\": \"Facts\", \"body\": \"<p data-block-key=\\\"p12ke\\\"> Pellentesque tristique leo nulla, elementum imperdiet justo lacinia ac. Sed pharetra, lectus ut vestibulum lacinia, enim felis consectetur massa, vitae venenatis erat arcu vel tellus. Phasellus aliquet lorem consectetur leo tincidunt, viverra egestas erat lacinia. Integer dignissim lorem semper ullamcorper tincidunt. Aenean eros turpis, tincidunt ac mi sed, ultrices volutpat nunc. Donec metus leo, consectetur ac consequat eget, ornare at tellus. Sed non urna id elit accumsan volutpat nec sed justo. Proin viverra quis neque sed rhoncus. Maecenas in purus luctus, porta felis non, feugiat eros. Donec ut arcu in orci condimentum vulputate. Vivamus nec posuere lectus, at egestas turpis. Aenean odio nisi, sagittis ut eros a, sodales posuere felis. </p>\"}, {\"header\": \"I didn't know this\", \"body\": \"<p data-block-key=\\\"p6aqi\\\"> Pellentesque tristique leo nulla, elementum imperdiet justo lacinia ac. Sed pharetra, lectus ut vestibulum lacinia, enim felis consectetur massa, vitae venenatis erat arcu vel tellus. Phasellus aliquet lorem consectetur leo tincidunt, viverra egestas erat lacinia. Integer dignissim lorem semper ullamcorper tincidunt. Aenean eros turpis, tincidunt ac mi sed, ultrices volutpat nunc. Donec metus leo, consectetur ac consequat eget, ornare at tellus. Sed non urna id elit accumsan volutpat nec sed justo. Proin viverra quis neque sed rhoncus. Maecenas in purus luctus, porta felis non, feugiat eros. Donec ut arcu in orci condimentum vulputate. Vivamus nec posuere lectus, at egestas turpis. Aenean odio nisi, sagittis ut eros a, sodales posuere felis. </p>\"}, {\"header\": \"I can't believe this...\", \"body\": \"<p data-block-key=\\\"p6aqi\\\"> Pellentesque tristique leo nulla, elementum imperdiet justo lacinia ac. Sed pharetra, lectus ut vestibulum lacinia, enim felis consectetur massa, vitae venenatis erat arcu vel tellus. Phasellus aliquet lorem consectetur leo tincidunt, viverra egestas erat lacinia. Integer dignissim lorem semper ullamcorper tincidunt. Aenean eros turpis, tincidunt ac mi sed, ultrices volutpat nunc. Donec metus leo, consectetur ac consequat eget, ornare at tellus. Sed non urna id elit accumsan volutpat nec sed justo. Proin viverra quis neque sed rhoncus. Maecenas in purus luctus, porta felis non, feugiat eros. Donec ut arcu in orci condimentum vulputate. Vivamus nec posuere lectus, at egestas turpis. Aenean odio nisi, sagittis ut eros a, sodales posuere felis. </p>\"}], \"id\": \"ddfbcfed-451b-469b-baaf-ecc7c3c03ce0\"}]"
  }
},
{
  "model": "blog.postpage",
  "pk": 26,
  "fields": {
    "header_image": 7,
    "body": "[{\"type\": \"paragraph\", \"value\": \"<p data-block-key=\\\"4zkn5\\\">Nulla facilisi. Donec dignissim nulla non eros scelerisque, at consectetur dolor molestie. Mauris eros orci, egestas in lacinia quis, pharetra eu ante. Morbi sed dapibus nisi, in vestibulum nisi. Praesent sed convallis lacus. Vestibulum ante ipsum primis in faucibus orci luctus et ultrices posuere cubilia curae; Vestibulum vestibulum pretium nisi, pharetra tempus leo dictum et. Praesent et condimentum nulla. In semper, libero ut consequat bibendum, turpis risus tempor mi, in elementum lectus quam vitae mauris. Cras in arcu ante. Nam efficitur pellentesque felis. Proin vitae mattis diam, sit amet placerat mi. Nullam at mauris tellus.</p>\", \"id\": \"71a6fce8-94fb-4190-a229-bb650937176c\"}, {\"type\": \"image_text\", \"value\": {\"reverse\": false, \"text\": \"<p data-block-key=\\\"b289p\\\"> </p><p data-block-key=\\\"duhn3\\\">Mauris blandit ornare elit non ornare. Nullam vestibulum justo dignissim, malesuada ante vel, sagittis lorem. Interdum et malesuada fames ac ante ipsum primis in faucibus. Mauris feugiat nulla turpis, in rhoncus sapien semper vel. Phasellus rutrum faucibus lacinia.</p>\", \"image\": 5}, \"id\": \"37d6624f-d8c8-4fa9-8c7c-e33361fc716b\"}, {\"type\": \"paragraph\", \"value\": \"<p data-block-key=\\\"37pya\\\"></p><p data-block-key=\\\"ahv5b\\\">Mauris blandit ornare elit non ornare. Nullam vestibulum justo dignissim, malesuada ante vel, sagittis lorem. Interdum et malesuada fames ac ante ipsum primis in faucibus. Mauris feugiat nulla turpis, in rhoncus sapien semper vel. Phasellus rutrum faucibus lacinia. Praesent mauris augue, dictum eget ultrices sed, vestibulum a magna. In scelerisque tortor placerat, interdum tortor id, auctor mi. In tempus sem ex, sed consequat ante egestas quis. Nulla a commodo erat. Curabitur non condimentum neque, et ultrices ex. Donec porta magna non porta aliquam. Quisque cursus vulputate eleifend. Suspendisse a laoreet lorem, et sollicitudin lorem. Sed ipsum tortor, accumsan a bibendum et, euismod a ex. In quis mattis sem.</p><p data-block-key=\\\"bqe3c\\\">Nunc imperdiet ac est ut pretium. Ut a magna tristique, aliquet est nec, cursus tellus. Class aptent taciti sociosqu ad litora torquent per conubia nostra, per inceptos himenaeos. Nunc vitae porta nulla. Proin risus tortor, ullamcorper sed justo sit amet, porta dignissim felis. Interdum et malesuada fames ac ante ipsum primis in faucibus. Nam nec nulla sem. Nullam elementum est sit amet mattis consectetur. Suspendisse potenti. Suspendisse vulputate pellentesque erat ac ornare. Donec vehicula mauris non tempus pretium.</p><p data-block-key=\\\"f0mjn\\\">Nulla facilisi. Donec dignissim nulla non eros scelerisque, at consectetur dolor molestie. Mauris eros orci, egestas in lacinia quis, pharetra eu ante. Morbi sed dapibus nisi, in vestibulum nisi. Praesent sed convallis lacus. Vestibulum ante ipsum primis in faucibus orci luctus et ultrices posuere cubilia curae; Vestibulum vestibulum pretium nisi, pharetra tempus leo dictum et. Praesent et condimentum nulla. In semper, libero ut consequat bibendum, turpis risus tempor mi, in elementum lectus quam vitae mauris. Cras in arcu ante. Nam efficitur pellentesque felis. Proin vitae mattis diam, sit amet placerat mi. Nullam at mauris tellus.</p>\", \"id\": \"74c2142d-053b-487f-8a32-1ca0ac472a7e\"}]"
  }
},
{
  "model": "blog.postpage",
  "pk": 27,
  "fields": {
    "header_image": 8,
    "body": "[{\"type\": \"paragraph\", \"value\": \"<p data-block-key=\\\"zb25d\\\"></p><p data-block-key=\\\"7cueq\\\">Phasellus in diam neque. Pellentesque habitant morbi tristique senectus et netus et malesuada fames ac turpis egestas. Donec at tellus sed massa commodo sodales. Sed risus ipsum, volutpat sit amet scelerisque vitae, ullamcorper a purus. Donec sit amet nibh convallis, malesuada lectus et, ultricies velit. Cras efficitur elementum eros in dapibus. Sed ut mauris sed libero suscipit malesuada et at felis. Vivamus sit amet accumsan justo, sed ornare ex.</p><p data-block-key=\\\"9kbo1\\\">Pellentesque tristique leo nulla, elementum imperdiet justo lacinia ac. Sed pharetra, lectus ut vestibulum lacinia, enim felis consectetur massa, vitae venenatis erat arcu vel tellus. Phasellus aliquet lorem consectetur leo tincidunt, viverra egestas erat lacinia. Integer dignissim lorem semper ullamcorper tincidunt. Aenean eros turpis, tincidunt ac mi sed, ultrices volutpat nunc. Donec metus leo, consectetur ac consequat eget, ornare at tellus. Sed non urna id elit accumsan volutpat nec sed justo. Proin viverra quis neque sed rhoncus. Maecenas in purus luctus, porta felis non, feugiat eros. Donec ut arcu in orci condimentum vulputate. Vivamus nec posuere lectus, at egestas turpis. Aenean odio nisi, sagittis ut eros a, sodales posuere felis.</p><p data-block-key=\\\"ckluq\\\">Mauris blandit ornare elit non ornare. Nullam vestibulum justo dignissim, malesuada ante vel, sagittis lorem. Interdum et malesuada fames ac ante ipsum primis in faucibus. Mauris feugiat nulla turpis, in rhoncus sapien semper vel. Phasellus rutrum faucibus lacinia. Praesent mauris augue, dictum eget ultrices sed, vestibulum a magna. In scelerisque tortor placerat, interdum tortor id, auctor mi. In tempus sem ex, sed consequat ante egestas quis. Nulla a commodo erat. Curabitur non condimentum neque, et ultrices ex. Donec porta magna non porta aliquam. Quisque cursus vulputate eleifend. Suspendisse a laoreet lorem, et sollicitudin lorem. Sed ipsum tortor, accumsan a bibendum et, euismod a ex. In quis mattis sem.</p>\", \"id\": \"f63c9e41-3cb2-4d11-b3a2-28ab8eb90582\"}, {\"type\": \"h2\", \"value\": \"Nullam vestibulum justo dignissim, malesuada ante vel, sagittis lorem.\", \"id\": \"6611f5a3-bf83-4629-9e13-16954f9d5bd1\"}]"
  }
},
{
  "model": "blog.blogpage",
  "pk": 5,
  "fields": {
    "description": "Blog for the Orange brand"
  }
},
{
  "model": "blog.blogpage",
  "pk": 12,
  "fields": {
    "description": ""
  }
},
{
  "model": "blog.blogpage",
  "pk": 17,
  "fields": {
    "description": "Blog for the Orange brand"
  }
},
{
  "model": "blog.blogpage",
  "pk": 24,
  "fields": {
    "description": ""
  }
}
]
