--
-- PostgreSQL database dump
--

-- Dumped from database version 11.13
-- Dumped by pg_dump version 11.13 (Debian 11.13-0+deb10u1)

SET statement_timeout = 0;
SET lock_timeout = 0;
SET idle_in_transaction_session_timeout = 0;
SET client_encoding = 'UTF8';
SET standard_conforming_strings = on;
SELECT pg_catalog.set_config('search_path', '', false);
SET check_function_bodies = false;
SET xmloption = content;
SET client_min_messages = warning;
SET row_security = off;

ALTER TABLE ONLY public.wagtailusers_userprofile DROP CONSTRAINT wagtailusers_userprofile_user_id_59c92331_fk_auth_user_id;
ALTER TABLE ONLY public.wagtailsearch_querydailyhits DROP CONSTRAINT wagtailsearch_queryd_query_id_2185994b_fk_wagtailse;
ALTER TABLE ONLY public.wagtailsearch_editorspick DROP CONSTRAINT wagtailsearch_editor_query_id_c6eee4a0_fk_wagtailse;
ALTER TABLE ONLY public.wagtailsearch_editorspick DROP CONSTRAINT wagtailsearch_editor_page_id_28cbc274_fk_wagtailco;
ALTER TABLE ONLY public.wagtailredirects_redirect DROP CONSTRAINT wagtailredirects_red_site_id_780a0e1e_fk_wagtailco;
ALTER TABLE ONLY public.wagtailredirects_redirect DROP CONSTRAINT wagtailredirects_red_redirect_page_id_b5728a8f_fk_wagtailco;
ALTER TABLE ONLY public.wagtailimages_uploadedimage DROP CONSTRAINT wagtailimages_upload_uploaded_by_user_id_85921689_fk_auth_user;
ALTER TABLE ONLY public.wagtailimages_rendition DROP CONSTRAINT wagtailimages_rendit_image_id_3e1fd774_fk_wagtailim;
ALTER TABLE ONLY public.wagtailimages_image DROP CONSTRAINT wagtailimages_image_uploaded_by_user_id_5d73dc75_fk_auth_user;
ALTER TABLE ONLY public.wagtailimages_image DROP CONSTRAINT wagtailimages_image_collection_id_c2f8af7e_fk_wagtailco;
ALTER TABLE ONLY public.wagtailforms_formsubmission DROP CONSTRAINT wagtailforms_formsub_page_id_e48e93e7_fk_wagtailco;
ALTER TABLE ONLY public.wagtaildocs_uploadeddocument DROP CONSTRAINT wagtaildocs_uploaded_uploaded_by_user_id_8dd61a73_fk_auth_user;
ALTER TABLE ONLY public.wagtaildocs_document DROP CONSTRAINT wagtaildocs_document_uploaded_by_user_id_17258b41_fk_auth_user;
ALTER TABLE ONLY public.wagtaildocs_document DROP CONSTRAINT wagtaildocs_document_collection_id_23881625_fk_wagtailco;
ALTER TABLE ONLY public.wagtailcore_workflowtask DROP CONSTRAINT wagtailcore_workflow_workflow_id_b9717175_fk_wagtailco;
ALTER TABLE ONLY public.wagtailcore_workflowpage DROP CONSTRAINT wagtailcore_workflow_workflow_id_56f56ff6_fk_wagtailco;
ALTER TABLE ONLY public.wagtailcore_workflowstate DROP CONSTRAINT wagtailcore_workflow_workflow_id_1f18378f_fk_wagtailco;
ALTER TABLE ONLY public.wagtailcore_workflowtask DROP CONSTRAINT wagtailcore_workflow_task_id_ce7716fe_fk_wagtailco;
ALTER TABLE ONLY public.wagtailcore_workflowstate DROP CONSTRAINT wagtailcore_workflow_requested_by_id_4090bca3_fk_auth_user;
ALTER TABLE ONLY public.wagtailcore_workflowpage DROP CONSTRAINT wagtailcore_workflow_page_id_81e7bab6_fk_wagtailco;
ALTER TABLE ONLY public.wagtailcore_workflowstate DROP CONSTRAINT wagtailcore_workflow_page_id_6c962862_fk_wagtailco;
ALTER TABLE ONLY public.wagtailcore_workflowstate DROP CONSTRAINT wagtailcore_workflow_current_task_state_i_3a1a0632_fk_wagtailco;
ALTER TABLE ONLY public.wagtailcore_taskstate DROP CONSTRAINT wagtailcore_taskstate_task_id_c3677c34_fk_wagtailcore_task_id;
ALTER TABLE ONLY public.wagtailcore_taskstate DROP CONSTRAINT wagtailcore_taskstate_finished_by_id_13f98229_fk_auth_user_id;
ALTER TABLE ONLY public.wagtailcore_taskstate DROP CONSTRAINT wagtailcore_taskstat_workflow_state_id_9239a775_fk_wagtailco;
ALTER TABLE ONLY public.wagtailcore_taskstate DROP CONSTRAINT wagtailcore_taskstat_page_revision_id_9f52c88e_fk_wagtailco;
ALTER TABLE ONLY public.wagtailcore_taskstate DROP CONSTRAINT wagtailcore_taskstat_content_type_id_0a758fdc_fk_django_co;
ALTER TABLE ONLY public.wagtailcore_task DROP CONSTRAINT wagtailcore_task_content_type_id_249ab8ba_fk_django_co;
ALTER TABLE ONLY public.wagtailcore_site DROP CONSTRAINT wagtailcore_site_root_page_id_e02fb95c_fk_wagtailcore_page_id;
ALTER TABLE ONLY public.wagtailcore_pageviewrestriction_groups DROP CONSTRAINT wagtailcore_pageview_pageviewrestriction__f147a99a_fk_wagtailco;
ALTER TABLE ONLY public.wagtailcore_pageviewrestriction DROP CONSTRAINT wagtailcore_pageview_page_id_15a8bea6_fk_wagtailco;
ALTER TABLE ONLY public.wagtailcore_pageviewrestriction_groups DROP CONSTRAINT wagtailcore_pageview_group_id_6460f223_fk_auth_grou;
ALTER TABLE ONLY public.wagtailcore_pagesubscription DROP CONSTRAINT wagtailcore_pagesubscription_user_id_89d7def9_fk_auth_user_id;
ALTER TABLE ONLY public.wagtailcore_pagesubscription DROP CONSTRAINT wagtailcore_pagesubs_page_id_a085e7a6_fk_wagtailco;
ALTER TABLE ONLY public.wagtailcore_pagerevision DROP CONSTRAINT wagtailcore_pagerevision_user_id_2409d2f4_fk_auth_user_id;
ALTER TABLE ONLY public.wagtailcore_pagerevision DROP CONSTRAINT wagtailcore_pagerevi_page_id_d421cc1d_fk_wagtailco;
ALTER TABLE ONLY public.wagtailcore_pagelogentry DROP CONSTRAINT wagtailcore_pageloge_content_type_id_74e7708a_fk_django_co;
ALTER TABLE ONLY public.wagtailcore_page DROP CONSTRAINT wagtailcore_page_owner_id_fbf7c332_fk_auth_user_id;
ALTER TABLE ONLY public.wagtailcore_page DROP CONSTRAINT wagtailcore_page_locked_by_id_bcb86245_fk_auth_user_id;
ALTER TABLE ONLY public.wagtailcore_page DROP CONSTRAINT wagtailcore_page_locale_id_3c7e30a6_fk_wagtailcore_locale_id;
ALTER TABLE ONLY public.wagtailcore_page DROP CONSTRAINT wagtailcore_page_live_revision_id_930bd822_fk_wagtailco;
ALTER TABLE ONLY public.wagtailcore_page DROP CONSTRAINT wagtailcore_page_content_type_id_c28424df_fk_django_co;
ALTER TABLE ONLY public.wagtailcore_page DROP CONSTRAINT wagtailcore_page_alias_of_id_12945502_fk_wagtailcore_page_id;
ALTER TABLE ONLY public.wagtailcore_grouppagepermission DROP CONSTRAINT wagtailcore_grouppag_page_id_710b114a_fk_wagtailco;
ALTER TABLE ONLY public.wagtailcore_grouppagepermission DROP CONSTRAINT wagtailcore_grouppag_group_id_fc07e671_fk_auth_grou;
ALTER TABLE ONLY public.wagtailcore_groupcollectionpermission DROP CONSTRAINT wagtailcore_groupcol_permission_id_1b626275_fk_auth_perm;
ALTER TABLE ONLY public.wagtailcore_groupcollectionpermission DROP CONSTRAINT wagtailcore_groupcol_group_id_05d61460_fk_auth_grou;
ALTER TABLE ONLY public.wagtailcore_groupcollectionpermission DROP CONSTRAINT wagtailcore_groupcol_collection_id_5423575a_fk_wagtailco;
ALTER TABLE ONLY public.wagtailcore_groupapprovaltask DROP CONSTRAINT wagtailcore_groupapp_task_ptr_id_cfe58781_fk_wagtailco;
ALTER TABLE ONLY public.wagtailcore_groupapprovaltask_groups DROP CONSTRAINT wagtailcore_groupapp_groupapprovaltask_id_9a9255ea_fk_wagtailco;
ALTER TABLE ONLY public.wagtailcore_groupapprovaltask_groups DROP CONSTRAINT wagtailcore_groupapp_group_id_2e64b61f_fk_auth_grou;
ALTER TABLE ONLY public.wagtailcore_commentreply DROP CONSTRAINT wagtailcore_commentreply_user_id_d0b3b9c3_fk_auth_user_id;
ALTER TABLE ONLY public.wagtailcore_commentreply DROP CONSTRAINT wagtailcore_commentr_comment_id_afc7e027_fk_wagtailco;
ALTER TABLE ONLY public.wagtailcore_comment DROP CONSTRAINT wagtailcore_comment_user_id_0c577ca6_fk_auth_user_id;
ALTER TABLE ONLY public.wagtailcore_comment DROP CONSTRAINT wagtailcore_comment_revision_created_id_1d058279_fk_wagtailco;
ALTER TABLE ONLY public.wagtailcore_comment DROP CONSTRAINT wagtailcore_comment_resolved_by_id_a282aa0e_fk_auth_user_id;
ALTER TABLE ONLY public.wagtailcore_comment DROP CONSTRAINT wagtailcore_comment_page_id_108444b5_fk_wagtailcore_page_id;
ALTER TABLE ONLY public.wagtailcore_collectionviewrestriction_groups DROP CONSTRAINT wagtailcore_collecti_group_id_1823f2a3_fk_auth_grou;
ALTER TABLE ONLY public.wagtailcore_collectionviewrestriction_groups DROP CONSTRAINT wagtailcore_collecti_collectionviewrestri_47320efd_fk_wagtailco;
ALTER TABLE ONLY public.wagtailcore_collectionviewrestriction DROP CONSTRAINT wagtailcore_collecti_collection_id_761908ec_fk_wagtailco;
ALTER TABLE ONLY public.wagtail_localize_translation DROP CONSTRAINT wagtail_localize_tra_target_locale_id_8c524f73_fk_wagtailco;
ALTER TABLE ONLY public.wagtail_localize_translationsource DROP CONSTRAINT wagtail_localize_tra_specific_content_typ_3095eb76_fk_django_co;
ALTER TABLE ONLY public.wagtail_localize_translation DROP CONSTRAINT wagtail_localize_tra_source_id_e326e1e3_fk_wagtail_l;
ALTER TABLE ONLY public.wagtail_localize_translationlog DROP CONSTRAINT wagtail_localize_tra_source_id_7228923e_fk_wagtail_l;
ALTER TABLE ONLY public.wagtail_localize_translationlog DROP CONSTRAINT wagtail_localize_tra_page_revision_id_b036eea6_fk_wagtailco;
ALTER TABLE ONLY public.wagtail_localize_translationcontext DROP CONSTRAINT wagtail_localize_tra_object_id_86263ce7_fk_wagtail_l;
ALTER TABLE ONLY public.wagtail_localize_translationsource DROP CONSTRAINT wagtail_localize_tra_object_id_6a078fd2_fk_wagtail_l;
ALTER TABLE ONLY public.wagtail_localize_translationlog DROP CONSTRAINT wagtail_localize_tra_locale_id_37619cb4_fk_wagtailco;
ALTER TABLE ONLY public.wagtail_localize_translationsource DROP CONSTRAINT wagtail_localize_tra_locale_id_0ac264c0_fk_wagtailco;
ALTER TABLE ONLY public.wagtail_localize_translatableobject DROP CONSTRAINT wagtail_localize_tra_content_type_id_0d6c5139_fk_django_co;
ALTER TABLE ONLY public.wagtail_localize_templatesegment DROP CONSTRAINT wagtail_localize_tem_template_id_c370b3c8_fk_wagtail_l;
ALTER TABLE ONLY public.wagtail_localize_templatesegment DROP CONSTRAINT wagtail_localize_tem_source_id_26b89dc6_fk_wagtail_l;
ALTER TABLE ONLY public.wagtail_localize_templatesegment DROP CONSTRAINT wagtail_localize_tem_context_id_81456b25_fk_wagtail_l;
ALTER TABLE ONLY public.wagtail_localize_stringtranslation DROP CONSTRAINT wagtail_localize_str_translation_of_id_8eef01d0_fk_wagtail_l;
ALTER TABLE ONLY public.wagtail_localize_stringsegment DROP CONSTRAINT wagtail_localize_str_string_id_6356d5ec_fk_wagtail_l;
ALTER TABLE ONLY public.wagtail_localize_stringsegment DROP CONSTRAINT wagtail_localize_str_source_id_5804129f_fk_wagtail_l;
ALTER TABLE ONLY public.wagtail_localize_stringtranslation DROP CONSTRAINT wagtail_localize_str_locale_id_b9e3730d_fk_wagtailco;
ALTER TABLE ONLY public.wagtail_localize_string DROP CONSTRAINT wagtail_localize_str_locale_id_2cded126_fk_wagtailco;
ALTER TABLE ONLY public.wagtail_localize_stringtranslation DROP CONSTRAINT wagtail_localize_str_last_translated_by_i_764c7a3f_fk_auth_user;
ALTER TABLE ONLY public.wagtail_localize_stringsegment DROP CONSTRAINT wagtail_localize_str_context_id_63235539_fk_wagtail_l;
ALTER TABLE ONLY public.wagtail_localize_stringtranslation DROP CONSTRAINT wagtail_localize_str_context_id_3cc13049_fk_wagtail_l;
ALTER TABLE ONLY public.wagtail_localize_segmentoverride DROP CONSTRAINT wagtail_localize_seg_locale_id_b1673d41_fk_wagtailco;
ALTER TABLE ONLY public.wagtail_localize_segmentoverride DROP CONSTRAINT wagtail_localize_seg_last_translated_by_i_a86448fc_fk_auth_user;
ALTER TABLE ONLY public.wagtail_localize_segmentoverride DROP CONSTRAINT wagtail_localize_seg_context_id_f827efe0_fk_wagtail_l;
ALTER TABLE ONLY public.wagtail_localize_relatedobjectsegment DROP CONSTRAINT wagtail_localize_rel_source_id_9a3b1373_fk_wagtail_l;
ALTER TABLE ONLY public.wagtail_localize_relatedobjectsegment DROP CONSTRAINT wagtail_localize_rel_object_id_6c7b58df_fk_wagtail_l;
ALTER TABLE ONLY public.wagtail_localize_relatedobjectsegment DROP CONSTRAINT wagtail_localize_rel_context_id_c0a725be_fk_wagtail_l;
ALTER TABLE ONLY public.wagtail_localize_overridablesegment DROP CONSTRAINT wagtail_localize_ove_source_id_5720ac20_fk_wagtail_l;
ALTER TABLE ONLY public.wagtail_localize_overridablesegment DROP CONSTRAINT wagtail_localize_ove_context_id_eed8c388_fk_wagtail_l;
ALTER TABLE ONLY public.wagtail_localize_localesynchronization DROP CONSTRAINT wagtail_localize_loc_sync_from_id_1bc4c2eb_fk_wagtailco;
ALTER TABLE ONLY public.wagtail_localize_localesynchronization DROP CONSTRAINT wagtail_localize_loc_locale_id_036a3a20_fk_wagtailco;
ALTER TABLE ONLY public.taggit_taggeditem DROP CONSTRAINT taggit_taggeditem_tag_id_f4f5b767_fk_taggit_tag_id;
ALTER TABLE ONLY public.taggit_taggeditem DROP CONSTRAINT taggit_taggeditem_content_type_id_9957a03c_fk_django_co;
ALTER TABLE ONLY public.landing_landingpage DROP CONSTRAINT landing_landingpage_page_ptr_id_f2004790_fk_wagtailcore_page_id;
ALTER TABLE ONLY public.landing_landingpage DROP CONSTRAINT landing_landingpage_logo_id_211356f3_fk_wagtailimages_image_id;
ALTER TABLE ONLY public.landing_landingpage DROP CONSTRAINT landing_landingpage_blog_page_id_2edfbd4a_fk_wagtailco;
ALTER TABLE ONLY public.landing_landingpage DROP CONSTRAINT landing_landingpage_about_page_id_9b240658_fk_wagtailco;
ALTER TABLE ONLY public.home_homepage DROP CONSTRAINT home_homepage_page_ptr_id_e5b77cf7_fk_wagtailcore_page_id;
ALTER TABLE ONLY public.django_admin_log DROP CONSTRAINT django_admin_log_user_id_c564eba6_fk_auth_user_id;
ALTER TABLE ONLY public.django_admin_log DROP CONSTRAINT django_admin_log_content_type_id_c4bce8eb_fk_django_co;
ALTER TABLE ONLY public.blog_postpagetag DROP CONSTRAINT blog_postpagetag_tag_id_4bb6c6b3_fk_taggit_tag_id;
ALTER TABLE ONLY public.blog_postpagetag DROP CONSTRAINT blog_postpagetag_content_object_id_a06cd0b5_fk_blog_post;
ALTER TABLE ONLY public.blog_postpageblogcategory DROP CONSTRAINT blog_postpageblogcategory_blog_category_id_d556e5eb_fk;
ALTER TABLE ONLY public.blog_postpageblogcategory DROP CONSTRAINT blog_postpageblogcat_page_id_b8f4da20_fk_blog_post;
ALTER TABLE ONLY public.blog_postpage DROP CONSTRAINT blog_postpage_page_ptr_id_54127208_fk_wagtailcore_page_id;
ALTER TABLE ONLY public.blog_postpage DROP CONSTRAINT blog_postpage_header_image_id_b6fcd5f4_fk_wagtailim;
ALTER TABLE ONLY public.blog_blogpage DROP CONSTRAINT blog_blogpage_page_ptr_id_1d78e2b7_fk_wagtailcore_page_id;
ALTER TABLE ONLY public.auth_user_user_permissions DROP CONSTRAINT auth_user_user_permissions_user_id_a95ead1b_fk_auth_user_id;
ALTER TABLE ONLY public.auth_user_user_permissions DROP CONSTRAINT auth_user_user_permi_permission_id_1fbb5f2c_fk_auth_perm;
ALTER TABLE ONLY public.auth_user_groups DROP CONSTRAINT auth_user_groups_user_id_6a12ed8b_fk_auth_user_id;
ALTER TABLE ONLY public.auth_user_groups DROP CONSTRAINT auth_user_groups_group_id_97559544_fk_auth_group_id;
ALTER TABLE ONLY public.auth_permission DROP CONSTRAINT auth_permission_content_type_id_2f476e4b_fk_django_co;
ALTER TABLE ONLY public.auth_group_permissions DROP CONSTRAINT auth_group_permissions_group_id_b120cbf9_fk_auth_group_id;
ALTER TABLE ONLY public.auth_group_permissions DROP CONSTRAINT auth_group_permissio_permission_id_84c5c92e_fk_auth_perm;
ALTER TABLE ONLY public.about_aboutpage DROP CONSTRAINT about_aboutpage_page_ptr_id_4b8dd3ec_fk_wagtailcore_page_id;
ALTER TABLE ONLY public.about_aboutpage DROP CONSTRAINT about_aboutpage_blog_page_id_390de298_fk_wagtailcore_page_id;
DROP INDEX public.wagtailsearch_querydailyhits_query_id_2185994b;
DROP INDEX public.wagtailsearch_query_query_string_e785ea07_like;
DROP INDEX public.wagtailsearch_editorspick_query_id_c6eee4a0;
DROP INDEX public.wagtailsearch_editorspick_page_id_28cbc274;
DROP INDEX public.wagtailredirects_redirect_site_id_780a0e1e;
DROP INDEX public.wagtailredirects_redirect_redirect_page_id_b5728a8f;
DROP INDEX public.wagtailredirects_redirect_old_path_bb35247b_like;
DROP INDEX public.wagtailredirects_redirect_old_path_bb35247b;
DROP INDEX public.wagtailimages_uploadedimage_uploaded_by_user_id_85921689;
DROP INDEX public.wagtailimages_rendition_image_id_3e1fd774;
DROP INDEX public.wagtailimages_rendition_filter_spec_1cba3201_like;
DROP INDEX public.wagtailimages_rendition_filter_spec_1cba3201;
DROP INDEX public.wagtailimages_image_uploaded_by_user_id_5d73dc75;
DROP INDEX public.wagtailimages_image_created_at_86fa6cd4;
DROP INDEX public.wagtailimages_image_collection_id_c2f8af7e;
DROP INDEX public.wagtailforms_formsubmission_page_id_e48e93e7;
DROP INDEX public.wagtailembeds_embed_hash_c9bd8c9a_like;
DROP INDEX public.wagtailembeds_embed_cache_until_26c94bb0;
DROP INDEX public.wagtaildocs_uploadeddocument_uploaded_by_user_id_8dd61a73;
DROP INDEX public.wagtaildocs_document_uploaded_by_user_id_17258b41;
DROP INDEX public.wagtaildocs_document_collection_id_23881625;
DROP INDEX public.wagtailcore_workflowtask_workflow_id_b9717175;
DROP INDEX public.wagtailcore_workflowtask_task_id_ce7716fe;
DROP INDEX public.wagtailcore_workflowstate_workflow_id_1f18378f;
DROP INDEX public.wagtailcore_workflowstate_requested_by_id_4090bca3;
DROP INDEX public.wagtailcore_workflowstate_page_id_6c962862;
DROP INDEX public.wagtailcore_workflowpage_workflow_id_56f56ff6;
DROP INDEX public.wagtailcore_taskstate_workflow_state_id_9239a775;
DROP INDEX public.wagtailcore_taskstate_task_id_c3677c34;
DROP INDEX public.wagtailcore_taskstate_page_revision_id_9f52c88e;
DROP INDEX public.wagtailcore_taskstate_finished_by_id_13f98229;
DROP INDEX public.wagtailcore_taskstate_content_type_id_0a758fdc;
DROP INDEX public.wagtailcore_task_content_type_id_249ab8ba;
DROP INDEX public.wagtailcore_site_root_page_id_e02fb95c;
DROP INDEX public.wagtailcore_site_hostname_96b20b46_like;
DROP INDEX public.wagtailcore_site_hostname_96b20b46;
DROP INDEX public.wagtailcore_pageviewrestriction_page_id_15a8bea6;
DROP INDEX public.wagtailcore_pageviewrestriction_groups_group_id_6460f223;
DROP INDEX public.wagtailcore_pageviewrestri_pageviewrestriction_id_f147a99a;
DROP INDEX public.wagtailcore_pagesubscription_user_id_89d7def9;
DROP INDEX public.wagtailcore_pagesubscription_page_id_a085e7a6;
DROP INDEX public.wagtailcore_pagerevision_user_id_2409d2f4;
DROP INDEX public.wagtailcore_pagerevision_submitted_for_moderation_c682e44c;
DROP INDEX public.wagtailcore_pagerevision_page_id_d421cc1d;
DROP INDEX public.wagtailcore_pagerevision_created_at_66954e3b;
DROP INDEX public.wagtailcore_pagerevision_approved_go_live_at_e56afc67;
DROP INDEX public.wagtailcore_pagelogentry_user_id_604ccfd8;
DROP INDEX public.wagtailcore_pagelogentry_revision_id_8043d103;
DROP INDEX public.wagtailcore_pagelogentry_page_id_8464e327;
DROP INDEX public.wagtailcore_pagelogentry_content_type_id_74e7708a;
DROP INDEX public.wagtailcore_pagelogentry_content_changed_99f27ade;
DROP INDEX public.wagtailcore_pagelogentry_action_c2408198_like;
DROP INDEX public.wagtailcore_pagelogentry_action_c2408198;
DROP INDEX public.wagtailcore_page_slug_e7c11b8f_like;
DROP INDEX public.wagtailcore_page_slug_e7c11b8f;
DROP INDEX public.wagtailcore_page_path_98eba2c8_like;
DROP INDEX public.wagtailcore_page_owner_id_fbf7c332;
DROP INDEX public.wagtailcore_page_locked_by_id_bcb86245;
DROP INDEX public.wagtailcore_page_locale_id_3c7e30a6;
DROP INDEX public.wagtailcore_page_live_revision_id_930bd822;
DROP INDEX public.wagtailcore_page_first_published_at_2b5dd637;
DROP INDEX public.wagtailcore_page_content_type_id_c28424df;
DROP INDEX public.wagtailcore_page_alias_of_id_12945502;
DROP INDEX public.wagtailcore_locale_language_code_03149338_like;
DROP INDEX public.wagtailcore_grouppagepermission_page_id_710b114a;
DROP INDEX public.wagtailcore_grouppagepermission_group_id_fc07e671;
DROP INDEX public.wagtailcore_groupcollectionpermission_permission_id_1b626275;
DROP INDEX public.wagtailcore_groupcollectionpermission_group_id_05d61460;
DROP INDEX public.wagtailcore_groupcollectionpermission_collection_id_5423575a;
DROP INDEX public.wagtailcore_groupapprovaltask_groups_group_id_2e64b61f;
DROP INDEX public.wagtailcore_groupapprovalt_groupapprovaltask_id_9a9255ea;
DROP INDEX public.wagtailcore_commentreply_user_id_d0b3b9c3;
DROP INDEX public.wagtailcore_commentreply_comment_id_afc7e027;
DROP INDEX public.wagtailcore_comment_user_id_0c577ca6;
DROP INDEX public.wagtailcore_comment_revision_created_id_1d058279;
DROP INDEX public.wagtailcore_comment_resolved_by_id_a282aa0e;
DROP INDEX public.wagtailcore_comment_page_id_108444b5;
DROP INDEX public.wagtailcore_collectionviewrestriction_groups_group_id_1823f2a3;
DROP INDEX public.wagtailcore_collectionviewrestriction_collection_id_761908ec;
DROP INDEX public.wagtailcore_collectionview_collectionviewrestriction__47320efd;
DROP INDEX public.wagtailcore_collection_path_d848dc19_like;
DROP INDEX public.wagtail_localize_translationsource_object_id_6a078fd2;
DROP INDEX public.wagtail_localize_translationsource_locale_id_0ac264c0;
DROP INDEX public.wagtail_localize_translationlog_source_id_7228923e;
DROP INDEX public.wagtail_localize_translationlog_page_revision_id_b036eea6;
DROP INDEX public.wagtail_localize_translationlog_locale_id_37619cb4;
DROP INDEX public.wagtail_localize_translationcontext_object_id_86263ce7;
DROP INDEX public.wagtail_localize_translation_target_locale_id_8c524f73;
DROP INDEX public.wagtail_localize_translation_source_id_e326e1e3;
DROP INDEX public.wagtail_localize_translati_specific_content_type_id_3095eb76;
DROP INDEX public.wagtail_localize_translatableobject_content_type_id_0d6c5139;
DROP INDEX public.wagtail_localize_templatesegment_template_id_c370b3c8;
DROP INDEX public.wagtail_localize_templatesegment_source_id_26b89dc6;
DROP INDEX public.wagtail_localize_templatesegment_context_id_81456b25;
DROP INDEX public.wagtail_localize_stringtranslation_translation_of_id_8eef01d0;
DROP INDEX public.wagtail_localize_stringtranslation_locale_id_b9e3730d;
DROP INDEX public.wagtail_localize_stringtranslation_context_id_3cc13049;
DROP INDEX public.wagtail_localize_stringtra_last_translated_by_id_764c7a3f;
DROP INDEX public.wagtail_localize_stringsegment_string_id_6356d5ec;
DROP INDEX public.wagtail_localize_stringsegment_source_id_5804129f;
DROP INDEX public.wagtail_localize_stringsegment_context_id_63235539;
DROP INDEX public.wagtail_localize_string_locale_id_2cded126;
DROP INDEX public.wagtail_localize_segmentoverride_locale_id_b1673d41;
DROP INDEX public.wagtail_localize_segmentoverride_last_translated_by_id_a86448fc;
DROP INDEX public.wagtail_localize_segmentoverride_context_id_f827efe0;
DROP INDEX public.wagtail_localize_relatedobjectsegment_source_id_9a3b1373;
DROP INDEX public.wagtail_localize_relatedobjectsegment_object_id_6c7b58df;
DROP INDEX public.wagtail_localize_relatedobjectsegment_context_id_c0a725be;
DROP INDEX public.wagtail_localize_overridablesegment_source_id_5720ac20;
DROP INDEX public.wagtail_localize_overridablesegment_context_id_eed8c388;
DROP INDEX public.wagtail_localize_localesynchronization_sync_from_id_1bc4c2eb;
DROP INDEX public.unique_in_progress_workflow;
DROP INDEX public.taggit_taggeditem_tag_id_f4f5b767;
DROP INDEX public.taggit_taggeditem_object_id_e2d7d1df;
DROP INDEX public.taggit_taggeditem_content_type_id_object_id_196cc965_idx;
DROP INDEX public.taggit_taggeditem_content_type_id_9957a03c;
DROP INDEX public.taggit_tag_slug_6be58b2c_like;
DROP INDEX public.taggit_tag_name_58eb2ed9_like;
DROP INDEX public.landing_landingpage_logo_id_211356f3;
DROP INDEX public.landing_landingpage_blog_page_id_2edfbd4a;
DROP INDEX public.landing_landingpage_about_page_id_9b240658;
DROP INDEX public.django_session_session_key_c0390e0f_like;
DROP INDEX public.django_session_expire_date_a5c62663;
DROP INDEX public.django_admin_log_user_id_c564eba6;
DROP INDEX public.django_admin_log_content_type_id_c4bce8eb;
DROP INDEX public.blog_postpagetag_tag_id_4bb6c6b3;
DROP INDEX public.blog_postpagetag_content_object_id_a06cd0b5;
DROP INDEX public.blog_postpageblogcategory_page_id_b8f4da20;
DROP INDEX public.blog_postpageblogcategory_blog_category_id_d556e5eb;
DROP INDEX public.blog_postpage_header_image_id_b6fcd5f4;
DROP INDEX public.blog_blogcategory_slug_7996de7a_like;
DROP INDEX public.auth_user_username_6821ab7c_like;
DROP INDEX public.auth_user_user_permissions_user_id_a95ead1b;
DROP INDEX public.auth_user_user_permissions_permission_id_1fbb5f2c;
DROP INDEX public.auth_user_groups_user_id_6a12ed8b;
DROP INDEX public.auth_user_groups_group_id_97559544;
DROP INDEX public.auth_permission_content_type_id_2f476e4b;
DROP INDEX public.auth_group_permissions_permission_id_84c5c92e;
DROP INDEX public.auth_group_permissions_group_id_b120cbf9;
DROP INDEX public.auth_group_name_a6ea08ec_like;
DROP INDEX public.about_aboutpage_blog_page_id_390de298;
ALTER TABLE ONLY public.wagtailusers_userprofile DROP CONSTRAINT wagtailusers_userprofile_user_id_key;
ALTER TABLE ONLY public.wagtailusers_userprofile DROP CONSTRAINT wagtailusers_userprofile_pkey;
ALTER TABLE ONLY public.wagtailsearch_querydailyhits DROP CONSTRAINT wagtailsearch_querydailyhits_query_id_date_1dd232e6_uniq;
ALTER TABLE ONLY public.wagtailsearch_querydailyhits DROP CONSTRAINT wagtailsearch_querydailyhits_pkey;
ALTER TABLE ONLY public.wagtailsearch_query DROP CONSTRAINT wagtailsearch_query_query_string_key;
ALTER TABLE ONLY public.wagtailsearch_query DROP CONSTRAINT wagtailsearch_query_pkey;
ALTER TABLE ONLY public.wagtailsearch_editorspick DROP CONSTRAINT wagtailsearch_editorspick_pkey;
ALTER TABLE ONLY public.wagtailredirects_redirect DROP CONSTRAINT wagtailredirects_redirect_pkey;
ALTER TABLE ONLY public.wagtailredirects_redirect DROP CONSTRAINT wagtailredirects_redirect_old_path_site_id_783622d7_uniq;
ALTER TABLE ONLY public.wagtailimages_uploadedimage DROP CONSTRAINT wagtailimages_uploadedimage_pkey;
ALTER TABLE ONLY public.wagtailimages_rendition DROP CONSTRAINT wagtailimages_rendition_pkey;
ALTER TABLE ONLY public.wagtailimages_rendition DROP CONSTRAINT wagtailimages_rendition_image_id_filter_spec_foc_323c8fe0_uniq;
ALTER TABLE ONLY public.wagtailimages_image DROP CONSTRAINT wagtailimages_image_pkey;
ALTER TABLE ONLY public.wagtailforms_formsubmission DROP CONSTRAINT wagtailforms_formsubmission_pkey;
ALTER TABLE ONLY public.wagtailembeds_embed DROP CONSTRAINT wagtailembeds_embed_pkey;
ALTER TABLE ONLY public.wagtailembeds_embed DROP CONSTRAINT wagtailembeds_embed_hash_c9bd8c9a_uniq;
ALTER TABLE ONLY public.wagtaildocs_uploadeddocument DROP CONSTRAINT wagtaildocs_uploadeddocument_pkey;
ALTER TABLE ONLY public.wagtaildocs_document DROP CONSTRAINT wagtaildocs_document_pkey;
ALTER TABLE ONLY public.wagtailcore_workflowtask DROP CONSTRAINT wagtailcore_workflowtask_workflow_id_task_id_4ec7a62b_uniq;
ALTER TABLE ONLY public.wagtailcore_workflowtask DROP CONSTRAINT wagtailcore_workflowtask_pkey;
ALTER TABLE ONLY public.wagtailcore_workflowstate DROP CONSTRAINT wagtailcore_workflowstate_pkey;
ALTER TABLE ONLY public.wagtailcore_workflowstate DROP CONSTRAINT wagtailcore_workflowstate_current_task_state_id_key;
ALTER TABLE ONLY public.wagtailcore_workflowpage DROP CONSTRAINT wagtailcore_workflowpage_pkey;
ALTER TABLE ONLY public.wagtailcore_workflow DROP CONSTRAINT wagtailcore_workflow_pkey;
ALTER TABLE ONLY public.wagtailcore_taskstate DROP CONSTRAINT wagtailcore_taskstate_pkey;
ALTER TABLE ONLY public.wagtailcore_task DROP CONSTRAINT wagtailcore_task_pkey;
ALTER TABLE ONLY public.wagtailcore_site DROP CONSTRAINT wagtailcore_site_pkey;
ALTER TABLE ONLY public.wagtailcore_site DROP CONSTRAINT wagtailcore_site_hostname_port_2c626d70_uniq;
ALTER TABLE ONLY public.wagtailcore_pageviewrestriction DROP CONSTRAINT wagtailcore_pageviewrestriction_pkey;
ALTER TABLE ONLY public.wagtailcore_pageviewrestriction_groups DROP CONSTRAINT wagtailcore_pageviewrestriction_groups_pkey;
ALTER TABLE ONLY public.wagtailcore_pageviewrestriction_groups DROP CONSTRAINT wagtailcore_pageviewrest_pageviewrestriction_id_g_d23f80bb_uniq;
ALTER TABLE ONLY public.wagtailcore_pagesubscription DROP CONSTRAINT wagtailcore_pagesubscription_pkey;
ALTER TABLE ONLY public.wagtailcore_pagesubscription DROP CONSTRAINT wagtailcore_pagesubscription_page_id_user_id_0cef73ed_uniq;
ALTER TABLE ONLY public.wagtailcore_pagerevision DROP CONSTRAINT wagtailcore_pagerevision_pkey;
ALTER TABLE ONLY public.wagtailcore_pagelogentry DROP CONSTRAINT wagtailcore_pagelogentry_pkey;
ALTER TABLE ONLY public.wagtailcore_page DROP CONSTRAINT wagtailcore_page_translation_key_locale_id_9b041bad_uniq;
ALTER TABLE ONLY public.wagtailcore_page DROP CONSTRAINT wagtailcore_page_pkey;
ALTER TABLE ONLY public.wagtailcore_page DROP CONSTRAINT wagtailcore_page_path_key;
ALTER TABLE ONLY public.wagtailcore_locale DROP CONSTRAINT wagtailcore_locale_pkey;
ALTER TABLE ONLY public.wagtailcore_locale DROP CONSTRAINT wagtailcore_locale_language_code_key;
ALTER TABLE ONLY public.wagtailcore_grouppagepermission DROP CONSTRAINT wagtailcore_grouppagepermission_pkey;
ALTER TABLE ONLY public.wagtailcore_grouppagepermission DROP CONSTRAINT wagtailcore_grouppageper_group_id_page_id_permiss_0898bdf8_uniq;
ALTER TABLE ONLY public.wagtailcore_groupcollectionpermission DROP CONSTRAINT wagtailcore_groupcollectionpermission_pkey;
ALTER TABLE ONLY public.wagtailcore_groupcollectionpermission DROP CONSTRAINT wagtailcore_groupcollect_group_id_collection_id_p_a21cefe9_uniq;
ALTER TABLE ONLY public.wagtailcore_groupapprovaltask DROP CONSTRAINT wagtailcore_groupapprovaltask_pkey;
ALTER TABLE ONLY public.wagtailcore_groupapprovaltask_groups DROP CONSTRAINT wagtailcore_groupapprovaltask_groups_pkey;
ALTER TABLE ONLY public.wagtailcore_groupapprovaltask_groups DROP CONSTRAINT wagtailcore_groupapprova_groupapprovaltask_id_gro_bb5ee7eb_uniq;
ALTER TABLE ONLY public.wagtailcore_commentreply DROP CONSTRAINT wagtailcore_commentreply_pkey;
ALTER TABLE ONLY public.wagtailcore_comment DROP CONSTRAINT wagtailcore_comment_pkey;
ALTER TABLE ONLY public.wagtailcore_collectionviewrestriction DROP CONSTRAINT wagtailcore_collectionviewrestriction_pkey;
ALTER TABLE ONLY public.wagtailcore_collectionviewrestriction_groups DROP CONSTRAINT wagtailcore_collectionviewrestriction_groups_pkey;
ALTER TABLE ONLY public.wagtailcore_collectionviewrestriction_groups DROP CONSTRAINT wagtailcore_collectionvi_collectionviewrestrictio_988995ae_uniq;
ALTER TABLE ONLY public.wagtailcore_collection DROP CONSTRAINT wagtailcore_collection_pkey;
ALTER TABLE ONLY public.wagtailcore_collection DROP CONSTRAINT wagtailcore_collection_path_key;
ALTER TABLE ONLY public.wagtailadmin_admin DROP CONSTRAINT wagtailadmin_admin_pkey;
ALTER TABLE ONLY public.wagtail_localize_translationsource DROP CONSTRAINT wagtail_localize_translationsource_pkey;
ALTER TABLE ONLY public.wagtail_localize_translationlog DROP CONSTRAINT wagtail_localize_translationlog_pkey;
ALTER TABLE ONLY public.wagtail_localize_translationcontext DROP CONSTRAINT wagtail_localize_translationcontext_pkey;
ALTER TABLE ONLY public.wagtail_localize_translation DROP CONSTRAINT wagtail_localize_translation_uuid_key;
ALTER TABLE ONLY public.wagtail_localize_translation DROP CONSTRAINT wagtail_localize_translation_pkey;
ALTER TABLE ONLY public.wagtail_localize_translatableobject DROP CONSTRAINT wagtail_localize_translatableobject_pkey;
ALTER TABLE ONLY public.wagtail_localize_translation DROP CONSTRAINT wagtail_localize_transla_source_id_target_locale__7e943cf8_uniq;
ALTER TABLE ONLY public.wagtail_localize_translationcontext DROP CONSTRAINT wagtail_localize_transla_object_id_path_id_c7f5d707_uniq;
ALTER TABLE ONLY public.wagtail_localize_translationsource DROP CONSTRAINT wagtail_localize_transla_object_id_locale_id_fb6a8d8e_uniq;
ALTER TABLE ONLY public.wagtail_localize_translatableobject DROP CONSTRAINT wagtail_localize_transla_content_type_id_translat_de875339_uniq;
ALTER TABLE ONLY public.wagtail_localize_templatesegment DROP CONSTRAINT wagtail_localize_templatesegment_pkey;
ALTER TABLE ONLY public.wagtail_localize_template DROP CONSTRAINT wagtail_localize_template_uuid_key;
ALTER TABLE ONLY public.wagtail_localize_template DROP CONSTRAINT wagtail_localize_template_pkey;
ALTER TABLE ONLY public.wagtail_localize_stringtranslation DROP CONSTRAINT wagtail_localize_stringtranslation_pkey;
ALTER TABLE ONLY public.wagtail_localize_stringtranslation DROP CONSTRAINT wagtail_localize_stringt_locale_id_translation_of_d2d59359_uniq;
ALTER TABLE ONLY public.wagtail_localize_stringsegment DROP CONSTRAINT wagtail_localize_stringsegment_pkey;
ALTER TABLE ONLY public.wagtail_localize_string DROP CONSTRAINT wagtail_localize_string_pkey;
ALTER TABLE ONLY public.wagtail_localize_string DROP CONSTRAINT wagtail_localize_string_locale_id_data_hash_bae71852_uniq;
ALTER TABLE ONLY public.wagtail_localize_segmentoverride DROP CONSTRAINT wagtail_localize_segmentoverride_pkey;
ALTER TABLE ONLY public.wagtail_localize_relatedobjectsegment DROP CONSTRAINT wagtail_localize_relatedobjectsegment_pkey;
ALTER TABLE ONLY public.wagtail_localize_overridablesegment DROP CONSTRAINT wagtail_localize_overridablesegment_pkey;
ALTER TABLE ONLY public.wagtail_localize_localesynchronization DROP CONSTRAINT wagtail_localize_localesynchronization_pkey;
ALTER TABLE ONLY public.wagtail_localize_localesynchronization DROP CONSTRAINT wagtail_localize_localesynchronization_locale_id_key;
ALTER TABLE ONLY public.taggit_taggeditem DROP CONSTRAINT taggit_taggeditem_pkey;
ALTER TABLE ONLY public.taggit_taggeditem DROP CONSTRAINT taggit_taggeditem_content_type_id_object_i_4bb97a8e_uniq;
ALTER TABLE ONLY public.taggit_tag DROP CONSTRAINT taggit_tag_slug_key;
ALTER TABLE ONLY public.taggit_tag DROP CONSTRAINT taggit_tag_pkey;
ALTER TABLE ONLY public.taggit_tag DROP CONSTRAINT taggit_tag_name_key;
ALTER TABLE ONLY public.landing_landingpage DROP CONSTRAINT landing_landingpage_pkey;
ALTER TABLE ONLY public.home_homepage DROP CONSTRAINT home_homepage_pkey;
ALTER TABLE ONLY public.django_session DROP CONSTRAINT django_session_pkey;
ALTER TABLE ONLY public.django_migrations DROP CONSTRAINT django_migrations_pkey;
ALTER TABLE ONLY public.django_content_type DROP CONSTRAINT django_content_type_pkey;
ALTER TABLE ONLY public.django_content_type DROP CONSTRAINT django_content_type_app_label_model_76bd3d3b_uniq;
ALTER TABLE ONLY public.django_admin_log DROP CONSTRAINT django_admin_log_pkey;
ALTER TABLE ONLY public.blog_postpagetag DROP CONSTRAINT blog_postpagetag_pkey;
ALTER TABLE ONLY public.blog_postpageblogcategory DROP CONSTRAINT blog_postpageblogcategory_pkey;
ALTER TABLE ONLY public.blog_postpageblogcategory DROP CONSTRAINT blog_postpageblogcategor_page_id_blog_category_id_f3f50e3f_uniq;
ALTER TABLE ONLY public.blog_postpage DROP CONSTRAINT blog_postpage_pkey;
ALTER TABLE ONLY public.blog_blogpage DROP CONSTRAINT blog_blogpage_pkey;
ALTER TABLE ONLY public.blog_blogcategory DROP CONSTRAINT blog_blogcategory_slug_key;
ALTER TABLE ONLY public.blog_blogcategory DROP CONSTRAINT blog_blogcategory_pkey;
ALTER TABLE ONLY public.blog_footer DROP CONSTRAINT blog_advert_pkey;
ALTER TABLE ONLY public.auth_user DROP CONSTRAINT auth_user_username_key;
ALTER TABLE ONLY public.auth_user_user_permissions DROP CONSTRAINT auth_user_user_permissions_user_id_permission_id_14a6b632_uniq;
ALTER TABLE ONLY public.auth_user_user_permissions DROP CONSTRAINT auth_user_user_permissions_pkey;
ALTER TABLE ONLY public.auth_user DROP CONSTRAINT auth_user_pkey;
ALTER TABLE ONLY public.auth_user_groups DROP CONSTRAINT auth_user_groups_user_id_group_id_94350c0c_uniq;
ALTER TABLE ONLY public.auth_user_groups DROP CONSTRAINT auth_user_groups_pkey;
ALTER TABLE ONLY public.auth_permission DROP CONSTRAINT auth_permission_pkey;
ALTER TABLE ONLY public.auth_permission DROP CONSTRAINT auth_permission_content_type_id_codename_01ab375a_uniq;
ALTER TABLE ONLY public.auth_group DROP CONSTRAINT auth_group_pkey;
ALTER TABLE ONLY public.auth_group_permissions DROP CONSTRAINT auth_group_permissions_pkey;
ALTER TABLE ONLY public.auth_group_permissions DROP CONSTRAINT auth_group_permissions_group_id_permission_id_0cd325b0_uniq;
ALTER TABLE ONLY public.auth_group DROP CONSTRAINT auth_group_name_key;
ALTER TABLE ONLY public.about_aboutpage DROP CONSTRAINT about_aboutpage_pkey;
ALTER TABLE public.wagtailusers_userprofile ALTER COLUMN id DROP DEFAULT;
ALTER TABLE public.wagtailsearch_querydailyhits ALTER COLUMN id DROP DEFAULT;
ALTER TABLE public.wagtailsearch_query ALTER COLUMN id DROP DEFAULT;
ALTER TABLE public.wagtailsearch_editorspick ALTER COLUMN id DROP DEFAULT;
ALTER TABLE public.wagtailredirects_redirect ALTER COLUMN id DROP DEFAULT;
ALTER TABLE public.wagtailimages_uploadedimage ALTER COLUMN id DROP DEFAULT;
ALTER TABLE public.wagtailimages_rendition ALTER COLUMN id DROP DEFAULT;
ALTER TABLE public.wagtailimages_image ALTER COLUMN id DROP DEFAULT;
ALTER TABLE public.wagtailforms_formsubmission ALTER COLUMN id DROP DEFAULT;
ALTER TABLE public.wagtailembeds_embed ALTER COLUMN id DROP DEFAULT;
ALTER TABLE public.wagtaildocs_uploadeddocument ALTER COLUMN id DROP DEFAULT;
ALTER TABLE public.wagtaildocs_document ALTER COLUMN id DROP DEFAULT;
ALTER TABLE public.wagtailcore_workflowtask ALTER COLUMN id DROP DEFAULT;
ALTER TABLE public.wagtailcore_workflowstate ALTER COLUMN id DROP DEFAULT;
ALTER TABLE public.wagtailcore_workflow ALTER COLUMN id DROP DEFAULT;
ALTER TABLE public.wagtailcore_taskstate ALTER COLUMN id DROP DEFAULT;
ALTER TABLE public.wagtailcore_task ALTER COLUMN id DROP DEFAULT;
ALTER TABLE public.wagtailcore_site ALTER COLUMN id DROP DEFAULT;
ALTER TABLE public.wagtailcore_pageviewrestriction_groups ALTER COLUMN id DROP DEFAULT;
ALTER TABLE public.wagtailcore_pageviewrestriction ALTER COLUMN id DROP DEFAULT;
ALTER TABLE public.wagtailcore_pagesubscription ALTER COLUMN id DROP DEFAULT;
ALTER TABLE public.wagtailcore_pagerevision ALTER COLUMN id DROP DEFAULT;
ALTER TABLE public.wagtailcore_pagelogentry ALTER COLUMN id DROP DEFAULT;
ALTER TABLE public.wagtailcore_page ALTER COLUMN id DROP DEFAULT;
ALTER TABLE public.wagtailcore_locale ALTER COLUMN id DROP DEFAULT;
ALTER TABLE public.wagtailcore_grouppagepermission ALTER COLUMN id DROP DEFAULT;
ALTER TABLE public.wagtailcore_groupcollectionpermission ALTER COLUMN id DROP DEFAULT;
ALTER TABLE public.wagtailcore_groupapprovaltask_groups ALTER COLUMN id DROP DEFAULT;
ALTER TABLE public.wagtailcore_commentreply ALTER COLUMN id DROP DEFAULT;
ALTER TABLE public.wagtailcore_comment ALTER COLUMN id DROP DEFAULT;
ALTER TABLE public.wagtailcore_collectionviewrestriction_groups ALTER COLUMN id DROP DEFAULT;
ALTER TABLE public.wagtailcore_collectionviewrestriction ALTER COLUMN id DROP DEFAULT;
ALTER TABLE public.wagtailcore_collection ALTER COLUMN id DROP DEFAULT;
ALTER TABLE public.wagtailadmin_admin ALTER COLUMN id DROP DEFAULT;
ALTER TABLE public.wagtail_localize_translationsource ALTER COLUMN id DROP DEFAULT;
ALTER TABLE public.wagtail_localize_translationlog ALTER COLUMN id DROP DEFAULT;
ALTER TABLE public.wagtail_localize_translationcontext ALTER COLUMN id DROP DEFAULT;
ALTER TABLE public.wagtail_localize_translation ALTER COLUMN id DROP DEFAULT;
ALTER TABLE public.wagtail_localize_templatesegment ALTER COLUMN id DROP DEFAULT;
ALTER TABLE public.wagtail_localize_template ALTER COLUMN id DROP DEFAULT;
ALTER TABLE public.wagtail_localize_stringtranslation ALTER COLUMN id DROP DEFAULT;
ALTER TABLE public.wagtail_localize_stringsegment ALTER COLUMN id DROP DEFAULT;
ALTER TABLE public.wagtail_localize_string ALTER COLUMN id DROP DEFAULT;
ALTER TABLE public.wagtail_localize_segmentoverride ALTER COLUMN id DROP DEFAULT;
ALTER TABLE public.wagtail_localize_relatedobjectsegment ALTER COLUMN id DROP DEFAULT;
ALTER TABLE public.wagtail_localize_overridablesegment ALTER COLUMN id DROP DEFAULT;
ALTER TABLE public.wagtail_localize_localesynchronization ALTER COLUMN id DROP DEFAULT;
ALTER TABLE public.taggit_taggeditem ALTER COLUMN id DROP DEFAULT;
ALTER TABLE public.taggit_tag ALTER COLUMN id DROP DEFAULT;
ALTER TABLE public.django_migrations ALTER COLUMN id DROP DEFAULT;
ALTER TABLE public.django_content_type ALTER COLUMN id DROP DEFAULT;
ALTER TABLE public.django_admin_log ALTER COLUMN id DROP DEFAULT;
ALTER TABLE public.blog_postpagetag ALTER COLUMN id DROP DEFAULT;
ALTER TABLE public.blog_postpageblogcategory ALTER COLUMN id DROP DEFAULT;
ALTER TABLE public.blog_footer ALTER COLUMN id DROP DEFAULT;
ALTER TABLE public.blog_blogcategory ALTER COLUMN id DROP DEFAULT;
ALTER TABLE public.auth_user_user_permissions ALTER COLUMN id DROP DEFAULT;
ALTER TABLE public.auth_user_groups ALTER COLUMN id DROP DEFAULT;
ALTER TABLE public.auth_user ALTER COLUMN id DROP DEFAULT;
ALTER TABLE public.auth_permission ALTER COLUMN id DROP DEFAULT;
ALTER TABLE public.auth_group_permissions ALTER COLUMN id DROP DEFAULT;
ALTER TABLE public.auth_group ALTER COLUMN id DROP DEFAULT;
DROP SEQUENCE public.wagtailusers_userprofile_id_seq;
DROP TABLE public.wagtailusers_userprofile;
DROP SEQUENCE public.wagtailsearch_querydailyhits_id_seq;
DROP TABLE public.wagtailsearch_querydailyhits;
DROP SEQUENCE public.wagtailsearch_query_id_seq;
DROP TABLE public.wagtailsearch_query;
DROP SEQUENCE public.wagtailsearch_editorspick_id_seq;
DROP TABLE public.wagtailsearch_editorspick;
DROP SEQUENCE public.wagtailredirects_redirect_id_seq;
DROP TABLE public.wagtailredirects_redirect;
DROP SEQUENCE public.wagtailimages_uploadedimage_id_seq;
DROP TABLE public.wagtailimages_uploadedimage;
DROP SEQUENCE public.wagtailimages_rendition_id_seq;
DROP TABLE public.wagtailimages_rendition;
DROP SEQUENCE public.wagtailimages_image_id_seq;
DROP TABLE public.wagtailimages_image;
DROP SEQUENCE public.wagtailforms_formsubmission_id_seq;
DROP TABLE public.wagtailforms_formsubmission;
DROP SEQUENCE public.wagtailembeds_embed_id_seq;
DROP TABLE public.wagtailembeds_embed;
DROP SEQUENCE public.wagtaildocs_uploadeddocument_id_seq;
DROP TABLE public.wagtaildocs_uploadeddocument;
DROP SEQUENCE public.wagtaildocs_document_id_seq;
DROP TABLE public.wagtaildocs_document;
DROP SEQUENCE public.wagtailcore_workflowtask_id_seq;
DROP TABLE public.wagtailcore_workflowtask;
DROP SEQUENCE public.wagtailcore_workflowstate_id_seq;
DROP TABLE public.wagtailcore_workflowstate;
DROP TABLE public.wagtailcore_workflowpage;
DROP SEQUENCE public.wagtailcore_workflow_id_seq;
DROP TABLE public.wagtailcore_workflow;
DROP SEQUENCE public.wagtailcore_taskstate_id_seq;
DROP TABLE public.wagtailcore_taskstate;
DROP SEQUENCE public.wagtailcore_task_id_seq;
DROP TABLE public.wagtailcore_task;
DROP SEQUENCE public.wagtailcore_site_id_seq;
DROP TABLE public.wagtailcore_site;
DROP SEQUENCE public.wagtailcore_pageviewrestriction_id_seq;
DROP SEQUENCE public.wagtailcore_pageviewrestriction_groups_id_seq;
DROP TABLE public.wagtailcore_pageviewrestriction_groups;
DROP TABLE public.wagtailcore_pageviewrestriction;
DROP SEQUENCE public.wagtailcore_pagesubscription_id_seq;
DROP TABLE public.wagtailcore_pagesubscription;
DROP SEQUENCE public.wagtailcore_pagerevision_id_seq;
DROP TABLE public.wagtailcore_pagerevision;
DROP SEQUENCE public.wagtailcore_pagelogentry_id_seq;
DROP TABLE public.wagtailcore_pagelogentry;
DROP SEQUENCE public.wagtailcore_page_id_seq;
DROP TABLE public.wagtailcore_page;
DROP SEQUENCE public.wagtailcore_locale_id_seq;
DROP TABLE public.wagtailcore_locale;
DROP SEQUENCE public.wagtailcore_grouppagepermission_id_seq;
DROP TABLE public.wagtailcore_grouppagepermission;
DROP SEQUENCE public.wagtailcore_groupcollectionpermission_id_seq;
DROP TABLE public.wagtailcore_groupcollectionpermission;
DROP SEQUENCE public.wagtailcore_groupapprovaltask_groups_id_seq;
DROP TABLE public.wagtailcore_groupapprovaltask_groups;
DROP TABLE public.wagtailcore_groupapprovaltask;
DROP SEQUENCE public.wagtailcore_commentreply_id_seq;
DROP TABLE public.wagtailcore_commentreply;
DROP SEQUENCE public.wagtailcore_comment_id_seq;
DROP TABLE public.wagtailcore_comment;
DROP SEQUENCE public.wagtailcore_collectionviewrestriction_id_seq;
DROP SEQUENCE public.wagtailcore_collectionviewrestriction_groups_id_seq;
DROP TABLE public.wagtailcore_collectionviewrestriction_groups;
DROP TABLE public.wagtailcore_collectionviewrestriction;
DROP SEQUENCE public.wagtailcore_collection_id_seq;
DROP TABLE public.wagtailcore_collection;
DROP SEQUENCE public.wagtailadmin_admin_id_seq;
DROP TABLE public.wagtailadmin_admin;
DROP SEQUENCE public.wagtail_localize_translationsource_id_seq;
DROP TABLE public.wagtail_localize_translationsource;
DROP SEQUENCE public.wagtail_localize_translationlog_id_seq;
DROP TABLE public.wagtail_localize_translationlog;
DROP SEQUENCE public.wagtail_localize_translationcontext_id_seq;
DROP TABLE public.wagtail_localize_translationcontext;
DROP SEQUENCE public.wagtail_localize_translation_id_seq;
DROP TABLE public.wagtail_localize_translation;
DROP TABLE public.wagtail_localize_translatableobject;
DROP SEQUENCE public.wagtail_localize_templatesegment_id_seq;
DROP TABLE public.wagtail_localize_templatesegment;
DROP SEQUENCE public.wagtail_localize_template_id_seq;
DROP TABLE public.wagtail_localize_template;
DROP SEQUENCE public.wagtail_localize_stringtranslation_id_seq;
DROP TABLE public.wagtail_localize_stringtranslation;
DROP SEQUENCE public.wagtail_localize_stringsegment_id_seq;
DROP TABLE public.wagtail_localize_stringsegment;
DROP SEQUENCE public.wagtail_localize_string_id_seq;
DROP TABLE public.wagtail_localize_string;
DROP SEQUENCE public.wagtail_localize_segmentoverride_id_seq;
DROP TABLE public.wagtail_localize_segmentoverride;
DROP SEQUENCE public.wagtail_localize_relatedobjectsegment_id_seq;
DROP TABLE public.wagtail_localize_relatedobjectsegment;
DROP SEQUENCE public.wagtail_localize_overridablesegment_id_seq;
DROP TABLE public.wagtail_localize_overridablesegment;
DROP SEQUENCE public.wagtail_localize_localesynchronization_id_seq;
DROP TABLE public.wagtail_localize_localesynchronization;
DROP SEQUENCE public.taggit_taggeditem_id_seq;
DROP TABLE public.taggit_taggeditem;
DROP SEQUENCE public.taggit_tag_id_seq;
DROP TABLE public.taggit_tag;
DROP TABLE public.landing_landingpage;
DROP TABLE public.home_homepage;
DROP TABLE public.django_session;
DROP SEQUENCE public.django_migrations_id_seq;
DROP TABLE public.django_migrations;
DROP SEQUENCE public.django_content_type_id_seq;
DROP TABLE public.django_content_type;
DROP SEQUENCE public.django_admin_log_id_seq;
DROP TABLE public.django_admin_log;
DROP SEQUENCE public.blog_postpagetag_id_seq;
DROP TABLE public.blog_postpagetag;
DROP SEQUENCE public.blog_postpageblogcategory_id_seq;
DROP TABLE public.blog_postpageblogcategory;
DROP TABLE public.blog_postpage;
DROP SEQUENCE public.blog_footer_id_seq;
DROP TABLE public.blog_blogpage;
DROP SEQUENCE public.blog_blogcategory_id_seq;
DROP TABLE public.blog_blogcategory;
DROP SEQUENCE public.blog_advert_id_seq;
DROP TABLE public.blog_footer;
DROP SEQUENCE public.auth_user_user_permissions_id_seq;
DROP TABLE public.auth_user_user_permissions;
DROP SEQUENCE public.auth_user_id_seq;
DROP SEQUENCE public.auth_user_groups_id_seq;
DROP TABLE public.auth_user_groups;
DROP TABLE public.auth_user;
DROP SEQUENCE public.auth_permission_id_seq;
DROP TABLE public.auth_permission;
DROP SEQUENCE public.auth_group_permissions_id_seq;
DROP TABLE public.auth_group_permissions;
DROP SEQUENCE public.auth_group_id_seq;
DROP TABLE public.auth_group;
DROP TABLE public.about_aboutpage;
SET default_tablespace = '';

SET default_with_oids = false;

--
-- Name: about_aboutpage; Type: TABLE; Schema: public; Owner: wagtail_demo
--

CREATE TABLE public.about_aboutpage (
    page_ptr_id integer NOT NULL,
    main text NOT NULL,
    blog_page_id integer
);


ALTER TABLE public.about_aboutpage OWNER TO wagtail_demo;

--
-- Name: auth_group; Type: TABLE; Schema: public; Owner: wagtail_demo
--

CREATE TABLE public.auth_group (
    id integer NOT NULL,
    name character varying(150) NOT NULL
);


ALTER TABLE public.auth_group OWNER TO wagtail_demo;

--
-- Name: auth_group_id_seq; Type: SEQUENCE; Schema: public; Owner: wagtail_demo
--

CREATE SEQUENCE public.auth_group_id_seq
    AS integer
    START WITH 1
    INCREMENT BY 1
    NO MINVALUE
    NO MAXVALUE
    CACHE 1;


ALTER TABLE public.auth_group_id_seq OWNER TO wagtail_demo;

--
-- Name: auth_group_id_seq; Type: SEQUENCE OWNED BY; Schema: public; Owner: wagtail_demo
--

ALTER SEQUENCE public.auth_group_id_seq OWNED BY public.auth_group.id;


--
-- Name: auth_group_permissions; Type: TABLE; Schema: public; Owner: wagtail_demo
--

CREATE TABLE public.auth_group_permissions (
    id integer NOT NULL,
    group_id integer NOT NULL,
    permission_id integer NOT NULL
);


ALTER TABLE public.auth_group_permissions OWNER TO wagtail_demo;

--
-- Name: auth_group_permissions_id_seq; Type: SEQUENCE; Schema: public; Owner: wagtail_demo
--

CREATE SEQUENCE public.auth_group_permissions_id_seq
    AS integer
    START WITH 1
    INCREMENT BY 1
    NO MINVALUE
    NO MAXVALUE
    CACHE 1;


ALTER TABLE public.auth_group_permissions_id_seq OWNER TO wagtail_demo;

--
-- Name: auth_group_permissions_id_seq; Type: SEQUENCE OWNED BY; Schema: public; Owner: wagtail_demo
--

ALTER SEQUENCE public.auth_group_permissions_id_seq OWNED BY public.auth_group_permissions.id;


--
-- Name: auth_permission; Type: TABLE; Schema: public; Owner: wagtail_demo
--

CREATE TABLE public.auth_permission (
    id integer NOT NULL,
    name character varying(255) NOT NULL,
    content_type_id integer NOT NULL,
    codename character varying(100) NOT NULL
);


ALTER TABLE public.auth_permission OWNER TO wagtail_demo;

--
-- Name: auth_permission_id_seq; Type: SEQUENCE; Schema: public; Owner: wagtail_demo
--

CREATE SEQUENCE public.auth_permission_id_seq
    AS integer
    START WITH 1
    INCREMENT BY 1
    NO MINVALUE
    NO MAXVALUE
    CACHE 1;


ALTER TABLE public.auth_permission_id_seq OWNER TO wagtail_demo;

--
-- Name: auth_permission_id_seq; Type: SEQUENCE OWNED BY; Schema: public; Owner: wagtail_demo
--

ALTER SEQUENCE public.auth_permission_id_seq OWNED BY public.auth_permission.id;


--
-- Name: auth_user; Type: TABLE; Schema: public; Owner: wagtail_demo
--

CREATE TABLE public.auth_user (
    id integer NOT NULL,
    password character varying(128) NOT NULL,
    last_login timestamp with time zone,
    is_superuser boolean NOT NULL,
    username character varying(150) NOT NULL,
    first_name character varying(150) NOT NULL,
    last_name character varying(150) NOT NULL,
    email character varying(254) NOT NULL,
    is_staff boolean NOT NULL,
    is_active boolean NOT NULL,
    date_joined timestamp with time zone NOT NULL
);


ALTER TABLE public.auth_user OWNER TO wagtail_demo;

--
-- Name: auth_user_groups; Type: TABLE; Schema: public; Owner: wagtail_demo
--

CREATE TABLE public.auth_user_groups (
    id integer NOT NULL,
    user_id integer NOT NULL,
    group_id integer NOT NULL
);


ALTER TABLE public.auth_user_groups OWNER TO wagtail_demo;

--
-- Name: auth_user_groups_id_seq; Type: SEQUENCE; Schema: public; Owner: wagtail_demo
--

CREATE SEQUENCE public.auth_user_groups_id_seq
    AS integer
    START WITH 1
    INCREMENT BY 1
    NO MINVALUE
    NO MAXVALUE
    CACHE 1;


ALTER TABLE public.auth_user_groups_id_seq OWNER TO wagtail_demo;

--
-- Name: auth_user_groups_id_seq; Type: SEQUENCE OWNED BY; Schema: public; Owner: wagtail_demo
--

ALTER SEQUENCE public.auth_user_groups_id_seq OWNED BY public.auth_user_groups.id;


--
-- Name: auth_user_id_seq; Type: SEQUENCE; Schema: public; Owner: wagtail_demo
--

CREATE SEQUENCE public.auth_user_id_seq
    AS integer
    START WITH 1
    INCREMENT BY 1
    NO MINVALUE
    NO MAXVALUE
    CACHE 1;


ALTER TABLE public.auth_user_id_seq OWNER TO wagtail_demo;

--
-- Name: auth_user_id_seq; Type: SEQUENCE OWNED BY; Schema: public; Owner: wagtail_demo
--

ALTER SEQUENCE public.auth_user_id_seq OWNED BY public.auth_user.id;


--
-- Name: auth_user_user_permissions; Type: TABLE; Schema: public; Owner: wagtail_demo
--

CREATE TABLE public.auth_user_user_permissions (
    id integer NOT NULL,
    user_id integer NOT NULL,
    permission_id integer NOT NULL
);


ALTER TABLE public.auth_user_user_permissions OWNER TO wagtail_demo;

--
-- Name: auth_user_user_permissions_id_seq; Type: SEQUENCE; Schema: public; Owner: wagtail_demo
--

CREATE SEQUENCE public.auth_user_user_permissions_id_seq
    AS integer
    START WITH 1
    INCREMENT BY 1
    NO MINVALUE
    NO MAXVALUE
    CACHE 1;


ALTER TABLE public.auth_user_user_permissions_id_seq OWNER TO wagtail_demo;

--
-- Name: auth_user_user_permissions_id_seq; Type: SEQUENCE OWNED BY; Schema: public; Owner: wagtail_demo
--

ALTER SEQUENCE public.auth_user_user_permissions_id_seq OWNED BY public.auth_user_user_permissions.id;


--
-- Name: blog_footer; Type: TABLE; Schema: public; Owner: wagtail_demo
--

CREATE TABLE public.blog_footer (
    id integer NOT NULL,
    url character varying(200),
    text character varying(255) NOT NULL
);


ALTER TABLE public.blog_footer OWNER TO wagtail_demo;

--
-- Name: blog_advert_id_seq; Type: SEQUENCE; Schema: public; Owner: wagtail_demo
--

CREATE SEQUENCE public.blog_advert_id_seq
    START WITH 1
    INCREMENT BY 1
    NO MINVALUE
    NO MAXVALUE
    CACHE 1;


ALTER TABLE public.blog_advert_id_seq OWNER TO wagtail_demo;

--
-- Name: blog_advert_id_seq; Type: SEQUENCE OWNED BY; Schema: public; Owner: wagtail_demo
--

ALTER SEQUENCE public.blog_advert_id_seq OWNED BY public.blog_footer.id;


--
-- Name: blog_blogcategory; Type: TABLE; Schema: public; Owner: wagtail_demo
--

CREATE TABLE public.blog_blogcategory (
    id integer NOT NULL,
    name character varying(255) NOT NULL,
    slug character varying(80) NOT NULL
);


ALTER TABLE public.blog_blogcategory OWNER TO wagtail_demo;

--
-- Name: blog_blogcategory_id_seq; Type: SEQUENCE; Schema: public; Owner: wagtail_demo
--

CREATE SEQUENCE public.blog_blogcategory_id_seq
    START WITH 1
    INCREMENT BY 1
    NO MINVALUE
    NO MAXVALUE
    CACHE 1;


ALTER TABLE public.blog_blogcategory_id_seq OWNER TO wagtail_demo;

--
-- Name: blog_blogcategory_id_seq; Type: SEQUENCE OWNED BY; Schema: public; Owner: wagtail_demo
--

ALTER SEQUENCE public.blog_blogcategory_id_seq OWNED BY public.blog_blogcategory.id;


--
-- Name: blog_blogpage; Type: TABLE; Schema: public; Owner: wagtail_demo
--

CREATE TABLE public.blog_blogpage (
    page_ptr_id integer NOT NULL,
    description character varying(255) NOT NULL
);


ALTER TABLE public.blog_blogpage OWNER TO wagtail_demo;

--
-- Name: blog_footer_id_seq; Type: SEQUENCE; Schema: public; Owner: wagtail_demo
--

CREATE SEQUENCE public.blog_footer_id_seq
    START WITH 1
    INCREMENT BY 1
    NO MINVALUE
    NO MAXVALUE
    CACHE 1;


ALTER TABLE public.blog_footer_id_seq OWNER TO wagtail_demo;

--
-- Name: blog_footer_id_seq; Type: SEQUENCE OWNED BY; Schema: public; Owner: wagtail_demo
--

ALTER SEQUENCE public.blog_footer_id_seq OWNED BY public.blog_footer.id;


--
-- Name: blog_postpage; Type: TABLE; Schema: public; Owner: wagtail_demo
--

CREATE TABLE public.blog_postpage (
    page_ptr_id integer NOT NULL,
    header_image_id integer,
    body text NOT NULL
);


ALTER TABLE public.blog_postpage OWNER TO wagtail_demo;

--
-- Name: blog_postpageblogcategory; Type: TABLE; Schema: public; Owner: wagtail_demo
--

CREATE TABLE public.blog_postpageblogcategory (
    id integer NOT NULL,
    blog_category_id integer NOT NULL,
    page_id integer NOT NULL
);


ALTER TABLE public.blog_postpageblogcategory OWNER TO wagtail_demo;

--
-- Name: blog_postpageblogcategory_id_seq; Type: SEQUENCE; Schema: public; Owner: wagtail_demo
--

CREATE SEQUENCE public.blog_postpageblogcategory_id_seq
    START WITH 1
    INCREMENT BY 1
    NO MINVALUE
    NO MAXVALUE
    CACHE 1;


ALTER TABLE public.blog_postpageblogcategory_id_seq OWNER TO wagtail_demo;

--
-- Name: blog_postpageblogcategory_id_seq; Type: SEQUENCE OWNED BY; Schema: public; Owner: wagtail_demo
--

ALTER SEQUENCE public.blog_postpageblogcategory_id_seq OWNED BY public.blog_postpageblogcategory.id;


--
-- Name: blog_postpagetag; Type: TABLE; Schema: public; Owner: wagtail_demo
--

CREATE TABLE public.blog_postpagetag (
    id integer NOT NULL,
    content_object_id integer NOT NULL,
    tag_id integer NOT NULL
);


ALTER TABLE public.blog_postpagetag OWNER TO wagtail_demo;

--
-- Name: blog_postpagetag_id_seq; Type: SEQUENCE; Schema: public; Owner: wagtail_demo
--

CREATE SEQUENCE public.blog_postpagetag_id_seq
    START WITH 1
    INCREMENT BY 1
    NO MINVALUE
    NO MAXVALUE
    CACHE 1;


ALTER TABLE public.blog_postpagetag_id_seq OWNER TO wagtail_demo;

--
-- Name: blog_postpagetag_id_seq; Type: SEQUENCE OWNED BY; Schema: public; Owner: wagtail_demo
--

ALTER SEQUENCE public.blog_postpagetag_id_seq OWNED BY public.blog_postpagetag.id;


--
-- Name: django_admin_log; Type: TABLE; Schema: public; Owner: wagtail_demo
--

CREATE TABLE public.django_admin_log (
    id integer NOT NULL,
    action_time timestamp with time zone NOT NULL,
    object_id text,
    object_repr character varying(200) NOT NULL,
    action_flag smallint NOT NULL,
    change_message text NOT NULL,
    content_type_id integer,
    user_id integer NOT NULL,
    CONSTRAINT django_admin_log_action_flag_check CHECK ((action_flag >= 0))
);


ALTER TABLE public.django_admin_log OWNER TO wagtail_demo;

--
-- Name: django_admin_log_id_seq; Type: SEQUENCE; Schema: public; Owner: wagtail_demo
--

CREATE SEQUENCE public.django_admin_log_id_seq
    AS integer
    START WITH 1
    INCREMENT BY 1
    NO MINVALUE
    NO MAXVALUE
    CACHE 1;


ALTER TABLE public.django_admin_log_id_seq OWNER TO wagtail_demo;

--
-- Name: django_admin_log_id_seq; Type: SEQUENCE OWNED BY; Schema: public; Owner: wagtail_demo
--

ALTER SEQUENCE public.django_admin_log_id_seq OWNED BY public.django_admin_log.id;


--
-- Name: django_content_type; Type: TABLE; Schema: public; Owner: wagtail_demo
--

CREATE TABLE public.django_content_type (
    id integer NOT NULL,
    app_label character varying(100) NOT NULL,
    model character varying(100) NOT NULL
);


ALTER TABLE public.django_content_type OWNER TO wagtail_demo;

--
-- Name: django_content_type_id_seq; Type: SEQUENCE; Schema: public; Owner: wagtail_demo
--

CREATE SEQUENCE public.django_content_type_id_seq
    AS integer
    START WITH 1
    INCREMENT BY 1
    NO MINVALUE
    NO MAXVALUE
    CACHE 1;


ALTER TABLE public.django_content_type_id_seq OWNER TO wagtail_demo;

--
-- Name: django_content_type_id_seq; Type: SEQUENCE OWNED BY; Schema: public; Owner: wagtail_demo
--

ALTER SEQUENCE public.django_content_type_id_seq OWNED BY public.django_content_type.id;


--
-- Name: django_migrations; Type: TABLE; Schema: public; Owner: wagtail_demo
--

CREATE TABLE public.django_migrations (
    id integer NOT NULL,
    app character varying(255) NOT NULL,
    name character varying(255) NOT NULL,
    applied timestamp with time zone NOT NULL
);


ALTER TABLE public.django_migrations OWNER TO wagtail_demo;

--
-- Name: django_migrations_id_seq; Type: SEQUENCE; Schema: public; Owner: wagtail_demo
--

CREATE SEQUENCE public.django_migrations_id_seq
    AS integer
    START WITH 1
    INCREMENT BY 1
    NO MINVALUE
    NO MAXVALUE
    CACHE 1;


ALTER TABLE public.django_migrations_id_seq OWNER TO wagtail_demo;

--
-- Name: django_migrations_id_seq; Type: SEQUENCE OWNED BY; Schema: public; Owner: wagtail_demo
--

ALTER SEQUENCE public.django_migrations_id_seq OWNED BY public.django_migrations.id;


--
-- Name: django_session; Type: TABLE; Schema: public; Owner: wagtail_demo
--

CREATE TABLE public.django_session (
    session_key character varying(40) NOT NULL,
    session_data text NOT NULL,
    expire_date timestamp with time zone NOT NULL
);


ALTER TABLE public.django_session OWNER TO wagtail_demo;

--
-- Name: home_homepage; Type: TABLE; Schema: public; Owner: wagtail_demo
--

CREATE TABLE public.home_homepage (
    page_ptr_id integer NOT NULL
);


ALTER TABLE public.home_homepage OWNER TO wagtail_demo;

--
-- Name: landing_landingpage; Type: TABLE; Schema: public; Owner: wagtail_demo
--

CREATE TABLE public.landing_landingpage (
    page_ptr_id integer NOT NULL,
    main text NOT NULL,
    logo_id integer,
    about_page_id integer,
    blog_page_id integer
);


ALTER TABLE public.landing_landingpage OWNER TO wagtail_demo;

--
-- Name: taggit_tag; Type: TABLE; Schema: public; Owner: wagtail_demo
--

CREATE TABLE public.taggit_tag (
    id integer NOT NULL,
    name character varying(100) NOT NULL,
    slug character varying(100) NOT NULL
);


ALTER TABLE public.taggit_tag OWNER TO wagtail_demo;

--
-- Name: taggit_tag_id_seq; Type: SEQUENCE; Schema: public; Owner: wagtail_demo
--

CREATE SEQUENCE public.taggit_tag_id_seq
    AS integer
    START WITH 1
    INCREMENT BY 1
    NO MINVALUE
    NO MAXVALUE
    CACHE 1;


ALTER TABLE public.taggit_tag_id_seq OWNER TO wagtail_demo;

--
-- Name: taggit_tag_id_seq; Type: SEQUENCE OWNED BY; Schema: public; Owner: wagtail_demo
--

ALTER SEQUENCE public.taggit_tag_id_seq OWNED BY public.taggit_tag.id;


--
-- Name: taggit_taggeditem; Type: TABLE; Schema: public; Owner: wagtail_demo
--

CREATE TABLE public.taggit_taggeditem (
    id integer NOT NULL,
    object_id integer NOT NULL,
    content_type_id integer NOT NULL,
    tag_id integer NOT NULL
);


ALTER TABLE public.taggit_taggeditem OWNER TO wagtail_demo;

--
-- Name: taggit_taggeditem_id_seq; Type: SEQUENCE; Schema: public; Owner: wagtail_demo
--

CREATE SEQUENCE public.taggit_taggeditem_id_seq
    AS integer
    START WITH 1
    INCREMENT BY 1
    NO MINVALUE
    NO MAXVALUE
    CACHE 1;


ALTER TABLE public.taggit_taggeditem_id_seq OWNER TO wagtail_demo;

--
-- Name: taggit_taggeditem_id_seq; Type: SEQUENCE OWNED BY; Schema: public; Owner: wagtail_demo
--

ALTER SEQUENCE public.taggit_taggeditem_id_seq OWNED BY public.taggit_taggeditem.id;


--
-- Name: wagtail_localize_localesynchronization; Type: TABLE; Schema: public; Owner: wagtail_demo
--

CREATE TABLE public.wagtail_localize_localesynchronization (
    id integer NOT NULL,
    locale_id integer NOT NULL,
    sync_from_id integer NOT NULL
);


ALTER TABLE public.wagtail_localize_localesynchronization OWNER TO wagtail_demo;

--
-- Name: wagtail_localize_localesynchronization_id_seq; Type: SEQUENCE; Schema: public; Owner: wagtail_demo
--

CREATE SEQUENCE public.wagtail_localize_localesynchronization_id_seq
    AS integer
    START WITH 1
    INCREMENT BY 1
    NO MINVALUE
    NO MAXVALUE
    CACHE 1;


ALTER TABLE public.wagtail_localize_localesynchronization_id_seq OWNER TO wagtail_demo;

--
-- Name: wagtail_localize_localesynchronization_id_seq; Type: SEQUENCE OWNED BY; Schema: public; Owner: wagtail_demo
--

ALTER SEQUENCE public.wagtail_localize_localesynchronization_id_seq OWNED BY public.wagtail_localize_localesynchronization.id;


--
-- Name: wagtail_localize_overridablesegment; Type: TABLE; Schema: public; Owner: wagtail_demo
--

CREATE TABLE public.wagtail_localize_overridablesegment (
    id integer NOT NULL,
    "order" integer NOT NULL,
    data_json text NOT NULL,
    context_id integer NOT NULL,
    source_id integer NOT NULL,
    CONSTRAINT wagtail_localize_overridablesegment_order_check CHECK (("order" >= 0))
);


ALTER TABLE public.wagtail_localize_overridablesegment OWNER TO wagtail_demo;

--
-- Name: wagtail_localize_overridablesegment_id_seq; Type: SEQUENCE; Schema: public; Owner: wagtail_demo
--

CREATE SEQUENCE public.wagtail_localize_overridablesegment_id_seq
    AS integer
    START WITH 1
    INCREMENT BY 1
    NO MINVALUE
    NO MAXVALUE
    CACHE 1;


ALTER TABLE public.wagtail_localize_overridablesegment_id_seq OWNER TO wagtail_demo;

--
-- Name: wagtail_localize_overridablesegment_id_seq; Type: SEQUENCE OWNED BY; Schema: public; Owner: wagtail_demo
--

ALTER SEQUENCE public.wagtail_localize_overridablesegment_id_seq OWNED BY public.wagtail_localize_overridablesegment.id;


--
-- Name: wagtail_localize_relatedobjectsegment; Type: TABLE; Schema: public; Owner: wagtail_demo
--

CREATE TABLE public.wagtail_localize_relatedobjectsegment (
    id integer NOT NULL,
    "order" integer NOT NULL,
    context_id integer NOT NULL,
    object_id uuid NOT NULL,
    source_id integer NOT NULL,
    CONSTRAINT wagtail_localize_relatedobjectsegment_order_check CHECK (("order" >= 0))
);


ALTER TABLE public.wagtail_localize_relatedobjectsegment OWNER TO wagtail_demo;

--
-- Name: wagtail_localize_relatedobjectsegment_id_seq; Type: SEQUENCE; Schema: public; Owner: wagtail_demo
--

CREATE SEQUENCE public.wagtail_localize_relatedobjectsegment_id_seq
    AS integer
    START WITH 1
    INCREMENT BY 1
    NO MINVALUE
    NO MAXVALUE
    CACHE 1;


ALTER TABLE public.wagtail_localize_relatedobjectsegment_id_seq OWNER TO wagtail_demo;

--
-- Name: wagtail_localize_relatedobjectsegment_id_seq; Type: SEQUENCE OWNED BY; Schema: public; Owner: wagtail_demo
--

ALTER SEQUENCE public.wagtail_localize_relatedobjectsegment_id_seq OWNED BY public.wagtail_localize_relatedobjectsegment.id;


--
-- Name: wagtail_localize_segmentoverride; Type: TABLE; Schema: public; Owner: wagtail_demo
--

CREATE TABLE public.wagtail_localize_segmentoverride (
    id integer NOT NULL,
    created_at timestamp with time zone NOT NULL,
    updated_at timestamp with time zone NOT NULL,
    data_json text NOT NULL,
    has_error boolean NOT NULL,
    field_error text NOT NULL,
    context_id integer,
    last_translated_by_id integer,
    locale_id integer NOT NULL
);


ALTER TABLE public.wagtail_localize_segmentoverride OWNER TO wagtail_demo;

--
-- Name: wagtail_localize_segmentoverride_id_seq; Type: SEQUENCE; Schema: public; Owner: wagtail_demo
--

CREATE SEQUENCE public.wagtail_localize_segmentoverride_id_seq
    AS integer
    START WITH 1
    INCREMENT BY 1
    NO MINVALUE
    NO MAXVALUE
    CACHE 1;


ALTER TABLE public.wagtail_localize_segmentoverride_id_seq OWNER TO wagtail_demo;

--
-- Name: wagtail_localize_segmentoverride_id_seq; Type: SEQUENCE OWNED BY; Schema: public; Owner: wagtail_demo
--

ALTER SEQUENCE public.wagtail_localize_segmentoverride_id_seq OWNED BY public.wagtail_localize_segmentoverride.id;


--
-- Name: wagtail_localize_string; Type: TABLE; Schema: public; Owner: wagtail_demo
--

CREATE TABLE public.wagtail_localize_string (
    id integer NOT NULL,
    data_hash uuid NOT NULL,
    data text NOT NULL,
    locale_id integer NOT NULL
);


ALTER TABLE public.wagtail_localize_string OWNER TO wagtail_demo;

--
-- Name: wagtail_localize_string_id_seq; Type: SEQUENCE; Schema: public; Owner: wagtail_demo
--

CREATE SEQUENCE public.wagtail_localize_string_id_seq
    AS integer
    START WITH 1
    INCREMENT BY 1
    NO MINVALUE
    NO MAXVALUE
    CACHE 1;


ALTER TABLE public.wagtail_localize_string_id_seq OWNER TO wagtail_demo;

--
-- Name: wagtail_localize_string_id_seq; Type: SEQUENCE OWNED BY; Schema: public; Owner: wagtail_demo
--

ALTER SEQUENCE public.wagtail_localize_string_id_seq OWNED BY public.wagtail_localize_string.id;


--
-- Name: wagtail_localize_stringsegment; Type: TABLE; Schema: public; Owner: wagtail_demo
--

CREATE TABLE public.wagtail_localize_stringsegment (
    id integer NOT NULL,
    "order" integer NOT NULL,
    attrs text NOT NULL,
    context_id integer NOT NULL,
    source_id integer NOT NULL,
    string_id integer NOT NULL,
    CONSTRAINT wagtail_localize_stringsegment_order_check CHECK (("order" >= 0))
);


ALTER TABLE public.wagtail_localize_stringsegment OWNER TO wagtail_demo;

--
-- Name: wagtail_localize_stringsegment_id_seq; Type: SEQUENCE; Schema: public; Owner: wagtail_demo
--

CREATE SEQUENCE public.wagtail_localize_stringsegment_id_seq
    AS integer
    START WITH 1
    INCREMENT BY 1
    NO MINVALUE
    NO MAXVALUE
    CACHE 1;


ALTER TABLE public.wagtail_localize_stringsegment_id_seq OWNER TO wagtail_demo;

--
-- Name: wagtail_localize_stringsegment_id_seq; Type: SEQUENCE OWNED BY; Schema: public; Owner: wagtail_demo
--

ALTER SEQUENCE public.wagtail_localize_stringsegment_id_seq OWNED BY public.wagtail_localize_stringsegment.id;


--
-- Name: wagtail_localize_stringtranslation; Type: TABLE; Schema: public; Owner: wagtail_demo
--

CREATE TABLE public.wagtail_localize_stringtranslation (
    id integer NOT NULL,
    data text NOT NULL,
    created_at timestamp with time zone NOT NULL,
    updated_at timestamp with time zone NOT NULL,
    context_id integer,
    locale_id integer NOT NULL,
    translation_of_id integer NOT NULL,
    tool_name character varying(255) NOT NULL,
    translation_type character varying(20) NOT NULL,
    last_translated_by_id integer,
    field_error text NOT NULL,
    has_error boolean NOT NULL
);


ALTER TABLE public.wagtail_localize_stringtranslation OWNER TO wagtail_demo;

--
-- Name: wagtail_localize_stringtranslation_id_seq; Type: SEQUENCE; Schema: public; Owner: wagtail_demo
--

CREATE SEQUENCE public.wagtail_localize_stringtranslation_id_seq
    AS integer
    START WITH 1
    INCREMENT BY 1
    NO MINVALUE
    NO MAXVALUE
    CACHE 1;


ALTER TABLE public.wagtail_localize_stringtranslation_id_seq OWNER TO wagtail_demo;

--
-- Name: wagtail_localize_stringtranslation_id_seq; Type: SEQUENCE OWNED BY; Schema: public; Owner: wagtail_demo
--

ALTER SEQUENCE public.wagtail_localize_stringtranslation_id_seq OWNED BY public.wagtail_localize_stringtranslation.id;


--
-- Name: wagtail_localize_template; Type: TABLE; Schema: public; Owner: wagtail_demo
--

CREATE TABLE public.wagtail_localize_template (
    id integer NOT NULL,
    uuid uuid NOT NULL,
    template text NOT NULL,
    template_format character varying(100) NOT NULL,
    string_count integer NOT NULL,
    CONSTRAINT wagtail_localize_template_string_count_check CHECK ((string_count >= 0))
);


ALTER TABLE public.wagtail_localize_template OWNER TO wagtail_demo;

--
-- Name: wagtail_localize_template_id_seq; Type: SEQUENCE; Schema: public; Owner: wagtail_demo
--

CREATE SEQUENCE public.wagtail_localize_template_id_seq
    AS integer
    START WITH 1
    INCREMENT BY 1
    NO MINVALUE
    NO MAXVALUE
    CACHE 1;


ALTER TABLE public.wagtail_localize_template_id_seq OWNER TO wagtail_demo;

--
-- Name: wagtail_localize_template_id_seq; Type: SEQUENCE OWNED BY; Schema: public; Owner: wagtail_demo
--

ALTER SEQUENCE public.wagtail_localize_template_id_seq OWNED BY public.wagtail_localize_template.id;


--
-- Name: wagtail_localize_templatesegment; Type: TABLE; Schema: public; Owner: wagtail_demo
--

CREATE TABLE public.wagtail_localize_templatesegment (
    id integer NOT NULL,
    "order" integer NOT NULL,
    context_id integer NOT NULL,
    source_id integer NOT NULL,
    template_id integer NOT NULL,
    CONSTRAINT wagtail_localize_templatesegment_order_check CHECK (("order" >= 0))
);


ALTER TABLE public.wagtail_localize_templatesegment OWNER TO wagtail_demo;

--
-- Name: wagtail_localize_templatesegment_id_seq; Type: SEQUENCE; Schema: public; Owner: wagtail_demo
--

CREATE SEQUENCE public.wagtail_localize_templatesegment_id_seq
    AS integer
    START WITH 1
    INCREMENT BY 1
    NO MINVALUE
    NO MAXVALUE
    CACHE 1;


ALTER TABLE public.wagtail_localize_templatesegment_id_seq OWNER TO wagtail_demo;

--
-- Name: wagtail_localize_templatesegment_id_seq; Type: SEQUENCE OWNED BY; Schema: public; Owner: wagtail_demo
--

ALTER SEQUENCE public.wagtail_localize_templatesegment_id_seq OWNED BY public.wagtail_localize_templatesegment.id;


--
-- Name: wagtail_localize_translatableobject; Type: TABLE; Schema: public; Owner: wagtail_demo
--

CREATE TABLE public.wagtail_localize_translatableobject (
    translation_key uuid NOT NULL,
    content_type_id integer NOT NULL
);


ALTER TABLE public.wagtail_localize_translatableobject OWNER TO wagtail_demo;

--
-- Name: wagtail_localize_translation; Type: TABLE; Schema: public; Owner: wagtail_demo
--

CREATE TABLE public.wagtail_localize_translation (
    id integer NOT NULL,
    uuid uuid NOT NULL,
    created_at timestamp with time zone NOT NULL,
    source_last_updated_at timestamp with time zone NOT NULL,
    translations_last_updated_at timestamp with time zone,
    destination_last_updated_at timestamp with time zone,
    enabled boolean NOT NULL,
    source_id integer NOT NULL,
    target_locale_id integer NOT NULL
);


ALTER TABLE public.wagtail_localize_translation OWNER TO wagtail_demo;

--
-- Name: wagtail_localize_translation_id_seq; Type: SEQUENCE; Schema: public; Owner: wagtail_demo
--

CREATE SEQUENCE public.wagtail_localize_translation_id_seq
    AS integer
    START WITH 1
    INCREMENT BY 1
    NO MINVALUE
    NO MAXVALUE
    CACHE 1;


ALTER TABLE public.wagtail_localize_translation_id_seq OWNER TO wagtail_demo;

--
-- Name: wagtail_localize_translation_id_seq; Type: SEQUENCE OWNED BY; Schema: public; Owner: wagtail_demo
--

ALTER SEQUENCE public.wagtail_localize_translation_id_seq OWNED BY public.wagtail_localize_translation.id;


--
-- Name: wagtail_localize_translationcontext; Type: TABLE; Schema: public; Owner: wagtail_demo
--

CREATE TABLE public.wagtail_localize_translationcontext (
    id integer NOT NULL,
    path_id uuid NOT NULL,
    path text NOT NULL,
    object_id uuid NOT NULL
);


ALTER TABLE public.wagtail_localize_translationcontext OWNER TO wagtail_demo;

--
-- Name: wagtail_localize_translationcontext_id_seq; Type: SEQUENCE; Schema: public; Owner: wagtail_demo
--

CREATE SEQUENCE public.wagtail_localize_translationcontext_id_seq
    AS integer
    START WITH 1
    INCREMENT BY 1
    NO MINVALUE
    NO MAXVALUE
    CACHE 1;


ALTER TABLE public.wagtail_localize_translationcontext_id_seq OWNER TO wagtail_demo;

--
-- Name: wagtail_localize_translationcontext_id_seq; Type: SEQUENCE OWNED BY; Schema: public; Owner: wagtail_demo
--

ALTER SEQUENCE public.wagtail_localize_translationcontext_id_seq OWNED BY public.wagtail_localize_translationcontext.id;


--
-- Name: wagtail_localize_translationlog; Type: TABLE; Schema: public; Owner: wagtail_demo
--

CREATE TABLE public.wagtail_localize_translationlog (
    id integer NOT NULL,
    created_at timestamp with time zone NOT NULL,
    locale_id integer NOT NULL,
    page_revision_id integer,
    source_id integer NOT NULL
);


ALTER TABLE public.wagtail_localize_translationlog OWNER TO wagtail_demo;

--
-- Name: wagtail_localize_translationlog_id_seq; Type: SEQUENCE; Schema: public; Owner: wagtail_demo
--

CREATE SEQUENCE public.wagtail_localize_translationlog_id_seq
    AS integer
    START WITH 1
    INCREMENT BY 1
    NO MINVALUE
    NO MAXVALUE
    CACHE 1;


ALTER TABLE public.wagtail_localize_translationlog_id_seq OWNER TO wagtail_demo;

--
-- Name: wagtail_localize_translationlog_id_seq; Type: SEQUENCE OWNED BY; Schema: public; Owner: wagtail_demo
--

ALTER SEQUENCE public.wagtail_localize_translationlog_id_seq OWNED BY public.wagtail_localize_translationlog.id;


--
-- Name: wagtail_localize_translationsource; Type: TABLE; Schema: public; Owner: wagtail_demo
--

CREATE TABLE public.wagtail_localize_translationsource (
    id integer NOT NULL,
    object_repr text NOT NULL,
    content_json text NOT NULL,
    created_at timestamp with time zone NOT NULL,
    locale_id integer NOT NULL,
    object_id uuid NOT NULL,
    specific_content_type_id integer NOT NULL,
    last_updated_at timestamp with time zone NOT NULL,
    schema_version character varying(255) NOT NULL
);


ALTER TABLE public.wagtail_localize_translationsource OWNER TO wagtail_demo;

--
-- Name: wagtail_localize_translationsource_id_seq; Type: SEQUENCE; Schema: public; Owner: wagtail_demo
--

CREATE SEQUENCE public.wagtail_localize_translationsource_id_seq
    AS integer
    START WITH 1
    INCREMENT BY 1
    NO MINVALUE
    NO MAXVALUE
    CACHE 1;


ALTER TABLE public.wagtail_localize_translationsource_id_seq OWNER TO wagtail_demo;

--
-- Name: wagtail_localize_translationsource_id_seq; Type: SEQUENCE OWNED BY; Schema: public; Owner: wagtail_demo
--

ALTER SEQUENCE public.wagtail_localize_translationsource_id_seq OWNED BY public.wagtail_localize_translationsource.id;


--
-- Name: wagtailadmin_admin; Type: TABLE; Schema: public; Owner: wagtail_demo
--

CREATE TABLE public.wagtailadmin_admin (
    id integer NOT NULL
);


ALTER TABLE public.wagtailadmin_admin OWNER TO wagtail_demo;

--
-- Name: wagtailadmin_admin_id_seq; Type: SEQUENCE; Schema: public; Owner: wagtail_demo
--

CREATE SEQUENCE public.wagtailadmin_admin_id_seq
    AS integer
    START WITH 1
    INCREMENT BY 1
    NO MINVALUE
    NO MAXVALUE
    CACHE 1;


ALTER TABLE public.wagtailadmin_admin_id_seq OWNER TO wagtail_demo;

--
-- Name: wagtailadmin_admin_id_seq; Type: SEQUENCE OWNED BY; Schema: public; Owner: wagtail_demo
--

ALTER SEQUENCE public.wagtailadmin_admin_id_seq OWNED BY public.wagtailadmin_admin.id;


--
-- Name: wagtailcore_collection; Type: TABLE; Schema: public; Owner: wagtail_demo
--

CREATE TABLE public.wagtailcore_collection (
    id integer NOT NULL,
    path character varying(255) COLLATE pg_catalog."C" NOT NULL,
    depth integer NOT NULL,
    numchild integer NOT NULL,
    name character varying(255) NOT NULL,
    CONSTRAINT wagtailcore_collection_depth_check CHECK ((depth >= 0)),
    CONSTRAINT wagtailcore_collection_numchild_check CHECK ((numchild >= 0))
);


ALTER TABLE public.wagtailcore_collection OWNER TO wagtail_demo;

--
-- Name: wagtailcore_collection_id_seq; Type: SEQUENCE; Schema: public; Owner: wagtail_demo
--

CREATE SEQUENCE public.wagtailcore_collection_id_seq
    AS integer
    START WITH 1
    INCREMENT BY 1
    NO MINVALUE
    NO MAXVALUE
    CACHE 1;


ALTER TABLE public.wagtailcore_collection_id_seq OWNER TO wagtail_demo;

--
-- Name: wagtailcore_collection_id_seq; Type: SEQUENCE OWNED BY; Schema: public; Owner: wagtail_demo
--

ALTER SEQUENCE public.wagtailcore_collection_id_seq OWNED BY public.wagtailcore_collection.id;


--
-- Name: wagtailcore_collectionviewrestriction; Type: TABLE; Schema: public; Owner: wagtail_demo
--

CREATE TABLE public.wagtailcore_collectionviewrestriction (
    id integer NOT NULL,
    restriction_type character varying(20) NOT NULL,
    password character varying(255) NOT NULL,
    collection_id integer NOT NULL
);


ALTER TABLE public.wagtailcore_collectionviewrestriction OWNER TO wagtail_demo;

--
-- Name: wagtailcore_collectionviewrestriction_groups; Type: TABLE; Schema: public; Owner: wagtail_demo
--

CREATE TABLE public.wagtailcore_collectionviewrestriction_groups (
    id integer NOT NULL,
    collectionviewrestriction_id integer NOT NULL,
    group_id integer NOT NULL
);


ALTER TABLE public.wagtailcore_collectionviewrestriction_groups OWNER TO wagtail_demo;

--
-- Name: wagtailcore_collectionviewrestriction_groups_id_seq; Type: SEQUENCE; Schema: public; Owner: wagtail_demo
--

CREATE SEQUENCE public.wagtailcore_collectionviewrestriction_groups_id_seq
    AS integer
    START WITH 1
    INCREMENT BY 1
    NO MINVALUE
    NO MAXVALUE
    CACHE 1;


ALTER TABLE public.wagtailcore_collectionviewrestriction_groups_id_seq OWNER TO wagtail_demo;

--
-- Name: wagtailcore_collectionviewrestriction_groups_id_seq; Type: SEQUENCE OWNED BY; Schema: public; Owner: wagtail_demo
--

ALTER SEQUENCE public.wagtailcore_collectionviewrestriction_groups_id_seq OWNED BY public.wagtailcore_collectionviewrestriction_groups.id;


--
-- Name: wagtailcore_collectionviewrestriction_id_seq; Type: SEQUENCE; Schema: public; Owner: wagtail_demo
--

CREATE SEQUENCE public.wagtailcore_collectionviewrestriction_id_seq
    AS integer
    START WITH 1
    INCREMENT BY 1
    NO MINVALUE
    NO MAXVALUE
    CACHE 1;


ALTER TABLE public.wagtailcore_collectionviewrestriction_id_seq OWNER TO wagtail_demo;

--
-- Name: wagtailcore_collectionviewrestriction_id_seq; Type: SEQUENCE OWNED BY; Schema: public; Owner: wagtail_demo
--

ALTER SEQUENCE public.wagtailcore_collectionviewrestriction_id_seq OWNED BY public.wagtailcore_collectionviewrestriction.id;


--
-- Name: wagtailcore_comment; Type: TABLE; Schema: public; Owner: wagtail_demo
--

CREATE TABLE public.wagtailcore_comment (
    id integer NOT NULL,
    text text NOT NULL,
    contentpath text NOT NULL,
    "position" text NOT NULL,
    created_at timestamp with time zone NOT NULL,
    updated_at timestamp with time zone NOT NULL,
    resolved_at timestamp with time zone,
    page_id integer NOT NULL,
    resolved_by_id integer,
    revision_created_id integer,
    user_id integer NOT NULL
);


ALTER TABLE public.wagtailcore_comment OWNER TO wagtail_demo;

--
-- Name: wagtailcore_comment_id_seq; Type: SEQUENCE; Schema: public; Owner: wagtail_demo
--

CREATE SEQUENCE public.wagtailcore_comment_id_seq
    AS integer
    START WITH 1
    INCREMENT BY 1
    NO MINVALUE
    NO MAXVALUE
    CACHE 1;


ALTER TABLE public.wagtailcore_comment_id_seq OWNER TO wagtail_demo;

--
-- Name: wagtailcore_comment_id_seq; Type: SEQUENCE OWNED BY; Schema: public; Owner: wagtail_demo
--

ALTER SEQUENCE public.wagtailcore_comment_id_seq OWNED BY public.wagtailcore_comment.id;


--
-- Name: wagtailcore_commentreply; Type: TABLE; Schema: public; Owner: wagtail_demo
--

CREATE TABLE public.wagtailcore_commentreply (
    id integer NOT NULL,
    text text NOT NULL,
    created_at timestamp with time zone NOT NULL,
    updated_at timestamp with time zone NOT NULL,
    comment_id integer NOT NULL,
    user_id integer NOT NULL
);


ALTER TABLE public.wagtailcore_commentreply OWNER TO wagtail_demo;

--
-- Name: wagtailcore_commentreply_id_seq; Type: SEQUENCE; Schema: public; Owner: wagtail_demo
--

CREATE SEQUENCE public.wagtailcore_commentreply_id_seq
    AS integer
    START WITH 1
    INCREMENT BY 1
    NO MINVALUE
    NO MAXVALUE
    CACHE 1;


ALTER TABLE public.wagtailcore_commentreply_id_seq OWNER TO wagtail_demo;

--
-- Name: wagtailcore_commentreply_id_seq; Type: SEQUENCE OWNED BY; Schema: public; Owner: wagtail_demo
--

ALTER SEQUENCE public.wagtailcore_commentreply_id_seq OWNED BY public.wagtailcore_commentreply.id;


--
-- Name: wagtailcore_groupapprovaltask; Type: TABLE; Schema: public; Owner: wagtail_demo
--

CREATE TABLE public.wagtailcore_groupapprovaltask (
    task_ptr_id integer NOT NULL
);


ALTER TABLE public.wagtailcore_groupapprovaltask OWNER TO wagtail_demo;

--
-- Name: wagtailcore_groupapprovaltask_groups; Type: TABLE; Schema: public; Owner: wagtail_demo
--

CREATE TABLE public.wagtailcore_groupapprovaltask_groups (
    id integer NOT NULL,
    groupapprovaltask_id integer NOT NULL,
    group_id integer NOT NULL
);


ALTER TABLE public.wagtailcore_groupapprovaltask_groups OWNER TO wagtail_demo;

--
-- Name: wagtailcore_groupapprovaltask_groups_id_seq; Type: SEQUENCE; Schema: public; Owner: wagtail_demo
--

CREATE SEQUENCE public.wagtailcore_groupapprovaltask_groups_id_seq
    AS integer
    START WITH 1
    INCREMENT BY 1
    NO MINVALUE
    NO MAXVALUE
    CACHE 1;


ALTER TABLE public.wagtailcore_groupapprovaltask_groups_id_seq OWNER TO wagtail_demo;

--
-- Name: wagtailcore_groupapprovaltask_groups_id_seq; Type: SEQUENCE OWNED BY; Schema: public; Owner: wagtail_demo
--

ALTER SEQUENCE public.wagtailcore_groupapprovaltask_groups_id_seq OWNED BY public.wagtailcore_groupapprovaltask_groups.id;


--
-- Name: wagtailcore_groupcollectionpermission; Type: TABLE; Schema: public; Owner: wagtail_demo
--

CREATE TABLE public.wagtailcore_groupcollectionpermission (
    id integer NOT NULL,
    collection_id integer NOT NULL,
    group_id integer NOT NULL,
    permission_id integer NOT NULL
);


ALTER TABLE public.wagtailcore_groupcollectionpermission OWNER TO wagtail_demo;

--
-- Name: wagtailcore_groupcollectionpermission_id_seq; Type: SEQUENCE; Schema: public; Owner: wagtail_demo
--

CREATE SEQUENCE public.wagtailcore_groupcollectionpermission_id_seq
    AS integer
    START WITH 1
    INCREMENT BY 1
    NO MINVALUE
    NO MAXVALUE
    CACHE 1;


ALTER TABLE public.wagtailcore_groupcollectionpermission_id_seq OWNER TO wagtail_demo;

--
-- Name: wagtailcore_groupcollectionpermission_id_seq; Type: SEQUENCE OWNED BY; Schema: public; Owner: wagtail_demo
--

ALTER SEQUENCE public.wagtailcore_groupcollectionpermission_id_seq OWNED BY public.wagtailcore_groupcollectionpermission.id;


--
-- Name: wagtailcore_grouppagepermission; Type: TABLE; Schema: public; Owner: wagtail_demo
--

CREATE TABLE public.wagtailcore_grouppagepermission (
    id integer NOT NULL,
    permission_type character varying(20) NOT NULL,
    group_id integer NOT NULL,
    page_id integer NOT NULL
);


ALTER TABLE public.wagtailcore_grouppagepermission OWNER TO wagtail_demo;

--
-- Name: wagtailcore_grouppagepermission_id_seq; Type: SEQUENCE; Schema: public; Owner: wagtail_demo
--

CREATE SEQUENCE public.wagtailcore_grouppagepermission_id_seq
    AS integer
    START WITH 1
    INCREMENT BY 1
    NO MINVALUE
    NO MAXVALUE
    CACHE 1;


ALTER TABLE public.wagtailcore_grouppagepermission_id_seq OWNER TO wagtail_demo;

--
-- Name: wagtailcore_grouppagepermission_id_seq; Type: SEQUENCE OWNED BY; Schema: public; Owner: wagtail_demo
--

ALTER SEQUENCE public.wagtailcore_grouppagepermission_id_seq OWNED BY public.wagtailcore_grouppagepermission.id;


--
-- Name: wagtailcore_locale; Type: TABLE; Schema: public; Owner: wagtail_demo
--

CREATE TABLE public.wagtailcore_locale (
    id integer NOT NULL,
    language_code character varying(100) NOT NULL
);


ALTER TABLE public.wagtailcore_locale OWNER TO wagtail_demo;

--
-- Name: wagtailcore_locale_id_seq; Type: SEQUENCE; Schema: public; Owner: wagtail_demo
--

CREATE SEQUENCE public.wagtailcore_locale_id_seq
    AS integer
    START WITH 1
    INCREMENT BY 1
    NO MINVALUE
    NO MAXVALUE
    CACHE 1;


ALTER TABLE public.wagtailcore_locale_id_seq OWNER TO wagtail_demo;

--
-- Name: wagtailcore_locale_id_seq; Type: SEQUENCE OWNED BY; Schema: public; Owner: wagtail_demo
--

ALTER SEQUENCE public.wagtailcore_locale_id_seq OWNED BY public.wagtailcore_locale.id;


--
-- Name: wagtailcore_page; Type: TABLE; Schema: public; Owner: wagtail_demo
--

CREATE TABLE public.wagtailcore_page (
    id integer NOT NULL,
    path character varying(255) COLLATE pg_catalog."C" NOT NULL,
    depth integer NOT NULL,
    numchild integer NOT NULL,
    title character varying(255) NOT NULL,
    slug character varying(255) NOT NULL,
    live boolean NOT NULL,
    has_unpublished_changes boolean NOT NULL,
    url_path text NOT NULL,
    seo_title character varying(255) NOT NULL,
    show_in_menus boolean NOT NULL,
    search_description text NOT NULL,
    go_live_at timestamp with time zone,
    expire_at timestamp with time zone,
    expired boolean NOT NULL,
    content_type_id integer NOT NULL,
    owner_id integer,
    locked boolean NOT NULL,
    latest_revision_created_at timestamp with time zone,
    first_published_at timestamp with time zone,
    live_revision_id integer,
    last_published_at timestamp with time zone,
    draft_title character varying(255) NOT NULL,
    locked_at timestamp with time zone,
    locked_by_id integer,
    translation_key uuid NOT NULL,
    locale_id integer NOT NULL,
    alias_of_id integer,
    CONSTRAINT wagtailcore_page_depth_check CHECK ((depth >= 0)),
    CONSTRAINT wagtailcore_page_numchild_check CHECK ((numchild >= 0))
);


ALTER TABLE public.wagtailcore_page OWNER TO wagtail_demo;

--
-- Name: wagtailcore_page_id_seq; Type: SEQUENCE; Schema: public; Owner: wagtail_demo
--

CREATE SEQUENCE public.wagtailcore_page_id_seq
    AS integer
    START WITH 1
    INCREMENT BY 1
    NO MINVALUE
    NO MAXVALUE
    CACHE 1;


ALTER TABLE public.wagtailcore_page_id_seq OWNER TO wagtail_demo;

--
-- Name: wagtailcore_page_id_seq; Type: SEQUENCE OWNED BY; Schema: public; Owner: wagtail_demo
--

ALTER SEQUENCE public.wagtailcore_page_id_seq OWNED BY public.wagtailcore_page.id;


--
-- Name: wagtailcore_pagelogentry; Type: TABLE; Schema: public; Owner: wagtail_demo
--

CREATE TABLE public.wagtailcore_pagelogentry (
    id integer NOT NULL,
    label text NOT NULL,
    action character varying(255) NOT NULL,
    data_json text NOT NULL,
    "timestamp" timestamp with time zone NOT NULL,
    content_changed boolean NOT NULL,
    deleted boolean NOT NULL,
    content_type_id integer,
    page_id integer NOT NULL,
    revision_id integer,
    user_id integer
);


ALTER TABLE public.wagtailcore_pagelogentry OWNER TO wagtail_demo;

--
-- Name: wagtailcore_pagelogentry_id_seq; Type: SEQUENCE; Schema: public; Owner: wagtail_demo
--

CREATE SEQUENCE public.wagtailcore_pagelogentry_id_seq
    AS integer
    START WITH 1
    INCREMENT BY 1
    NO MINVALUE
    NO MAXVALUE
    CACHE 1;


ALTER TABLE public.wagtailcore_pagelogentry_id_seq OWNER TO wagtail_demo;

--
-- Name: wagtailcore_pagelogentry_id_seq; Type: SEQUENCE OWNED BY; Schema: public; Owner: wagtail_demo
--

ALTER SEQUENCE public.wagtailcore_pagelogentry_id_seq OWNED BY public.wagtailcore_pagelogentry.id;


--
-- Name: wagtailcore_pagerevision; Type: TABLE; Schema: public; Owner: wagtail_demo
--

CREATE TABLE public.wagtailcore_pagerevision (
    id integer NOT NULL,
    submitted_for_moderation boolean NOT NULL,
    created_at timestamp with time zone NOT NULL,
    content_json text NOT NULL,
    approved_go_live_at timestamp with time zone,
    page_id integer NOT NULL,
    user_id integer
);


ALTER TABLE public.wagtailcore_pagerevision OWNER TO wagtail_demo;

--
-- Name: wagtailcore_pagerevision_id_seq; Type: SEQUENCE; Schema: public; Owner: wagtail_demo
--

CREATE SEQUENCE public.wagtailcore_pagerevision_id_seq
    AS integer
    START WITH 1
    INCREMENT BY 1
    NO MINVALUE
    NO MAXVALUE
    CACHE 1;


ALTER TABLE public.wagtailcore_pagerevision_id_seq OWNER TO wagtail_demo;

--
-- Name: wagtailcore_pagerevision_id_seq; Type: SEQUENCE OWNED BY; Schema: public; Owner: wagtail_demo
--

ALTER SEQUENCE public.wagtailcore_pagerevision_id_seq OWNED BY public.wagtailcore_pagerevision.id;


--
-- Name: wagtailcore_pagesubscription; Type: TABLE; Schema: public; Owner: wagtail_demo
--

CREATE TABLE public.wagtailcore_pagesubscription (
    id integer NOT NULL,
    comment_notifications boolean NOT NULL,
    page_id integer NOT NULL,
    user_id integer NOT NULL
);


ALTER TABLE public.wagtailcore_pagesubscription OWNER TO wagtail_demo;

--
-- Name: wagtailcore_pagesubscription_id_seq; Type: SEQUENCE; Schema: public; Owner: wagtail_demo
--

CREATE SEQUENCE public.wagtailcore_pagesubscription_id_seq
    AS integer
    START WITH 1
    INCREMENT BY 1
    NO MINVALUE
    NO MAXVALUE
    CACHE 1;


ALTER TABLE public.wagtailcore_pagesubscription_id_seq OWNER TO wagtail_demo;

--
-- Name: wagtailcore_pagesubscription_id_seq; Type: SEQUENCE OWNED BY; Schema: public; Owner: wagtail_demo
--

ALTER SEQUENCE public.wagtailcore_pagesubscription_id_seq OWNED BY public.wagtailcore_pagesubscription.id;


--
-- Name: wagtailcore_pageviewrestriction; Type: TABLE; Schema: public; Owner: wagtail_demo
--

CREATE TABLE public.wagtailcore_pageviewrestriction (
    id integer NOT NULL,
    password character varying(255) NOT NULL,
    page_id integer NOT NULL,
    restriction_type character varying(20) NOT NULL
);


ALTER TABLE public.wagtailcore_pageviewrestriction OWNER TO wagtail_demo;

--
-- Name: wagtailcore_pageviewrestriction_groups; Type: TABLE; Schema: public; Owner: wagtail_demo
--

CREATE TABLE public.wagtailcore_pageviewrestriction_groups (
    id integer NOT NULL,
    pageviewrestriction_id integer NOT NULL,
    group_id integer NOT NULL
);


ALTER TABLE public.wagtailcore_pageviewrestriction_groups OWNER TO wagtail_demo;

--
-- Name: wagtailcore_pageviewrestriction_groups_id_seq; Type: SEQUENCE; Schema: public; Owner: wagtail_demo
--

CREATE SEQUENCE public.wagtailcore_pageviewrestriction_groups_id_seq
    AS integer
    START WITH 1
    INCREMENT BY 1
    NO MINVALUE
    NO MAXVALUE
    CACHE 1;


ALTER TABLE public.wagtailcore_pageviewrestriction_groups_id_seq OWNER TO wagtail_demo;

--
-- Name: wagtailcore_pageviewrestriction_groups_id_seq; Type: SEQUENCE OWNED BY; Schema: public; Owner: wagtail_demo
--

ALTER SEQUENCE public.wagtailcore_pageviewrestriction_groups_id_seq OWNED BY public.wagtailcore_pageviewrestriction_groups.id;


--
-- Name: wagtailcore_pageviewrestriction_id_seq; Type: SEQUENCE; Schema: public; Owner: wagtail_demo
--

CREATE SEQUENCE public.wagtailcore_pageviewrestriction_id_seq
    AS integer
    START WITH 1
    INCREMENT BY 1
    NO MINVALUE
    NO MAXVALUE
    CACHE 1;


ALTER TABLE public.wagtailcore_pageviewrestriction_id_seq OWNER TO wagtail_demo;

--
-- Name: wagtailcore_pageviewrestriction_id_seq; Type: SEQUENCE OWNED BY; Schema: public; Owner: wagtail_demo
--

ALTER SEQUENCE public.wagtailcore_pageviewrestriction_id_seq OWNED BY public.wagtailcore_pageviewrestriction.id;


--
-- Name: wagtailcore_site; Type: TABLE; Schema: public; Owner: wagtail_demo
--

CREATE TABLE public.wagtailcore_site (
    id integer NOT NULL,
    hostname character varying(255) NOT NULL,
    port integer NOT NULL,
    is_default_site boolean NOT NULL,
    root_page_id integer NOT NULL,
    site_name character varying(255) NOT NULL
);


ALTER TABLE public.wagtailcore_site OWNER TO wagtail_demo;

--
-- Name: wagtailcore_site_id_seq; Type: SEQUENCE; Schema: public; Owner: wagtail_demo
--

CREATE SEQUENCE public.wagtailcore_site_id_seq
    AS integer
    START WITH 1
    INCREMENT BY 1
    NO MINVALUE
    NO MAXVALUE
    CACHE 1;


ALTER TABLE public.wagtailcore_site_id_seq OWNER TO wagtail_demo;

--
-- Name: wagtailcore_site_id_seq; Type: SEQUENCE OWNED BY; Schema: public; Owner: wagtail_demo
--

ALTER SEQUENCE public.wagtailcore_site_id_seq OWNED BY public.wagtailcore_site.id;


--
-- Name: wagtailcore_task; Type: TABLE; Schema: public; Owner: wagtail_demo
--

CREATE TABLE public.wagtailcore_task (
    id integer NOT NULL,
    name character varying(255) NOT NULL,
    active boolean NOT NULL,
    content_type_id integer NOT NULL
);


ALTER TABLE public.wagtailcore_task OWNER TO wagtail_demo;

--
-- Name: wagtailcore_task_id_seq; Type: SEQUENCE; Schema: public; Owner: wagtail_demo
--

CREATE SEQUENCE public.wagtailcore_task_id_seq
    AS integer
    START WITH 1
    INCREMENT BY 1
    NO MINVALUE
    NO MAXVALUE
    CACHE 1;


ALTER TABLE public.wagtailcore_task_id_seq OWNER TO wagtail_demo;

--
-- Name: wagtailcore_task_id_seq; Type: SEQUENCE OWNED BY; Schema: public; Owner: wagtail_demo
--

ALTER SEQUENCE public.wagtailcore_task_id_seq OWNED BY public.wagtailcore_task.id;


--
-- Name: wagtailcore_taskstate; Type: TABLE; Schema: public; Owner: wagtail_demo
--

CREATE TABLE public.wagtailcore_taskstate (
    id integer NOT NULL,
    status character varying(50) NOT NULL,
    started_at timestamp with time zone NOT NULL,
    finished_at timestamp with time zone,
    content_type_id integer NOT NULL,
    page_revision_id integer NOT NULL,
    task_id integer NOT NULL,
    workflow_state_id integer NOT NULL,
    finished_by_id integer,
    comment text NOT NULL
);


ALTER TABLE public.wagtailcore_taskstate OWNER TO wagtail_demo;

--
-- Name: wagtailcore_taskstate_id_seq; Type: SEQUENCE; Schema: public; Owner: wagtail_demo
--

CREATE SEQUENCE public.wagtailcore_taskstate_id_seq
    AS integer
    START WITH 1
    INCREMENT BY 1
    NO MINVALUE
    NO MAXVALUE
    CACHE 1;


ALTER TABLE public.wagtailcore_taskstate_id_seq OWNER TO wagtail_demo;

--
-- Name: wagtailcore_taskstate_id_seq; Type: SEQUENCE OWNED BY; Schema: public; Owner: wagtail_demo
--

ALTER SEQUENCE public.wagtailcore_taskstate_id_seq OWNED BY public.wagtailcore_taskstate.id;


--
-- Name: wagtailcore_workflow; Type: TABLE; Schema: public; Owner: wagtail_demo
--

CREATE TABLE public.wagtailcore_workflow (
    id integer NOT NULL,
    name character varying(255) NOT NULL,
    active boolean NOT NULL
);


ALTER TABLE public.wagtailcore_workflow OWNER TO wagtail_demo;

--
-- Name: wagtailcore_workflow_id_seq; Type: SEQUENCE; Schema: public; Owner: wagtail_demo
--

CREATE SEQUENCE public.wagtailcore_workflow_id_seq
    AS integer
    START WITH 1
    INCREMENT BY 1
    NO MINVALUE
    NO MAXVALUE
    CACHE 1;


ALTER TABLE public.wagtailcore_workflow_id_seq OWNER TO wagtail_demo;

--
-- Name: wagtailcore_workflow_id_seq; Type: SEQUENCE OWNED BY; Schema: public; Owner: wagtail_demo
--

ALTER SEQUENCE public.wagtailcore_workflow_id_seq OWNED BY public.wagtailcore_workflow.id;


--
-- Name: wagtailcore_workflowpage; Type: TABLE; Schema: public; Owner: wagtail_demo
--

CREATE TABLE public.wagtailcore_workflowpage (
    page_id integer NOT NULL,
    workflow_id integer NOT NULL
);


ALTER TABLE public.wagtailcore_workflowpage OWNER TO wagtail_demo;

--
-- Name: wagtailcore_workflowstate; Type: TABLE; Schema: public; Owner: wagtail_demo
--

CREATE TABLE public.wagtailcore_workflowstate (
    id integer NOT NULL,
    status character varying(50) NOT NULL,
    created_at timestamp with time zone NOT NULL,
    current_task_state_id integer,
    page_id integer NOT NULL,
    requested_by_id integer,
    workflow_id integer NOT NULL
);


ALTER TABLE public.wagtailcore_workflowstate OWNER TO wagtail_demo;

--
-- Name: wagtailcore_workflowstate_id_seq; Type: SEQUENCE; Schema: public; Owner: wagtail_demo
--

CREATE SEQUENCE public.wagtailcore_workflowstate_id_seq
    AS integer
    START WITH 1
    INCREMENT BY 1
    NO MINVALUE
    NO MAXVALUE
    CACHE 1;


ALTER TABLE public.wagtailcore_workflowstate_id_seq OWNER TO wagtail_demo;

--
-- Name: wagtailcore_workflowstate_id_seq; Type: SEQUENCE OWNED BY; Schema: public; Owner: wagtail_demo
--

ALTER SEQUENCE public.wagtailcore_workflowstate_id_seq OWNED BY public.wagtailcore_workflowstate.id;


--
-- Name: wagtailcore_workflowtask; Type: TABLE; Schema: public; Owner: wagtail_demo
--

CREATE TABLE public.wagtailcore_workflowtask (
    id integer NOT NULL,
    sort_order integer,
    task_id integer NOT NULL,
    workflow_id integer NOT NULL
);


ALTER TABLE public.wagtailcore_workflowtask OWNER TO wagtail_demo;

--
-- Name: wagtailcore_workflowtask_id_seq; Type: SEQUENCE; Schema: public; Owner: wagtail_demo
--

CREATE SEQUENCE public.wagtailcore_workflowtask_id_seq
    AS integer
    START WITH 1
    INCREMENT BY 1
    NO MINVALUE
    NO MAXVALUE
    CACHE 1;


ALTER TABLE public.wagtailcore_workflowtask_id_seq OWNER TO wagtail_demo;

--
-- Name: wagtailcore_workflowtask_id_seq; Type: SEQUENCE OWNED BY; Schema: public; Owner: wagtail_demo
--

ALTER SEQUENCE public.wagtailcore_workflowtask_id_seq OWNED BY public.wagtailcore_workflowtask.id;


--
-- Name: wagtaildocs_document; Type: TABLE; Schema: public; Owner: wagtail_demo
--

CREATE TABLE public.wagtaildocs_document (
    id integer NOT NULL,
    title character varying(255) NOT NULL,
    file character varying(100) NOT NULL,
    created_at timestamp with time zone NOT NULL,
    uploaded_by_user_id integer,
    collection_id integer NOT NULL,
    file_size integer,
    file_hash character varying(40) NOT NULL,
    CONSTRAINT wagtaildocs_document_file_size_check CHECK ((file_size >= 0))
);


ALTER TABLE public.wagtaildocs_document OWNER TO wagtail_demo;

--
-- Name: wagtaildocs_document_id_seq; Type: SEQUENCE; Schema: public; Owner: wagtail_demo
--

CREATE SEQUENCE public.wagtaildocs_document_id_seq
    AS integer
    START WITH 1
    INCREMENT BY 1
    NO MINVALUE
    NO MAXVALUE
    CACHE 1;


ALTER TABLE public.wagtaildocs_document_id_seq OWNER TO wagtail_demo;

--
-- Name: wagtaildocs_document_id_seq; Type: SEQUENCE OWNED BY; Schema: public; Owner: wagtail_demo
--

ALTER SEQUENCE public.wagtaildocs_document_id_seq OWNED BY public.wagtaildocs_document.id;


--
-- Name: wagtaildocs_uploadeddocument; Type: TABLE; Schema: public; Owner: wagtail_demo
--

CREATE TABLE public.wagtaildocs_uploadeddocument (
    id integer NOT NULL,
    file character varying(200) NOT NULL,
    uploaded_by_user_id integer
);


ALTER TABLE public.wagtaildocs_uploadeddocument OWNER TO wagtail_demo;

--
-- Name: wagtaildocs_uploadeddocument_id_seq; Type: SEQUENCE; Schema: public; Owner: wagtail_demo
--

CREATE SEQUENCE public.wagtaildocs_uploadeddocument_id_seq
    AS integer
    START WITH 1
    INCREMENT BY 1
    NO MINVALUE
    NO MAXVALUE
    CACHE 1;


ALTER TABLE public.wagtaildocs_uploadeddocument_id_seq OWNER TO wagtail_demo;

--
-- Name: wagtaildocs_uploadeddocument_id_seq; Type: SEQUENCE OWNED BY; Schema: public; Owner: wagtail_demo
--

ALTER SEQUENCE public.wagtaildocs_uploadeddocument_id_seq OWNED BY public.wagtaildocs_uploadeddocument.id;


--
-- Name: wagtailembeds_embed; Type: TABLE; Schema: public; Owner: wagtail_demo
--

CREATE TABLE public.wagtailembeds_embed (
    id integer NOT NULL,
    url text NOT NULL,
    max_width smallint,
    type character varying(10) NOT NULL,
    html text NOT NULL,
    title text NOT NULL,
    author_name text NOT NULL,
    provider_name text NOT NULL,
    thumbnail_url text NOT NULL,
    width integer,
    height integer,
    last_updated timestamp with time zone NOT NULL,
    hash character varying(32) NOT NULL,
    cache_until timestamp with time zone
);


ALTER TABLE public.wagtailembeds_embed OWNER TO wagtail_demo;

--
-- Name: wagtailembeds_embed_id_seq; Type: SEQUENCE; Schema: public; Owner: wagtail_demo
--

CREATE SEQUENCE public.wagtailembeds_embed_id_seq
    AS integer
    START WITH 1
    INCREMENT BY 1
    NO MINVALUE
    NO MAXVALUE
    CACHE 1;


ALTER TABLE public.wagtailembeds_embed_id_seq OWNER TO wagtail_demo;

--
-- Name: wagtailembeds_embed_id_seq; Type: SEQUENCE OWNED BY; Schema: public; Owner: wagtail_demo
--

ALTER SEQUENCE public.wagtailembeds_embed_id_seq OWNED BY public.wagtailembeds_embed.id;


--
-- Name: wagtailforms_formsubmission; Type: TABLE; Schema: public; Owner: wagtail_demo
--

CREATE TABLE public.wagtailforms_formsubmission (
    id integer NOT NULL,
    form_data text NOT NULL,
    submit_time timestamp with time zone NOT NULL,
    page_id integer NOT NULL
);


ALTER TABLE public.wagtailforms_formsubmission OWNER TO wagtail_demo;

--
-- Name: wagtailforms_formsubmission_id_seq; Type: SEQUENCE; Schema: public; Owner: wagtail_demo
--

CREATE SEQUENCE public.wagtailforms_formsubmission_id_seq
    AS integer
    START WITH 1
    INCREMENT BY 1
    NO MINVALUE
    NO MAXVALUE
    CACHE 1;


ALTER TABLE public.wagtailforms_formsubmission_id_seq OWNER TO wagtail_demo;

--
-- Name: wagtailforms_formsubmission_id_seq; Type: SEQUENCE OWNED BY; Schema: public; Owner: wagtail_demo
--

ALTER SEQUENCE public.wagtailforms_formsubmission_id_seq OWNED BY public.wagtailforms_formsubmission.id;


--
-- Name: wagtailimages_image; Type: TABLE; Schema: public; Owner: wagtail_demo
--

CREATE TABLE public.wagtailimages_image (
    id integer NOT NULL,
    title character varying(255) NOT NULL,
    file character varying(100) NOT NULL,
    width integer NOT NULL,
    height integer NOT NULL,
    created_at timestamp with time zone NOT NULL,
    focal_point_x integer,
    focal_point_y integer,
    focal_point_width integer,
    focal_point_height integer,
    uploaded_by_user_id integer,
    file_size integer,
    collection_id integer NOT NULL,
    file_hash character varying(40) NOT NULL,
    CONSTRAINT wagtailimages_image_file_size_check CHECK ((file_size >= 0)),
    CONSTRAINT wagtailimages_image_focal_point_height_check CHECK ((focal_point_height >= 0)),
    CONSTRAINT wagtailimages_image_focal_point_width_check CHECK ((focal_point_width >= 0)),
    CONSTRAINT wagtailimages_image_focal_point_x_check CHECK ((focal_point_x >= 0)),
    CONSTRAINT wagtailimages_image_focal_point_y_check CHECK ((focal_point_y >= 0))
);


ALTER TABLE public.wagtailimages_image OWNER TO wagtail_demo;

--
-- Name: wagtailimages_image_id_seq; Type: SEQUENCE; Schema: public; Owner: wagtail_demo
--

CREATE SEQUENCE public.wagtailimages_image_id_seq
    AS integer
    START WITH 1
    INCREMENT BY 1
    NO MINVALUE
    NO MAXVALUE
    CACHE 1;


ALTER TABLE public.wagtailimages_image_id_seq OWNER TO wagtail_demo;

--
-- Name: wagtailimages_image_id_seq; Type: SEQUENCE OWNED BY; Schema: public; Owner: wagtail_demo
--

ALTER SEQUENCE public.wagtailimages_image_id_seq OWNED BY public.wagtailimages_image.id;


--
-- Name: wagtailimages_rendition; Type: TABLE; Schema: public; Owner: wagtail_demo
--

CREATE TABLE public.wagtailimages_rendition (
    id integer NOT NULL,
    file character varying(100) NOT NULL,
    width integer NOT NULL,
    height integer NOT NULL,
    focal_point_key character varying(16) NOT NULL,
    filter_spec character varying(255) NOT NULL,
    image_id integer NOT NULL
);


ALTER TABLE public.wagtailimages_rendition OWNER TO wagtail_demo;

--
-- Name: wagtailimages_rendition_id_seq; Type: SEQUENCE; Schema: public; Owner: wagtail_demo
--

CREATE SEQUENCE public.wagtailimages_rendition_id_seq
    AS integer
    START WITH 1
    INCREMENT BY 1
    NO MINVALUE
    NO MAXVALUE
    CACHE 1;


ALTER TABLE public.wagtailimages_rendition_id_seq OWNER TO wagtail_demo;

--
-- Name: wagtailimages_rendition_id_seq; Type: SEQUENCE OWNED BY; Schema: public; Owner: wagtail_demo
--

ALTER SEQUENCE public.wagtailimages_rendition_id_seq OWNED BY public.wagtailimages_rendition.id;


--
-- Name: wagtailimages_uploadedimage; Type: TABLE; Schema: public; Owner: wagtail_demo
--

CREATE TABLE public.wagtailimages_uploadedimage (
    id integer NOT NULL,
    file character varying(200) NOT NULL,
    uploaded_by_user_id integer
);


ALTER TABLE public.wagtailimages_uploadedimage OWNER TO wagtail_demo;

--
-- Name: wagtailimages_uploadedimage_id_seq; Type: SEQUENCE; Schema: public; Owner: wagtail_demo
--

CREATE SEQUENCE public.wagtailimages_uploadedimage_id_seq
    AS integer
    START WITH 1
    INCREMENT BY 1
    NO MINVALUE
    NO MAXVALUE
    CACHE 1;


ALTER TABLE public.wagtailimages_uploadedimage_id_seq OWNER TO wagtail_demo;

--
-- Name: wagtailimages_uploadedimage_id_seq; Type: SEQUENCE OWNED BY; Schema: public; Owner: wagtail_demo
--

ALTER SEQUENCE public.wagtailimages_uploadedimage_id_seq OWNED BY public.wagtailimages_uploadedimage.id;


--
-- Name: wagtailredirects_redirect; Type: TABLE; Schema: public; Owner: wagtail_demo
--

CREATE TABLE public.wagtailredirects_redirect (
    id integer NOT NULL,
    old_path character varying(255) NOT NULL,
    is_permanent boolean NOT NULL,
    redirect_link character varying(255) NOT NULL,
    redirect_page_id integer,
    site_id integer
);


ALTER TABLE public.wagtailredirects_redirect OWNER TO wagtail_demo;

--
-- Name: wagtailredirects_redirect_id_seq; Type: SEQUENCE; Schema: public; Owner: wagtail_demo
--

CREATE SEQUENCE public.wagtailredirects_redirect_id_seq
    AS integer
    START WITH 1
    INCREMENT BY 1
    NO MINVALUE
    NO MAXVALUE
    CACHE 1;


ALTER TABLE public.wagtailredirects_redirect_id_seq OWNER TO wagtail_demo;

--
-- Name: wagtailredirects_redirect_id_seq; Type: SEQUENCE OWNED BY; Schema: public; Owner: wagtail_demo
--

ALTER SEQUENCE public.wagtailredirects_redirect_id_seq OWNED BY public.wagtailredirects_redirect.id;


--
-- Name: wagtailsearch_editorspick; Type: TABLE; Schema: public; Owner: wagtail_demo
--

CREATE TABLE public.wagtailsearch_editorspick (
    id integer NOT NULL,
    sort_order integer,
    description text NOT NULL,
    page_id integer NOT NULL,
    query_id integer NOT NULL
);


ALTER TABLE public.wagtailsearch_editorspick OWNER TO wagtail_demo;

--
-- Name: wagtailsearch_editorspick_id_seq; Type: SEQUENCE; Schema: public; Owner: wagtail_demo
--

CREATE SEQUENCE public.wagtailsearch_editorspick_id_seq
    AS integer
    START WITH 1
    INCREMENT BY 1
    NO MINVALUE
    NO MAXVALUE
    CACHE 1;


ALTER TABLE public.wagtailsearch_editorspick_id_seq OWNER TO wagtail_demo;

--
-- Name: wagtailsearch_editorspick_id_seq; Type: SEQUENCE OWNED BY; Schema: public; Owner: wagtail_demo
--

ALTER SEQUENCE public.wagtailsearch_editorspick_id_seq OWNED BY public.wagtailsearch_editorspick.id;


--
-- Name: wagtailsearch_query; Type: TABLE; Schema: public; Owner: wagtail_demo
--

CREATE TABLE public.wagtailsearch_query (
    id integer NOT NULL,
    query_string character varying(255) NOT NULL
);


ALTER TABLE public.wagtailsearch_query OWNER TO wagtail_demo;

--
-- Name: wagtailsearch_query_id_seq; Type: SEQUENCE; Schema: public; Owner: wagtail_demo
--

CREATE SEQUENCE public.wagtailsearch_query_id_seq
    AS integer
    START WITH 1
    INCREMENT BY 1
    NO MINVALUE
    NO MAXVALUE
    CACHE 1;


ALTER TABLE public.wagtailsearch_query_id_seq OWNER TO wagtail_demo;

--
-- Name: wagtailsearch_query_id_seq; Type: SEQUENCE OWNED BY; Schema: public; Owner: wagtail_demo
--

ALTER SEQUENCE public.wagtailsearch_query_id_seq OWNED BY public.wagtailsearch_query.id;


--
-- Name: wagtailsearch_querydailyhits; Type: TABLE; Schema: public; Owner: wagtail_demo
--

CREATE TABLE public.wagtailsearch_querydailyhits (
    id integer NOT NULL,
    date date NOT NULL,
    hits integer NOT NULL,
    query_id integer NOT NULL
);


ALTER TABLE public.wagtailsearch_querydailyhits OWNER TO wagtail_demo;

--
-- Name: wagtailsearch_querydailyhits_id_seq; Type: SEQUENCE; Schema: public; Owner: wagtail_demo
--

CREATE SEQUENCE public.wagtailsearch_querydailyhits_id_seq
    AS integer
    START WITH 1
    INCREMENT BY 1
    NO MINVALUE
    NO MAXVALUE
    CACHE 1;


ALTER TABLE public.wagtailsearch_querydailyhits_id_seq OWNER TO wagtail_demo;

--
-- Name: wagtailsearch_querydailyhits_id_seq; Type: SEQUENCE OWNED BY; Schema: public; Owner: wagtail_demo
--

ALTER SEQUENCE public.wagtailsearch_querydailyhits_id_seq OWNED BY public.wagtailsearch_querydailyhits.id;


--
-- Name: wagtailusers_userprofile; Type: TABLE; Schema: public; Owner: wagtail_demo
--

CREATE TABLE public.wagtailusers_userprofile (
    id integer NOT NULL,
    submitted_notifications boolean NOT NULL,
    approved_notifications boolean NOT NULL,
    rejected_notifications boolean NOT NULL,
    user_id integer NOT NULL,
    preferred_language character varying(10) NOT NULL,
    current_time_zone character varying(40) NOT NULL,
    avatar character varying(100) NOT NULL,
    updated_comments_notifications boolean NOT NULL
);


ALTER TABLE public.wagtailusers_userprofile OWNER TO wagtail_demo;

--
-- Name: wagtailusers_userprofile_id_seq; Type: SEQUENCE; Schema: public; Owner: wagtail_demo
--

CREATE SEQUENCE public.wagtailusers_userprofile_id_seq
    AS integer
    START WITH 1
    INCREMENT BY 1
    NO MINVALUE
    NO MAXVALUE
    CACHE 1;


ALTER TABLE public.wagtailusers_userprofile_id_seq OWNER TO wagtail_demo;

--
-- Name: wagtailusers_userprofile_id_seq; Type: SEQUENCE OWNED BY; Schema: public; Owner: wagtail_demo
--

ALTER SEQUENCE public.wagtailusers_userprofile_id_seq OWNED BY public.wagtailusers_userprofile.id;


--
-- Name: auth_group id; Type: DEFAULT; Schema: public; Owner: wagtail_demo
--

ALTER TABLE ONLY public.auth_group ALTER COLUMN id SET DEFAULT nextval('public.auth_group_id_seq'::regclass);


--
-- Name: auth_group_permissions id; Type: DEFAULT; Schema: public; Owner: wagtail_demo
--

ALTER TABLE ONLY public.auth_group_permissions ALTER COLUMN id SET DEFAULT nextval('public.auth_group_permissions_id_seq'::regclass);


--
-- Name: auth_permission id; Type: DEFAULT; Schema: public; Owner: wagtail_demo
--

ALTER TABLE ONLY public.auth_permission ALTER COLUMN id SET DEFAULT nextval('public.auth_permission_id_seq'::regclass);


--
-- Name: auth_user id; Type: DEFAULT; Schema: public; Owner: wagtail_demo
--

ALTER TABLE ONLY public.auth_user ALTER COLUMN id SET DEFAULT nextval('public.auth_user_id_seq'::regclass);


--
-- Name: auth_user_groups id; Type: DEFAULT; Schema: public; Owner: wagtail_demo
--

ALTER TABLE ONLY public.auth_user_groups ALTER COLUMN id SET DEFAULT nextval('public.auth_user_groups_id_seq'::regclass);


--
-- Name: auth_user_user_permissions id; Type: DEFAULT; Schema: public; Owner: wagtail_demo
--

ALTER TABLE ONLY public.auth_user_user_permissions ALTER COLUMN id SET DEFAULT nextval('public.auth_user_user_permissions_id_seq'::regclass);


--
-- Name: blog_blogcategory id; Type: DEFAULT; Schema: public; Owner: wagtail_demo
--

ALTER TABLE ONLY public.blog_blogcategory ALTER COLUMN id SET DEFAULT nextval('public.blog_blogcategory_id_seq'::regclass);


--
-- Name: blog_footer id; Type: DEFAULT; Schema: public; Owner: wagtail_demo
--

ALTER TABLE ONLY public.blog_footer ALTER COLUMN id SET DEFAULT nextval('public.blog_footer_id_seq'::regclass);


--
-- Name: blog_postpageblogcategory id; Type: DEFAULT; Schema: public; Owner: wagtail_demo
--

ALTER TABLE ONLY public.blog_postpageblogcategory ALTER COLUMN id SET DEFAULT nextval('public.blog_postpageblogcategory_id_seq'::regclass);


--
-- Name: blog_postpagetag id; Type: DEFAULT; Schema: public; Owner: wagtail_demo
--

ALTER TABLE ONLY public.blog_postpagetag ALTER COLUMN id SET DEFAULT nextval('public.blog_postpagetag_id_seq'::regclass);


--
-- Name: django_admin_log id; Type: DEFAULT; Schema: public; Owner: wagtail_demo
--

ALTER TABLE ONLY public.django_admin_log ALTER COLUMN id SET DEFAULT nextval('public.django_admin_log_id_seq'::regclass);


--
-- Name: django_content_type id; Type: DEFAULT; Schema: public; Owner: wagtail_demo
--

ALTER TABLE ONLY public.django_content_type ALTER COLUMN id SET DEFAULT nextval('public.django_content_type_id_seq'::regclass);


--
-- Name: django_migrations id; Type: DEFAULT; Schema: public; Owner: wagtail_demo
--

ALTER TABLE ONLY public.django_migrations ALTER COLUMN id SET DEFAULT nextval('public.django_migrations_id_seq'::regclass);


--
-- Name: taggit_tag id; Type: DEFAULT; Schema: public; Owner: wagtail_demo
--

ALTER TABLE ONLY public.taggit_tag ALTER COLUMN id SET DEFAULT nextval('public.taggit_tag_id_seq'::regclass);


--
-- Name: taggit_taggeditem id; Type: DEFAULT; Schema: public; Owner: wagtail_demo
--

ALTER TABLE ONLY public.taggit_taggeditem ALTER COLUMN id SET DEFAULT nextval('public.taggit_taggeditem_id_seq'::regclass);


--
-- Name: wagtail_localize_localesynchronization id; Type: DEFAULT; Schema: public; Owner: wagtail_demo
--

ALTER TABLE ONLY public.wagtail_localize_localesynchronization ALTER COLUMN id SET DEFAULT nextval('public.wagtail_localize_localesynchronization_id_seq'::regclass);


--
-- Name: wagtail_localize_overridablesegment id; Type: DEFAULT; Schema: public; Owner: wagtail_demo
--

ALTER TABLE ONLY public.wagtail_localize_overridablesegment ALTER COLUMN id SET DEFAULT nextval('public.wagtail_localize_overridablesegment_id_seq'::regclass);


--
-- Name: wagtail_localize_relatedobjectsegment id; Type: DEFAULT; Schema: public; Owner: wagtail_demo
--

ALTER TABLE ONLY public.wagtail_localize_relatedobjectsegment ALTER COLUMN id SET DEFAULT nextval('public.wagtail_localize_relatedobjectsegment_id_seq'::regclass);


--
-- Name: wagtail_localize_segmentoverride id; Type: DEFAULT; Schema: public; Owner: wagtail_demo
--

ALTER TABLE ONLY public.wagtail_localize_segmentoverride ALTER COLUMN id SET DEFAULT nextval('public.wagtail_localize_segmentoverride_id_seq'::regclass);


--
-- Name: wagtail_localize_string id; Type: DEFAULT; Schema: public; Owner: wagtail_demo
--

ALTER TABLE ONLY public.wagtail_localize_string ALTER COLUMN id SET DEFAULT nextval('public.wagtail_localize_string_id_seq'::regclass);


--
-- Name: wagtail_localize_stringsegment id; Type: DEFAULT; Schema: public; Owner: wagtail_demo
--

ALTER TABLE ONLY public.wagtail_localize_stringsegment ALTER COLUMN id SET DEFAULT nextval('public.wagtail_localize_stringsegment_id_seq'::regclass);


--
-- Name: wagtail_localize_stringtranslation id; Type: DEFAULT; Schema: public; Owner: wagtail_demo
--

ALTER TABLE ONLY public.wagtail_localize_stringtranslation ALTER COLUMN id SET DEFAULT nextval('public.wagtail_localize_stringtranslation_id_seq'::regclass);


--
-- Name: wagtail_localize_template id; Type: DEFAULT; Schema: public; Owner: wagtail_demo
--

ALTER TABLE ONLY public.wagtail_localize_template ALTER COLUMN id SET DEFAULT nextval('public.wagtail_localize_template_id_seq'::regclass);


--
-- Name: wagtail_localize_templatesegment id; Type: DEFAULT; Schema: public; Owner: wagtail_demo
--

ALTER TABLE ONLY public.wagtail_localize_templatesegment ALTER COLUMN id SET DEFAULT nextval('public.wagtail_localize_templatesegment_id_seq'::regclass);


--
-- Name: wagtail_localize_translation id; Type: DEFAULT; Schema: public; Owner: wagtail_demo
--

ALTER TABLE ONLY public.wagtail_localize_translation ALTER COLUMN id SET DEFAULT nextval('public.wagtail_localize_translation_id_seq'::regclass);


--
-- Name: wagtail_localize_translationcontext id; Type: DEFAULT; Schema: public; Owner: wagtail_demo
--

ALTER TABLE ONLY public.wagtail_localize_translationcontext ALTER COLUMN id SET DEFAULT nextval('public.wagtail_localize_translationcontext_id_seq'::regclass);


--
-- Name: wagtail_localize_translationlog id; Type: DEFAULT; Schema: public; Owner: wagtail_demo
--

ALTER TABLE ONLY public.wagtail_localize_translationlog ALTER COLUMN id SET DEFAULT nextval('public.wagtail_localize_translationlog_id_seq'::regclass);


--
-- Name: wagtail_localize_translationsource id; Type: DEFAULT; Schema: public; Owner: wagtail_demo
--

ALTER TABLE ONLY public.wagtail_localize_translationsource ALTER COLUMN id SET DEFAULT nextval('public.wagtail_localize_translationsource_id_seq'::regclass);


--
-- Name: wagtailadmin_admin id; Type: DEFAULT; Schema: public; Owner: wagtail_demo
--

ALTER TABLE ONLY public.wagtailadmin_admin ALTER COLUMN id SET DEFAULT nextval('public.wagtailadmin_admin_id_seq'::regclass);


--
-- Name: wagtailcore_collection id; Type: DEFAULT; Schema: public; Owner: wagtail_demo
--

ALTER TABLE ONLY public.wagtailcore_collection ALTER COLUMN id SET DEFAULT nextval('public.wagtailcore_collection_id_seq'::regclass);


--
-- Name: wagtailcore_collectionviewrestriction id; Type: DEFAULT; Schema: public; Owner: wagtail_demo
--

ALTER TABLE ONLY public.wagtailcore_collectionviewrestriction ALTER COLUMN id SET DEFAULT nextval('public.wagtailcore_collectionviewrestriction_id_seq'::regclass);


--
-- Name: wagtailcore_collectionviewrestriction_groups id; Type: DEFAULT; Schema: public; Owner: wagtail_demo
--

ALTER TABLE ONLY public.wagtailcore_collectionviewrestriction_groups ALTER COLUMN id SET DEFAULT nextval('public.wagtailcore_collectionviewrestriction_groups_id_seq'::regclass);


--
-- Name: wagtailcore_comment id; Type: DEFAULT; Schema: public; Owner: wagtail_demo
--

ALTER TABLE ONLY public.wagtailcore_comment ALTER COLUMN id SET DEFAULT nextval('public.wagtailcore_comment_id_seq'::regclass);


--
-- Name: wagtailcore_commentreply id; Type: DEFAULT; Schema: public; Owner: wagtail_demo
--

ALTER TABLE ONLY public.wagtailcore_commentreply ALTER COLUMN id SET DEFAULT nextval('public.wagtailcore_commentreply_id_seq'::regclass);


--
-- Name: wagtailcore_groupapprovaltask_groups id; Type: DEFAULT; Schema: public; Owner: wagtail_demo
--

ALTER TABLE ONLY public.wagtailcore_groupapprovaltask_groups ALTER COLUMN id SET DEFAULT nextval('public.wagtailcore_groupapprovaltask_groups_id_seq'::regclass);


--
-- Name: wagtailcore_groupcollectionpermission id; Type: DEFAULT; Schema: public; Owner: wagtail_demo
--

ALTER TABLE ONLY public.wagtailcore_groupcollectionpermission ALTER COLUMN id SET DEFAULT nextval('public.wagtailcore_groupcollectionpermission_id_seq'::regclass);


--
-- Name: wagtailcore_grouppagepermission id; Type: DEFAULT; Schema: public; Owner: wagtail_demo
--

ALTER TABLE ONLY public.wagtailcore_grouppagepermission ALTER COLUMN id SET DEFAULT nextval('public.wagtailcore_grouppagepermission_id_seq'::regclass);


--
-- Name: wagtailcore_locale id; Type: DEFAULT; Schema: public; Owner: wagtail_demo
--

ALTER TABLE ONLY public.wagtailcore_locale ALTER COLUMN id SET DEFAULT nextval('public.wagtailcore_locale_id_seq'::regclass);


--
-- Name: wagtailcore_page id; Type: DEFAULT; Schema: public; Owner: wagtail_demo
--

ALTER TABLE ONLY public.wagtailcore_page ALTER COLUMN id SET DEFAULT nextval('public.wagtailcore_page_id_seq'::regclass);


--
-- Name: wagtailcore_pagelogentry id; Type: DEFAULT; Schema: public; Owner: wagtail_demo
--

ALTER TABLE ONLY public.wagtailcore_pagelogentry ALTER COLUMN id SET DEFAULT nextval('public.wagtailcore_pagelogentry_id_seq'::regclass);


--
-- Name: wagtailcore_pagerevision id; Type: DEFAULT; Schema: public; Owner: wagtail_demo
--

ALTER TABLE ONLY public.wagtailcore_pagerevision ALTER COLUMN id SET DEFAULT nextval('public.wagtailcore_pagerevision_id_seq'::regclass);


--
-- Name: wagtailcore_pagesubscription id; Type: DEFAULT; Schema: public; Owner: wagtail_demo
--

ALTER TABLE ONLY public.wagtailcore_pagesubscription ALTER COLUMN id SET DEFAULT nextval('public.wagtailcore_pagesubscription_id_seq'::regclass);


--
-- Name: wagtailcore_pageviewrestriction id; Type: DEFAULT; Schema: public; Owner: wagtail_demo
--

ALTER TABLE ONLY public.wagtailcore_pageviewrestriction ALTER COLUMN id SET DEFAULT nextval('public.wagtailcore_pageviewrestriction_id_seq'::regclass);


--
-- Name: wagtailcore_pageviewrestriction_groups id; Type: DEFAULT; Schema: public; Owner: wagtail_demo
--

ALTER TABLE ONLY public.wagtailcore_pageviewrestriction_groups ALTER COLUMN id SET DEFAULT nextval('public.wagtailcore_pageviewrestriction_groups_id_seq'::regclass);


--
-- Name: wagtailcore_site id; Type: DEFAULT; Schema: public; Owner: wagtail_demo
--

ALTER TABLE ONLY public.wagtailcore_site ALTER COLUMN id SET DEFAULT nextval('public.wagtailcore_site_id_seq'::regclass);


--
-- Name: wagtailcore_task id; Type: DEFAULT; Schema: public; Owner: wagtail_demo
--

ALTER TABLE ONLY public.wagtailcore_task ALTER COLUMN id SET DEFAULT nextval('public.wagtailcore_task_id_seq'::regclass);


--
-- Name: wagtailcore_taskstate id; Type: DEFAULT; Schema: public; Owner: wagtail_demo
--

ALTER TABLE ONLY public.wagtailcore_taskstate ALTER COLUMN id SET DEFAULT nextval('public.wagtailcore_taskstate_id_seq'::regclass);


--
-- Name: wagtailcore_workflow id; Type: DEFAULT; Schema: public; Owner: wagtail_demo
--

ALTER TABLE ONLY public.wagtailcore_workflow ALTER COLUMN id SET DEFAULT nextval('public.wagtailcore_workflow_id_seq'::regclass);


--
-- Name: wagtailcore_workflowstate id; Type: DEFAULT; Schema: public; Owner: wagtail_demo
--

ALTER TABLE ONLY public.wagtailcore_workflowstate ALTER COLUMN id SET DEFAULT nextval('public.wagtailcore_workflowstate_id_seq'::regclass);


--
-- Name: wagtailcore_workflowtask id; Type: DEFAULT; Schema: public; Owner: wagtail_demo
--

ALTER TABLE ONLY public.wagtailcore_workflowtask ALTER COLUMN id SET DEFAULT nextval('public.wagtailcore_workflowtask_id_seq'::regclass);


--
-- Name: wagtaildocs_document id; Type: DEFAULT; Schema: public; Owner: wagtail_demo
--

ALTER TABLE ONLY public.wagtaildocs_document ALTER COLUMN id SET DEFAULT nextval('public.wagtaildocs_document_id_seq'::regclass);


--
-- Name: wagtaildocs_uploadeddocument id; Type: DEFAULT; Schema: public; Owner: wagtail_demo
--

ALTER TABLE ONLY public.wagtaildocs_uploadeddocument ALTER COLUMN id SET DEFAULT nextval('public.wagtaildocs_uploadeddocument_id_seq'::regclass);


--
-- Name: wagtailembeds_embed id; Type: DEFAULT; Schema: public; Owner: wagtail_demo
--

ALTER TABLE ONLY public.wagtailembeds_embed ALTER COLUMN id SET DEFAULT nextval('public.wagtailembeds_embed_id_seq'::regclass);


--
-- Name: wagtailforms_formsubmission id; Type: DEFAULT; Schema: public; Owner: wagtail_demo
--

ALTER TABLE ONLY public.wagtailforms_formsubmission ALTER COLUMN id SET DEFAULT nextval('public.wagtailforms_formsubmission_id_seq'::regclass);


--
-- Name: wagtailimages_image id; Type: DEFAULT; Schema: public; Owner: wagtail_demo
--

ALTER TABLE ONLY public.wagtailimages_image ALTER COLUMN id SET DEFAULT nextval('public.wagtailimages_image_id_seq'::regclass);


--
-- Name: wagtailimages_rendition id; Type: DEFAULT; Schema: public; Owner: wagtail_demo
--

ALTER TABLE ONLY public.wagtailimages_rendition ALTER COLUMN id SET DEFAULT nextval('public.wagtailimages_rendition_id_seq'::regclass);


--
-- Name: wagtailimages_uploadedimage id; Type: DEFAULT; Schema: public; Owner: wagtail_demo
--

ALTER TABLE ONLY public.wagtailimages_uploadedimage ALTER COLUMN id SET DEFAULT nextval('public.wagtailimages_uploadedimage_id_seq'::regclass);


--
-- Name: wagtailredirects_redirect id; Type: DEFAULT; Schema: public; Owner: wagtail_demo
--

ALTER TABLE ONLY public.wagtailredirects_redirect ALTER COLUMN id SET DEFAULT nextval('public.wagtailredirects_redirect_id_seq'::regclass);


--
-- Name: wagtailsearch_editorspick id; Type: DEFAULT; Schema: public; Owner: wagtail_demo
--

ALTER TABLE ONLY public.wagtailsearch_editorspick ALTER COLUMN id SET DEFAULT nextval('public.wagtailsearch_editorspick_id_seq'::regclass);


--
-- Name: wagtailsearch_query id; Type: DEFAULT; Schema: public; Owner: wagtail_demo
--

ALTER TABLE ONLY public.wagtailsearch_query ALTER COLUMN id SET DEFAULT nextval('public.wagtailsearch_query_id_seq'::regclass);


--
-- Name: wagtailsearch_querydailyhits id; Type: DEFAULT; Schema: public; Owner: wagtail_demo
--

ALTER TABLE ONLY public.wagtailsearch_querydailyhits ALTER COLUMN id SET DEFAULT nextval('public.wagtailsearch_querydailyhits_id_seq'::regclass);


--
-- Name: wagtailusers_userprofile id; Type: DEFAULT; Schema: public; Owner: wagtail_demo
--

ALTER TABLE ONLY public.wagtailusers_userprofile ALTER COLUMN id SET DEFAULT nextval('public.wagtailusers_userprofile_id_seq'::regclass);


--
-- Data for Name: about_aboutpage; Type: TABLE DATA; Schema: public; Owner: wagtail_demo
--

COPY public.about_aboutpage (page_ptr_id, main, blog_page_id) FROM stdin;
10	<p data-block-key="mygjd"> </p><p data-block-key="aoq5">Vivamus ut luctus magna. Quisque eget malesuada urna. Suspendisse viverra, libero ac tempus convallis, ante eros auctor metus, sit amet finibus tellus ipsum id neque. Ut porta, ipsum non fermentum consectetur, velit dui commodo turpis, in facilisis ante justo non neque. Donec consequat, libero id sodales volutpat, dui arcu laoreet enim, ut dictum arcu purus at mauris. Fusce urna arcu, vulputate at arcu ac, cursus lobortis lacus. Aliquam sed ultricies leo, a consectetur nisl. Cras pharetra posuere laoreet. Aliquam at tristique odio. Cras iaculis, lacus eu congue rutrum, augue ligula convallis ipsum, eu pharetra neque dui quis diam. Ut non massa suscipit, euismod risus a, suscipit lorem. Vivamus in lacus nec nisi sodales viverra. Nunc quis lobortis libero.</p><p data-block-key="fd6lq">Fusce pulvinar faucibus faucibus. Nam sollicitudin sit amet magna vitae porta. Donec semper erat in pharetra blandit. Curabitur vehicula augue eget ipsum rutrum, id hendrerit ipsum molestie. Suspendisse aliquet orci eu ultrices placerat. Proin sed tincidunt felis. Nam ornare justo condimentum turpis vehicula aliquam. Nunc ultrices erat id justo rhoncus lacinia.</p><p data-block-key="3qiuv">Ut accumsan ex vel turpis scelerisque, non suscipit neque suscipit. Curabitur volutpat ac risus feugiat aliquam. In imperdiet non lacus vel mattis. Quisque laoreet diam vel eros faucibus, quis tristique mauris sodales. Integer ornare ac ipsum sit amet eleifend. Interdum et malesuada fames ac ante ipsum primis in faucibus. Etiam non arcu sit amet sapien bibendum viverra. Donec in felis nec purus bibendum rhoncus.</p>	8
11	<p data-block-key="mygjd"> </p><p data-block-key="aoq5">Vivamus ut luctus magna. Quisque eget malesuada urna. Suspendisse viverra, libero ac tempus convallis, ante eros auctor metus, sit amet finibus tellus ipsum id neque. Ut porta, ipsum non fermentum consectetur, velit dui commodo turpis, in facilisis ante justo non neque. Donec consequat, libero id sodales volutpat, dui arcu laoreet enim, ut dictum arcu purus at mauris. Fusce urna arcu, vulputate at arcu ac, cursus lobortis lacus. Aliquam sed ultricies leo, a consectetur nisl. Cras pharetra posuere laoreet. Aliquam at tristique odio. Cras iaculis, lacus eu congue rutrum, augue ligula convallis ipsum, eu pharetra neque dui quis diam. Ut non massa suscipit, euismod risus a, suscipit lorem. Vivamus in lacus nec nisi sodales viverra. Nunc quis lobortis libero.</p><p data-block-key="fd6lq">Fusce pulvinar faucibus faucibus. Nam sollicitudin sit amet magna vitae porta. Donec semper erat in pharetra blandit. Curabitur vehicula augue eget ipsum rutrum, id hendrerit ipsum molestie. Suspendisse aliquet orci eu ultrices placerat. Proin sed tincidunt felis. Nam ornare justo condimentum turpis vehicula aliquam. Nunc ultrices erat id justo rhoncus lacinia.</p><p data-block-key="3qiuv">Ut accumsan ex vel turpis scelerisque, non suscipit neque suscipit. Curabitur volutpat ac risus feugiat aliquam. In imperdiet non lacus vel mattis. Quisque laoreet diam vel eros faucibus, quis tristique mauris sodales. Integer ornare ac ipsum sit amet eleifend. Interdum et malesuada fames ac ante ipsum primis in faucibus. Etiam non arcu sit amet sapien bibendum viverra. Donec in felis nec purus bibendum rhoncus.</p>	8
20	<p data-block-key="2ms9s"> </p><p data-block-key="206fm">Vivamus ut luctus magna. Quisque eget malesuada urna. Suspendisse viverra, libero ac tempus convallis, ante eros auctor metus, sit amet finibus tellus ipsum id neque. Ut porta, ipsum non fermentum consectetur, velit dui commodo turpis, in facilisis ante justo non neque. Donec consequat, libero id sodales volutpat, dui arcu laoreet enim, ut dictum arcu purus at mauris. Fusce urna arcu, vulputate at arcu ac, cursus lobortis lacus. Aliquam sed ultricies leo, a consectetur nisl. Cras pharetra posuere laoreet. Aliquam at tristique odio. Cras iaculis, lacus eu congue rutrum, augue ligula convallis ipsum, eu pharetra neque dui quis diam. Ut non massa suscipit, euismod risus a, suscipit lorem. Vivamus in lacus nec nisi sodales viverra. Nunc quis lobortis libero.</p><p data-block-key="vu3c">Fusce pulvinar faucibus faucibus. Nam sollicitudin sit amet magna vitae porta. Donec semper erat in pharetra blandit. Curabitur vehicula augue eget ipsum rutrum, id hendrerit ipsum molestie. Suspendisse aliquet orci eu ultrices placerat. Proin sed tincidunt felis. Nam ornare justo condimentum turpis vehicula aliquam. Nunc ultrices erat id justo rhoncus lacinia.</p><p data-block-key="db0cm">Ut accumsan ex vel turpis scelerisque, non suscipit neque suscipit. Curabitur volutpat ac risus feugiat aliquam. In imperdiet non lacus vel mattis. Quisque laoreet diam vel eros faucibus, quis tristique mauris sodales. Integer ornare ac ipsum sit amet eleifend. Interdum et malesuada fames ac ante ipsum primis in faucibus. Etiam non arcu sit amet sapien bibendum viverra. Donec in felis nec purus bibendum rhoncus.</p>	18
21	<p data-block-key="2ms9s"> </p><p data-block-key="206fm">Vivamus ut luctus magna. Quisque eget malesuada urna. Suspendisse viverra, libero ac tempus convallis, ante eros auctor metus, sit amet finibus tellus ipsum id neque. Ut porta, ipsum non fermentum consectetur, velit dui commodo turpis, in facilisis ante justo non neque. Donec consequat, libero id sodales volutpat, dui arcu laoreet enim, ut dictum arcu purus at mauris. Fusce urna arcu, vulputate at arcu ac, cursus lobortis lacus. Aliquam sed ultricies leo, a consectetur nisl. Cras pharetra posuere laoreet. Aliquam at tristique odio. Cras iaculis, lacus eu congue rutrum, augue ligula convallis ipsum, eu pharetra neque dui quis diam. Ut non massa suscipit, euismod risus a, suscipit lorem. Vivamus in lacus nec nisi sodales viverra. Nunc quis lobortis libero.</p><p data-block-key="vu3c">Fusce pulvinar faucibus faucibus. Nam sollicitudin sit amet magna vitae porta. Donec semper erat in pharetra blandit. Curabitur vehicula augue eget ipsum rutrum, id hendrerit ipsum molestie. Suspendisse aliquet orci eu ultrices placerat. Proin sed tincidunt felis. Nam ornare justo condimentum turpis vehicula aliquam. Nunc ultrices erat id justo rhoncus lacinia.</p><p data-block-key="db0cm">Ut accumsan ex vel turpis scelerisque, non suscipit neque suscipit. Curabitur volutpat ac risus feugiat aliquam. In imperdiet non lacus vel mattis. Quisque laoreet diam vel eros faucibus, quis tristique mauris sodales. Integer ornare ac ipsum sit amet eleifend. Interdum et malesuada fames ac ante ipsum primis in faucibus. Etiam non arcu sit amet sapien bibendum viverra. Donec in felis nec purus bibendum rhoncus.</p>	18
\.


--
-- Data for Name: auth_group; Type: TABLE DATA; Schema: public; Owner: wagtail_demo
--

COPY public.auth_group (id, name) FROM stdin;
1	Moderators
2	Editors
\.


--
-- Data for Name: auth_group_permissions; Type: TABLE DATA; Schema: public; Owner: wagtail_demo
--

COPY public.auth_group_permissions (id, group_id, permission_id) FROM stdin;
1	1	1
2	1	2
3	1	3
4	2	1
5	2	2
6	2	3
7	1	5
8	2	5
9	1	6
10	2	6
11	1	8
12	1	9
13	1	7
14	2	8
15	2	9
16	2	7
17	1	10
18	2	10
\.


--
-- Data for Name: auth_permission; Type: TABLE DATA; Schema: public; Owner: wagtail_demo
--

COPY public.auth_permission (id, name, content_type_id, codename) FROM stdin;
1	Can add image	4	add_image
2	Can change image	4	change_image
3	Can delete image	4	delete_image
4	Can choose image	4	choose_image
5	Can submit translations	5	submit_translation
6	Can access Wagtail admin	6	access_admin
7	Can add document	7	add_document
8	Can change document	7	change_document
9	Can delete document	7	delete_document
10	Can choose document	7	choose_document
11	Can add home page	3	add_homepage
12	Can change home page	3	change_homepage
13	Can delete home page	3	delete_homepage
14	Can view home page	3	view_homepage
15	Can add Category	8	add_blogcategory
16	Can change Category	8	change_blogcategory
17	Can delete Category	8	delete_blogcategory
18	Can view Category	8	view_blogcategory
19	Can add blog page	9	add_blogpage
20	Can change blog page	9	change_blogpage
21	Can delete blog page	9	delete_blogpage
22	Can view blog page	9	view_blogpage
23	Can add post page	10	add_postpage
24	Can change post page	10	change_postpage
25	Can delete post page	10	delete_postpage
26	Can view post page	10	view_postpage
27	Can add tag	11	add_tag
28	Can change tag	11	change_tag
29	Can delete tag	11	delete_tag
30	Can view tag	11	view_tag
31	Can add post page tag	12	add_postpagetag
32	Can change post page tag	12	change_postpagetag
33	Can delete post page tag	12	delete_postpagetag
34	Can view post page tag	12	view_postpagetag
35	Can add post page blog category	13	add_postpageblogcategory
36	Can change post page blog category	13	change_postpageblogcategory
37	Can delete post page blog category	13	delete_postpageblogcategory
38	Can view post page blog category	13	view_postpageblogcategory
39	Can add footer	14	add_footer
40	Can change footer	14	change_footer
41	Can delete footer	14	delete_footer
42	Can view footer	14	view_footer
43	Can add landing page	15	add_landingpage
44	Can change landing page	15	change_landingpage
45	Can delete landing page	15	delete_landingpage
46	Can view landing page	15	view_landingpage
47	Can add about page	16	add_aboutpage
48	Can change about page	16	change_aboutpage
49	Can delete about page	16	delete_aboutpage
50	Can view about page	16	view_aboutpage
51	Can add string	17	add_string
52	Can change string	17	change_string
53	Can delete string	17	delete_string
54	Can view string	17	view_string
55	Can add template	18	add_template
56	Can change template	18	change_template
57	Can delete template	18	delete_template
58	Can view template	18	view_template
59	Can add translatable object	19	add_translatableobject
60	Can change translatable object	19	change_translatableobject
61	Can delete translatable object	19	delete_translatableobject
62	Can view translatable object	19	view_translatableobject
63	Can add translation source	20	add_translationsource
64	Can change translation source	20	change_translationsource
65	Can delete translation source	20	delete_translationsource
66	Can view translation source	20	view_translationsource
67	Can add translation log	21	add_translationlog
68	Can change translation log	21	change_translationlog
69	Can delete translation log	21	delete_translationlog
70	Can view translation log	21	view_translationlog
71	Can add translation context	22	add_translationcontext
72	Can change translation context	22	change_translationcontext
73	Can delete translation context	22	delete_translationcontext
74	Can view translation context	22	view_translationcontext
75	Can add template segment	23	add_templatesegment
76	Can change template segment	23	change_templatesegment
77	Can delete template segment	23	delete_templatesegment
78	Can view template segment	23	view_templatesegment
79	Can add string segment	24	add_stringsegment
80	Can change string segment	24	change_stringsegment
81	Can delete string segment	24	delete_stringsegment
82	Can view string segment	24	view_stringsegment
83	Can add related object segment	25	add_relatedobjectsegment
84	Can change related object segment	25	change_relatedobjectsegment
85	Can delete related object segment	25	delete_relatedobjectsegment
86	Can view related object segment	25	view_relatedobjectsegment
87	Can add string translation	26	add_stringtranslation
88	Can change string translation	26	change_stringtranslation
89	Can delete string translation	26	delete_stringtranslation
90	Can view string translation	26	view_stringtranslation
91	Can add translation	5	add_translation
92	Can change translation	5	change_translation
93	Can delete translation	5	delete_translation
94	Can view translation	5	view_translation
95	Can add overridable segment	27	add_overridablesegment
96	Can change overridable segment	27	change_overridablesegment
97	Can delete overridable segment	27	delete_overridablesegment
98	Can view overridable segment	27	view_overridablesegment
99	Can add segment override	28	add_segmentoverride
100	Can change segment override	28	change_segmentoverride
101	Can delete segment override	28	delete_segmentoverride
102	Can view segment override	28	view_segmentoverride
103	Can add locale synchronization	29	add_localesynchronization
104	Can change locale synchronization	29	change_localesynchronization
105	Can delete locale synchronization	29	delete_localesynchronization
106	Can view locale synchronization	29	view_localesynchronization
107	Can add form submission	30	add_formsubmission
108	Can change form submission	30	change_formsubmission
109	Can delete form submission	30	delete_formsubmission
110	Can view form submission	30	view_formsubmission
111	Can add redirect	31	add_redirect
112	Can change redirect	31	change_redirect
113	Can delete redirect	31	delete_redirect
114	Can view redirect	31	view_redirect
115	Can add embed	32	add_embed
116	Can change embed	32	change_embed
117	Can delete embed	32	delete_embed
118	Can view embed	32	view_embed
119	Can add user profile	33	add_userprofile
120	Can change user profile	33	change_userprofile
121	Can delete user profile	33	delete_userprofile
122	Can view user profile	33	view_userprofile
123	Can view document	7	view_document
124	Can add uploaded document	34	add_uploadeddocument
125	Can change uploaded document	34	change_uploadeddocument
126	Can delete uploaded document	34	delete_uploadeddocument
127	Can view uploaded document	34	view_uploadeddocument
128	Can view image	4	view_image
129	Can add rendition	35	add_rendition
130	Can change rendition	35	change_rendition
131	Can delete rendition	35	delete_rendition
132	Can view rendition	35	view_rendition
133	Can add uploaded image	36	add_uploadedimage
134	Can change uploaded image	36	change_uploadedimage
135	Can delete uploaded image	36	delete_uploadedimage
136	Can view uploaded image	36	view_uploadedimage
137	Can add query	37	add_query
138	Can change query	37	change_query
139	Can delete query	37	delete_query
140	Can view query	37	view_query
141	Can add Query Daily Hits	38	add_querydailyhits
142	Can change Query Daily Hits	38	change_querydailyhits
143	Can delete Query Daily Hits	38	delete_querydailyhits
144	Can view Query Daily Hits	38	view_querydailyhits
145	Can add page	1	add_page
146	Can change page	1	change_page
147	Can delete page	1	delete_page
148	Can view page	1	view_page
149	Can add group page permission	39	add_grouppagepermission
150	Can change group page permission	39	change_grouppagepermission
151	Can delete group page permission	39	delete_grouppagepermission
152	Can view group page permission	39	view_grouppagepermission
153	Can add page revision	40	add_pagerevision
154	Can change page revision	40	change_pagerevision
155	Can delete page revision	40	delete_pagerevision
156	Can view page revision	40	view_pagerevision
157	Can add page view restriction	41	add_pageviewrestriction
158	Can change page view restriction	41	change_pageviewrestriction
159	Can delete page view restriction	41	delete_pageviewrestriction
160	Can view page view restriction	41	view_pageviewrestriction
161	Can add site	42	add_site
162	Can change site	42	change_site
163	Can delete site	42	delete_site
164	Can view site	42	view_site
165	Can add collection	43	add_collection
166	Can change collection	43	change_collection
167	Can delete collection	43	delete_collection
168	Can view collection	43	view_collection
169	Can add group collection permission	44	add_groupcollectionpermission
170	Can change group collection permission	44	change_groupcollectionpermission
171	Can delete group collection permission	44	delete_groupcollectionpermission
172	Can view group collection permission	44	view_groupcollectionpermission
173	Can add collection view restriction	45	add_collectionviewrestriction
174	Can change collection view restriction	45	change_collectionviewrestriction
175	Can delete collection view restriction	45	delete_collectionviewrestriction
176	Can view collection view restriction	45	view_collectionviewrestriction
177	Can add task	46	add_task
178	Can change task	46	change_task
179	Can delete task	46	delete_task
180	Can view task	46	view_task
181	Can add Task state	47	add_taskstate
182	Can change Task state	47	change_taskstate
183	Can delete Task state	47	delete_taskstate
184	Can view Task state	47	view_taskstate
185	Can add workflow	48	add_workflow
186	Can change workflow	48	change_workflow
187	Can delete workflow	48	delete_workflow
188	Can view workflow	48	view_workflow
189	Can add Group approval task	2	add_groupapprovaltask
190	Can change Group approval task	2	change_groupapprovaltask
191	Can delete Group approval task	2	delete_groupapprovaltask
192	Can view Group approval task	2	view_groupapprovaltask
193	Can add Workflow state	49	add_workflowstate
194	Can change Workflow state	49	change_workflowstate
195	Can delete Workflow state	49	delete_workflowstate
196	Can view Workflow state	49	view_workflowstate
197	Can add workflow page	50	add_workflowpage
198	Can change workflow page	50	change_workflowpage
199	Can delete workflow page	50	delete_workflowpage
200	Can view workflow page	50	view_workflowpage
201	Can add workflow task order	51	add_workflowtask
202	Can change workflow task order	51	change_workflowtask
203	Can delete workflow task order	51	delete_workflowtask
204	Can view workflow task order	51	view_workflowtask
205	Can add page log entry	52	add_pagelogentry
206	Can change page log entry	52	change_pagelogentry
207	Can delete page log entry	52	delete_pagelogentry
208	Can view page log entry	52	view_pagelogentry
209	Can add locale	53	add_locale
210	Can change locale	53	change_locale
211	Can delete locale	53	delete_locale
212	Can view locale	53	view_locale
213	Can add comment	54	add_comment
214	Can change comment	54	change_comment
215	Can delete comment	54	delete_comment
216	Can view comment	54	view_comment
217	Can add comment reply	55	add_commentreply
218	Can change comment reply	55	change_commentreply
219	Can delete comment reply	55	delete_commentreply
220	Can view comment reply	55	view_commentreply
221	Can add page subscription	56	add_pagesubscription
222	Can change page subscription	56	change_pagesubscription
223	Can delete page subscription	56	delete_pagesubscription
224	Can view page subscription	56	view_pagesubscription
225	Can add tag	57	add_tag
226	Can change tag	57	change_tag
227	Can delete tag	57	delete_tag
228	Can view tag	57	view_tag
229	Can add tagged item	58	add_taggeditem
230	Can change tagged item	58	change_taggeditem
231	Can delete tagged item	58	delete_taggeditem
232	Can view tagged item	58	view_taggeditem
233	Can add log entry	59	add_logentry
234	Can change log entry	59	change_logentry
235	Can delete log entry	59	delete_logentry
236	Can view log entry	59	view_logentry
237	Can add permission	60	add_permission
238	Can change permission	60	change_permission
239	Can delete permission	60	delete_permission
240	Can view permission	60	view_permission
241	Can add group	61	add_group
242	Can change group	61	change_group
243	Can delete group	61	delete_group
244	Can view group	61	view_group
245	Can add user	62	add_user
246	Can change user	62	change_user
247	Can delete user	62	delete_user
248	Can view user	62	view_user
249	Can add content type	63	add_contenttype
250	Can change content type	63	change_contenttype
251	Can delete content type	63	delete_contenttype
252	Can view content type	63	view_contenttype
253	Can add session	64	add_session
254	Can change session	64	change_session
255	Can delete session	64	delete_session
256	Can view session	64	view_session
\.


--
-- Data for Name: auth_user; Type: TABLE DATA; Schema: public; Owner: wagtail_demo
--

COPY public.auth_user (id, password, last_login, is_superuser, username, first_name, last_name, email, is_staff, is_active, date_joined) FROM stdin;
1	pbkdf2_sha256$216000$AtF18ZN6O9v1$0R6l+i9Vz/bfP6Eihej8o/1C7YZkfr4ijIX5gAWbwmg=	2021-10-26 09:43:49.898695+00	t	admin			admin@admin.com	t	t	2021-10-26 09:23:30.871388+00
\.


--
-- Data for Name: auth_user_groups; Type: TABLE DATA; Schema: public; Owner: wagtail_demo
--

COPY public.auth_user_groups (id, user_id, group_id) FROM stdin;
\.


--
-- Data for Name: auth_user_user_permissions; Type: TABLE DATA; Schema: public; Owner: wagtail_demo
--

COPY public.auth_user_user_permissions (id, user_id, permission_id) FROM stdin;
\.


--
-- Data for Name: blog_blogcategory; Type: TABLE DATA; Schema: public; Owner: wagtail_demo
--

COPY public.blog_blogcategory (id, name, slug) FROM stdin;
2	Yellow	yellow
1	Orange	orange
\.


--
-- Data for Name: blog_blogpage; Type: TABLE DATA; Schema: public; Owner: wagtail_demo
--

COPY public.blog_blogpage (page_ptr_id, description) FROM stdin;
8	orange blog
9	orange blog
18	yellow blog
19	yellow blog
\.


--
-- Data for Name: blog_footer; Type: TABLE DATA; Schema: public; Owner: wagtail_demo
--

COPY public.blog_footer (id, url, text) FROM stdin;
1	http://www.youtube.com	Copyright Lorem Ipsum 2021
\.


--
-- Data for Name: blog_postpage; Type: TABLE DATA; Schema: public; Owner: wagtail_demo
--

COPY public.blog_postpage (page_ptr_id, header_image_id, body) FROM stdin;
12	2	[{"type": "listicle", "value": [{"header": "This one is great...", "body": "<p data-block-key=\\"ho3ns\\"> </p><p data-block-key=\\"4h4bg\\">Vivamus ut luctus magna. Quisque eget malesuada urna. Suspendisse viverra, libero ac tempus convallis, ante eros auctor metus, sit amet finibus tellus ipsum id neque. Ut porta, ipsum non fermentum consectetur, velit dui commodo turpis, in facilisis ante justo non neque. Donec consequat, libero id sodales volutpat, dui arcu laoreet enim, ut dictum arcu purus at mauris. Fusce urna arcu, vulputate at arcu ac, cursus lobortis lacus. Aliquam sed ultricies leo, a consectetur nisl. Cras pharetra posuere laoreet. Aliquam at tristique odio. Cras iaculis, lacus eu congue rutrum, augue ligula convallis ipsum, eu pharetra neque dui quis diam. Ut non massa suscipit, euismod risus a, suscipit lorem. Vivamus in lacus nec nisi sodales viverra. Nunc quis lobortis libero.</p>"}, {"header": "Did you know...", "body": "<p data-block-key=\\"ume7a\\"> Lorem ipsum dolor sit amet, consectetur adipiscing elit. Suspendisse vitae viverra lorem, non consectetur quam. Quisque rhoncus egestas purus eget facilisis. Sed ut laoreet orci, eget rutrum ligula. Aliquam enim nunc, scelerisque ac laoreet dignissim, consectetur aliquet elit. Donec ut placerat eros, nec tempus purus. Morbi metus orci, cursus ut felis at, scelerisque vehicula neque. Vivamus blandit enim ac venenatis hendrerit. Duis accumsan ante vel orci eleifend, ut maximus nulla porttitor. Praesent maximus nibh sed purus efficitur, a volutpat augue condimentum. Vestibulum faucibus, nisl sit amet cursus luctus, ligula nisi pulvinar lorem, sed ultrices eros mauris quis turpis. In hac habitasse platea dictumst. In efficitur neque a odio bibendum faucibus. Vestibulum sed sem pretium ligula finibus varius sed sit amet arcu. In maximus urna vel dui malesuada sollicitudin. </p>"}, {"header": "I'd never heard of this...", "body": "<p data-block-key=\\"ume7a\\">Suspendisse vitae viverra lorem, non consectetur quam. Quisque rhoncus egestas purus eget facilisis. Sed ut laoreet orci, eget rutrum ligula. Aliquam enim nunc, scelerisque ac laoreet dignissim, consectetur aliquet elit. Donec ut placerat eros, nec tempus purus. Morbi metus orci, cursus ut felis at, scelerisque vehicula neque. Vivamus blandit enim ac venenatis hendrerit. Duis accumsan ante vel orci eleifend, ut maximus nulla porttitor. Praesent maximus nibh sed purus efficitur, a volutpat augue condimentum. Vestibulum faucibus, nisl sit amet cursus luctus, ligula nisi pulvinar lorem, sed ultrices eros mauris quis turpis. In hac habitasse platea dictumst. In efficitur neque a odio bibendum faucibus. Vestibulum sed sem pretium ligula finibus varius sed sit amet arcu. In maximus urna vel dui malesuada sollicitudin. </p>"}], "id": "79bd187b-4af8-4bcc-b746-c6a9fab43beb"}]
13	2	[{"type": "listicle", "value": [{"header": "This one is great...", "body": "<p data-block-key=\\"ho3ns\\"> </p><p data-block-key=\\"4h4bg\\">Vivamus ut luctus magna. Quisque eget malesuada urna. Suspendisse viverra, libero ac tempus convallis, ante eros auctor metus, sit amet finibus tellus ipsum id neque. Ut porta, ipsum non fermentum consectetur, velit dui commodo turpis, in facilisis ante justo non neque. Donec consequat, libero id sodales volutpat, dui arcu laoreet enim, ut dictum arcu purus at mauris. Fusce urna arcu, vulputate at arcu ac, cursus lobortis lacus. Aliquam sed ultricies leo, a consectetur nisl. Cras pharetra posuere laoreet. Aliquam at tristique odio. Cras iaculis, lacus eu congue rutrum, augue ligula convallis ipsum, eu pharetra neque dui quis diam. Ut non massa suscipit, euismod risus a, suscipit lorem. Vivamus in lacus nec nisi sodales viverra. Nunc quis lobortis libero.</p>"}, {"header": "Did you know...", "body": "<p data-block-key=\\"ume7a\\"> Lorem ipsum dolor sit amet, consectetur adipiscing elit. Suspendisse vitae viverra lorem, non consectetur quam. Quisque rhoncus egestas purus eget facilisis. Sed ut laoreet orci, eget rutrum ligula. Aliquam enim nunc, scelerisque ac laoreet dignissim, consectetur aliquet elit. Donec ut placerat eros, nec tempus purus. Morbi metus orci, cursus ut felis at, scelerisque vehicula neque. Vivamus blandit enim ac venenatis hendrerit. Duis accumsan ante vel orci eleifend, ut maximus nulla porttitor. Praesent maximus nibh sed purus efficitur, a volutpat augue condimentum. Vestibulum faucibus, nisl sit amet cursus luctus, ligula nisi pulvinar lorem, sed ultrices eros mauris quis turpis. In hac habitasse platea dictumst. In efficitur neque a odio bibendum faucibus. Vestibulum sed sem pretium ligula finibus varius sed sit amet arcu. In maximus urna vel dui malesuada sollicitudin. </p>"}, {"header": "I'd never heard of this...", "body": "<p data-block-key=\\"ume7a\\">Suspendisse vitae viverra lorem, non consectetur quam. Quisque rhoncus egestas purus eget facilisis. Sed ut laoreet orci, eget rutrum ligula. Aliquam enim nunc, scelerisque ac laoreet dignissim, consectetur aliquet elit. Donec ut placerat eros, nec tempus purus. Morbi metus orci, cursus ut felis at, scelerisque vehicula neque. Vivamus blandit enim ac venenatis hendrerit. Duis accumsan ante vel orci eleifend, ut maximus nulla porttitor. Praesent maximus nibh sed purus efficitur, a volutpat augue condimentum. Vestibulum faucibus, nisl sit amet cursus luctus, ligula nisi pulvinar lorem, sed ultrices eros mauris quis turpis. In hac habitasse platea dictumst. In efficitur neque a odio bibendum faucibus. Vestibulum sed sem pretium ligula finibus varius sed sit amet arcu. In maximus urna vel dui malesuada sollicitudin. </p>"}], "id": "79bd187b-4af8-4bcc-b746-c6a9fab43beb"}]
14	4	[{"type": "paragraph", "value": "<p data-block-key=\\"dytnp\\">Lorem ipsum dolor sit amet, consectetur adipiscing elit. Suspendisse vitae viverra lorem, non consectetur quam. Quisque rhoncus egestas purus eget facilisis. Sed ut laoreet orci, eget rutrum ligula. Aliquam enim nunc, scelerisque ac laoreet dignissim, consectetur aliquet elit. Donec ut placerat eros, nec tempus purus. Morbi metus orci, cursus ut felis at, scelerisque vehicula neque.</p>", "id": "e27d4a11-c2bf-4a0d-bf97-76b0473efc76"}, {"type": "image_text", "value": {"reverse": false, "text": "<p data-block-key=\\"zy7ts\\">Ut accumsan ex vel turpis scelerisque, non suscipit neque suscipit. Curabitur volutpat ac risus feugiat aliquam. In imperdiet non lacus vel mattis.</p>", "image": 2}, "id": "a06e9b18-46c4-4865-aa30-dbb12c7a8da1"}, {"type": "paragraph", "value": "<p data-block-key=\\"b0qli\\"> </p><p data-block-key=\\"87s0g\\">Vivamus ut luctus magna. Quisque eget malesuada urna. Suspendisse viverra, libero ac tempus convallis, ante eros auctor metus, sit amet finibus tellus ipsum id neque. Ut porta, ipsum non fermentum consectetur, velit dui commodo turpis, in facilisis ante justo non neque. Donec consequat, libero id sodales volutpat, dui arcu laoreet enim, ut dictum arcu purus at mauris. Fusce urna arcu, vulputate at arcu ac, cursus lobortis lacus. Aliquam sed ultricies leo, a consectetur nisl. Cras pharetra posuere laoreet. Aliquam at tristique odio. Cras iaculis, lacus eu congue rutrum, augue ligula convallis ipsum, eu pharetra neque dui quis diam. Ut non massa suscipit, euismod risus a, suscipit lorem. Vivamus in lacus nec nisi sodales viverra. Nunc quis lobortis libero.</p><p data-block-key=\\"50al\\">Fusce pulvinar faucibus faucibus. Nam sollicitudin sit amet magna vitae porta. Donec semper erat in pharetra blandit. Curabitur vehicula augue eget ipsum rutrum, id hendrerit ipsum molestie. Suspendisse aliquet orci eu ultrices placerat. Proin sed tincidunt felis. Nam ornare justo condimentum turpis vehicula aliquam. Nunc ultrices erat id justo rhoncus lacinia.</p>", "id": "4f7937a6-d95a-44b1-9126-0f128f6b2ab8"}, {"type": "cta", "value": {"title": "Click here to learn more", "text": "<p data-block-key=\\"lum23\\">Quisque laoreet diam vel eros faucibus, quis tristique mauris sodales. Integer ornare ac ipsum sit amet eleifend. Interdum et malesuada fames ac ante ipsum primis in faucibus. Etiam non arcu sit amet sapien bibendum viverra. Donec in felis nec purus bibendum rhoncus.</p>", "button_page": null, "button_url": "http://www.google.co.uk", "button_text": "Learn More"}, "id": "1e4dc252-e08a-4eed-a7ae-cdeb5c52e679"}]
15	4	[{"type": "paragraph", "value": "<p data-block-key=\\"dytnp\\">Lorem ipsum dolor sit amet, consectetur adipiscing elit. Suspendisse vitae viverra lorem, non consectetur quam. Quisque rhoncus egestas purus eget facilisis. Sed ut laoreet orci, eget rutrum ligula. Aliquam enim nunc, scelerisque ac laoreet dignissim, consectetur aliquet elit. Donec ut placerat eros, nec tempus purus. Morbi metus orci, cursus ut felis at, scelerisque vehicula neque.</p>", "id": "e27d4a11-c2bf-4a0d-bf97-76b0473efc76"}, {"type": "image_text", "value": {"reverse": false, "text": "<p data-block-key=\\"zy7ts\\">Ut accumsan ex vel turpis scelerisque, non suscipit neque suscipit. Curabitur volutpat ac risus feugiat aliquam. In imperdiet non lacus vel mattis.</p>", "image": 2}, "id": "a06e9b18-46c4-4865-aa30-dbb12c7a8da1"}, {"type": "paragraph", "value": "<p data-block-key=\\"b0qli\\"> </p><p data-block-key=\\"87s0g\\">Vivamus ut luctus magna. Quisque eget malesuada urna. Suspendisse viverra, libero ac tempus convallis, ante eros auctor metus, sit amet finibus tellus ipsum id neque. Ut porta, ipsum non fermentum consectetur, velit dui commodo turpis, in facilisis ante justo non neque. Donec consequat, libero id sodales volutpat, dui arcu laoreet enim, ut dictum arcu purus at mauris. Fusce urna arcu, vulputate at arcu ac, cursus lobortis lacus. Aliquam sed ultricies leo, a consectetur nisl. Cras pharetra posuere laoreet. Aliquam at tristique odio. Cras iaculis, lacus eu congue rutrum, augue ligula convallis ipsum, eu pharetra neque dui quis diam. Ut non massa suscipit, euismod risus a, suscipit lorem. Vivamus in lacus nec nisi sodales viverra. Nunc quis lobortis libero.</p><p data-block-key=\\"50al\\">Fusce pulvinar faucibus faucibus. Nam sollicitudin sit amet magna vitae porta. Donec semper erat in pharetra blandit. Curabitur vehicula augue eget ipsum rutrum, id hendrerit ipsum molestie. Suspendisse aliquet orci eu ultrices placerat. Proin sed tincidunt felis. Nam ornare justo condimentum turpis vehicula aliquam. Nunc ultrices erat id justo rhoncus lacinia.</p>", "id": "4f7937a6-d95a-44b1-9126-0f128f6b2ab8"}, {"type": "cta", "value": {"title": "Click here to learn more", "text": "<p data-block-key=\\"lum23\\">Quisque laoreet diam vel eros faucibus, quis tristique mauris sodales. Integer ornare ac ipsum sit amet eleifend. Interdum et malesuada fames ac ante ipsum primis in faucibus. Etiam non arcu sit amet sapien bibendum viverra. Donec in felis nec purus bibendum rhoncus.</p>", "button_page": null, "button_url": "http://www.google.co.uk", "button_text": "Learn More"}, "id": "1e4dc252-e08a-4eed-a7ae-cdeb5c52e679"}]
16	3	[{"type": "paragraph", "value": "<p data-block-key=\\"frhev\\"></p><p data-block-key=\\"4a71p\\">Vivamus ut luctus magna. Quisque eget malesuada urna. Suspendisse viverra, libero ac tempus convallis, ante eros auctor metus, sit amet finibus tellus ipsum id neque. Ut porta, ipsum non fermentum consectetur, velit dui commodo turpis, in facilisis ante justo non neque. Donec consequat, libero id sodales volutpat, dui arcu laoreet enim, ut dictum arcu purus at mauris. Fusce urna arcu, vulputate at arcu ac, cursus lobortis lacus. Aliquam sed ultricies leo, a consectetur nisl. Cras pharetra posuere laoreet. Aliquam at tristique odio. Cras iaculis, lacus eu congue rutrum, augue ligula convallis ipsum, eu pharetra neque dui quis diam. Ut non massa suscipit, euismod risus a, suscipit lorem. Vivamus in lacus nec nisi sodales viverra. Nunc quis lobortis libero.</p><p data-block-key=\\"8c2nb\\">Fusce pulvinar faucibus faucibus. Nam sollicitudin sit amet magna vitae porta. Donec semper erat in pharetra blandit. Curabitur vehicula augue eget ipsum rutrum, id hendrerit ipsum molestie. Suspendisse aliquet orci eu ultrices placerat. Proin sed tincidunt felis. Nam ornare justo condimentum turpis vehicula aliquam. Nunc ultrices erat id justo rhoncus lacinia.</p><p data-block-key=\\"23ht7\\">Ut accumsan ex vel turpis scelerisque, non suscipit neque suscipit. Curabitur volutpat ac risus feugiat aliquam. In imperdiet non lacus vel mattis. Quisque laoreet diam vel eros faucibus, quis tristique mauris sodales. Integer ornare ac ipsum sit amet eleifend. Interdum et malesuada fames ac ante ipsum primis in faucibus. Etiam non arcu sit amet sapien bibendum viverra. Donec in felis nec purus bibendum rhoncus.</p><p data-block-key=\\"3s0b9\\">Cras sagittis interdum sem volutpat tristique. Nam quis mauris dolor. Nam ornare sed justo ac finibus. Curabitur lorem sem, fermentum quis neque id, vehicula varius nisi. Quisque in ultricies urna. Nam vitae sapien vulputate turpis pretium aliquam eu ac nisl. Duis nulla risus, varius in dui vitae, tempus interdum magna. Donec id feugiat est. Vestibulum finibus massa eu ante gravida, rhoncus blandit eros elementum. Integer mattis suscipit risus sed varius. Integer sit amet consequat diam. Aliquam dignissim mauris metus, vehicula eleifend turpis maximus sed. Quisque rhoncus tincidunt ante et pretium. Sed dolor nibh, ultrices tristique sem nec, suscipit ornare tellus.</p><p data-block-key=\\"7d628\\">Mauris faucibus blandit dui, vel rhoncus lectus mattis quis. Donec et tincidunt elit. Vestibulum a iaculis nulla. Morbi eget consectetur nunc, nec ultricies dolor. Nullam ultrices in sapien ut tincidunt. Phasellus a diam ex. Nunc sed lobortis massa. Proin ultrices risus vel neque condimentum, sed pulvinar erat varius. Phasellus at risus eu nisl iaculis ultricies at in erat. Phasellus imperdiet mauris neque, non viverra velit accumsan et. Ut porttitor, lacus a fermentum tristique, nisl dolor aliquet est, non vehicula ligula enim non nisi. Vestibulum sed facilisis tellus, vitae luctus turpis. Pellentesque dapibus volutpat finibus.</p><p data-block-key=\\"8dsov\\">Fusce purus ligula, convallis quis ante tincidunt, maximus feugiat sapien. Aenean leo augue, congue non sem eget, convallis auctor arcu. Suspendisse ac ullamcorper risus. Nulla varius mauris vel pharetra imperdiet. Vestibulum ullamcorper, risus et ultricies molestie, magna sem rhoncus metus, sed ullamcorper purus nisl ut est. Sed vitae tortor elementum, pretium ipsum a, scelerisque libero. Nunc a metus ex. Nullam semper pulvinar libero non venenatis. Donec vel elit volutpat, viverra tellus et, fermentum justo. Aliquam purus elit, condimentum non dictum id, tincidunt sed massa.</p><p data-block-key=\\"1t5u9\\">Aliquam massa nulla, tincidunt id massa sit amet, pulvinar rutrum massa. Nulla eget est elementum, convallis risus vitae, scelerisque nibh. Vestibulum ante ipsum primis in faucibus orci luctus et ultrices posuere cubilia curae; Fusce pellentesque ante non justo consectetur imperdiet. Cras a ornare velit. Nulla bibendum elementum nunc in auctor. Integer dui erat, dignissim a tellus non, tincidunt tempor lectus. In lacinia mauris nec diam sollicitudin, at condimentum nunc tincidunt. Lorem ipsum dolor sit amet, consectetur adipiscing elit. Etiam ultricies est id tincidunt gravida. Curabitur iaculis purus neque, non sollicitudin orci viverra sed.</p>", "id": "ecdf7e32-1404-4cc3-b5e6-aa398817d5cc"}]
17	3	[{"type": "paragraph", "value": "<p data-block-key=\\"frhev\\"></p><p data-block-key=\\"4a71p\\">Vivamus ut luctus magna. Quisque eget malesuada urna. Suspendisse viverra, libero ac tempus convallis, ante eros auctor metus, sit amet finibus tellus ipsum id neque. Ut porta, ipsum non fermentum consectetur, velit dui commodo turpis, in facilisis ante justo non neque. Donec consequat, libero id sodales volutpat, dui arcu laoreet enim, ut dictum arcu purus at mauris. Fusce urna arcu, vulputate at arcu ac, cursus lobortis lacus. Aliquam sed ultricies leo, a consectetur nisl. Cras pharetra posuere laoreet. Aliquam at tristique odio. Cras iaculis, lacus eu congue rutrum, augue ligula convallis ipsum, eu pharetra neque dui quis diam. Ut non massa suscipit, euismod risus a, suscipit lorem. Vivamus in lacus nec nisi sodales viverra. Nunc quis lobortis libero.</p><p data-block-key=\\"8c2nb\\">Fusce pulvinar faucibus faucibus. Nam sollicitudin sit amet magna vitae porta. Donec semper erat in pharetra blandit. Curabitur vehicula augue eget ipsum rutrum, id hendrerit ipsum molestie. Suspendisse aliquet orci eu ultrices placerat. Proin sed tincidunt felis. Nam ornare justo condimentum turpis vehicula aliquam. Nunc ultrices erat id justo rhoncus lacinia.</p><p data-block-key=\\"23ht7\\">Ut accumsan ex vel turpis scelerisque, non suscipit neque suscipit. Curabitur volutpat ac risus feugiat aliquam. In imperdiet non lacus vel mattis. Quisque laoreet diam vel eros faucibus, quis tristique mauris sodales. Integer ornare ac ipsum sit amet eleifend. Interdum et malesuada fames ac ante ipsum primis in faucibus. Etiam non arcu sit amet sapien bibendum viverra. Donec in felis nec purus bibendum rhoncus.</p><p data-block-key=\\"3s0b9\\">Cras sagittis interdum sem volutpat tristique. Nam quis mauris dolor. Nam ornare sed justo ac finibus. Curabitur lorem sem, fermentum quis neque id, vehicula varius nisi. Quisque in ultricies urna. Nam vitae sapien vulputate turpis pretium aliquam eu ac nisl. Duis nulla risus, varius in dui vitae, tempus interdum magna. Donec id feugiat est. Vestibulum finibus massa eu ante gravida, rhoncus blandit eros elementum. Integer mattis suscipit risus sed varius. Integer sit amet consequat diam. Aliquam dignissim mauris metus, vehicula eleifend turpis maximus sed. Quisque rhoncus tincidunt ante et pretium. Sed dolor nibh, ultrices tristique sem nec, suscipit ornare tellus.</p><p data-block-key=\\"7d628\\">Mauris faucibus blandit dui, vel rhoncus lectus mattis quis. Donec et tincidunt elit. Vestibulum a iaculis nulla. Morbi eget consectetur nunc, nec ultricies dolor. Nullam ultrices in sapien ut tincidunt. Phasellus a diam ex. Nunc sed lobortis massa. Proin ultrices risus vel neque condimentum, sed pulvinar erat varius. Phasellus at risus eu nisl iaculis ultricies at in erat. Phasellus imperdiet mauris neque, non viverra velit accumsan et. Ut porttitor, lacus a fermentum tristique, nisl dolor aliquet est, non vehicula ligula enim non nisi. Vestibulum sed facilisis tellus, vitae luctus turpis. Pellentesque dapibus volutpat finibus.</p><p data-block-key=\\"8dsov\\">Fusce purus ligula, convallis quis ante tincidunt, maximus feugiat sapien. Aenean leo augue, congue non sem eget, convallis auctor arcu. Suspendisse ac ullamcorper risus. Nulla varius mauris vel pharetra imperdiet. Vestibulum ullamcorper, risus et ultricies molestie, magna sem rhoncus metus, sed ullamcorper purus nisl ut est. Sed vitae tortor elementum, pretium ipsum a, scelerisque libero. Nunc a metus ex. Nullam semper pulvinar libero non venenatis. Donec vel elit volutpat, viverra tellus et, fermentum justo. Aliquam purus elit, condimentum non dictum id, tincidunt sed massa.</p><p data-block-key=\\"1t5u9\\">Aliquam massa nulla, tincidunt id massa sit amet, pulvinar rutrum massa. Nulla eget est elementum, convallis risus vitae, scelerisque nibh. Vestibulum ante ipsum primis in faucibus orci luctus et ultrices posuere cubilia curae; Fusce pellentesque ante non justo consectetur imperdiet. Cras a ornare velit. Nulla bibendum elementum nunc in auctor. Integer dui erat, dignissim a tellus non, tincidunt tempor lectus. In lacinia mauris nec diam sollicitudin, at condimentum nunc tincidunt. Lorem ipsum dolor sit amet, consectetur adipiscing elit. Etiam ultricies est id tincidunt gravida. Curabitur iaculis purus neque, non sollicitudin orci viverra sed.</p>", "id": "ecdf7e32-1404-4cc3-b5e6-aa398817d5cc"}]
22	5	[{"type": "paragraph", "value": "<p data-block-key=\\"9xq74\\"> </p><p data-block-key=\\"bf31e\\">Fusce pulvinar faucibus faucibus. Nam sollicitudin sit amet magna vitae porta. Donec semper erat in pharetra blandit. Curabitur vehicula augue eget ipsum rutrum, id hendrerit ipsum molestie. Suspendisse aliquet orci eu ultrices placerat. Proin sed tincidunt felis. Nam ornare justo condimentum turpis vehicula aliquam. Nunc ultrices erat id justo rhoncus lacinia.</p><p data-block-key=\\"a3mqi\\">Ut accumsan ex vel turpis scelerisque, non suscipit neque suscipit. Curabitur volutpat ac risus feugiat aliquam. In imperdiet non lacus vel mattis. Quisque laoreet diam vel eros faucibus, quis tristique mauris sodales. Integer ornare ac ipsum sit amet eleifend. Interdum et malesuada fames ac ante ipsum primis in faucibus. Etiam non arcu sit amet sapien bibendum viverra. Donec in felis nec purus bibendum rhoncus.</p><p data-block-key=\\"dt1tn\\">Fusce pulvinar faucibus faucibus. Nam sollicitudin sit amet magna vitae porta. Donec semper erat in pharetra blandit. Curabitur vehicula augue eget ipsum rutrum, id hendrerit ipsum molestie. Suspendisse aliquet orci eu ultrices placerat. Proin sed tincidunt felis. Nam ornare justo condimentum turpis vehicula aliquam. Nunc ultrices erat id justo rhoncus lacinia.</p><p data-block-key=\\"bncm3\\">Ut accumsan ex vel turpis scelerisque, non suscipit neque suscipit. Curabitur volutpat ac risus feugiat aliquam. In imperdiet non lacus vel mattis. Quisque laoreet diam vel eros faucibus, quis tristique mauris sodales. Integer ornare ac ipsum sit amet eleifend. Interdum et malesuada fames ac ante ipsum primis in faucibus. Etiam non arcu sit amet sapien bibendum viverra. Donec in felis nec purus bibendum rhoncus.</p>", "id": "44c8cf8f-c74b-4128-ad0f-25e324dee065"}]
23	5	[{"type": "paragraph", "value": "<p data-block-key=\\"9xq74\\"> </p><p data-block-key=\\"bf31e\\">Fusce pulvinar faucibus faucibus. Nam sollicitudin sit amet magna vitae porta. Donec semper erat in pharetra blandit. Curabitur vehicula augue eget ipsum rutrum, id hendrerit ipsum molestie. Suspendisse aliquet orci eu ultrices placerat. Proin sed tincidunt felis. Nam ornare justo condimentum turpis vehicula aliquam. Nunc ultrices erat id justo rhoncus lacinia.</p><p data-block-key=\\"a3mqi\\">Ut accumsan ex vel turpis scelerisque, non suscipit neque suscipit. Curabitur volutpat ac risus feugiat aliquam. In imperdiet non lacus vel mattis. Quisque laoreet diam vel eros faucibus, quis tristique mauris sodales. Integer ornare ac ipsum sit amet eleifend. Interdum et malesuada fames ac ante ipsum primis in faucibus. Etiam non arcu sit amet sapien bibendum viverra. Donec in felis nec purus bibendum rhoncus.</p><p data-block-key=\\"dt1tn\\">Fusce pulvinar faucibus faucibus. Nam sollicitudin sit amet magna vitae porta. Donec semper erat in pharetra blandit. Curabitur vehicula augue eget ipsum rutrum, id hendrerit ipsum molestie. Suspendisse aliquet orci eu ultrices placerat. Proin sed tincidunt felis. Nam ornare justo condimentum turpis vehicula aliquam. Nunc ultrices erat id justo rhoncus lacinia.</p><p data-block-key=\\"bncm3\\">Ut accumsan ex vel turpis scelerisque, non suscipit neque suscipit. Curabitur volutpat ac risus feugiat aliquam. In imperdiet non lacus vel mattis. Quisque laoreet diam vel eros faucibus, quis tristique mauris sodales. Integer ornare ac ipsum sit amet eleifend. Interdum et malesuada fames ac ante ipsum primis in faucibus. Etiam non arcu sit amet sapien bibendum viverra. Donec in felis nec purus bibendum rhoncus.</p>", "id": "44c8cf8f-c74b-4128-ad0f-25e324dee065"}]
24	6	[{"type": "paragraph", "value": "<p data-block-key=\\"m7b29\\"> </p><p data-block-key=\\"3ha6e\\">Fusce pulvinar faucibus faucibus. Nam sollicitudin sit amet magna vitae porta. Donec semper erat in pharetra blandit. Curabitur vehicula augue eget ipsum rutrum, id hendrerit ipsum molestie. Suspendisse aliquet orci eu ultrices placerat. Proin sed tincidunt felis. Nam ornare justo condimentum turpis vehicula aliquam. Nunc ultrices erat id justo rhoncus lacinia.</p><p data-block-key=\\"kpbb\\">Ut accumsan ex vel turpis scelerisque, non suscipit neque suscipit. Curabitur volutpat ac risus feugiat aliquam. In imperdiet non lacus vel mattis. Quisque laoreet diam vel eros faucibus, quis tristique mauris sodales. Integer ornare ac ipsum sit amet eleifend. Interdum et malesuada fames ac ante ipsum primis in faucibus. Etiam non arcu sit amet sapien bibendum viverra. Donec in felis nec purus bibendum rhoncus.</p>", "id": "39e50431-d58e-43bc-b422-29cb26064bed"}, {"type": "image_carousel", "value": [7, 5, 6], "id": "a438a264-50b6-45a7-a1b9-af088a139871"}, {"type": "paragraph", "value": "<p data-block-key=\\"m7b29\\"> </p><p data-block-key=\\"bpmt9\\">Fusce pulvinar faucibus faucibus. Nam sollicitudin sit amet magna vitae porta. Donec semper erat in pharetra blandit. Curabitur vehicula augue eget ipsum rutrum, id hendrerit ipsum molestie. Suspendisse aliquet orci eu ultrices placerat. Proin sed tincidunt felis. Nam ornare justo condimentum turpis vehicula aliquam. Nunc ultrices erat id justo rhoncus lacinia.</p><p data-block-key=\\"btcp1\\">Ut accumsan ex vel turpis scelerisque, non suscipit neque suscipit. Curabitur volutpat ac risus feugiat aliquam. In imperdiet non lacus vel mattis. Quisque laoreet diam vel eros faucibus, quis tristique mauris sodales. Integer ornare ac ipsum sit amet eleifend. Interdum et malesuada fames ac ante ipsum primis in faucibus. Etiam non arcu sit amet sapien bibendum viverra. Donec in felis nec purus bibendum rhoncus.</p>", "id": "085d47ff-ff58-46ef-9c83-3a8461fab304"}]
25	6	[{"type": "paragraph", "value": "<p data-block-key=\\"m7b29\\"> </p><p data-block-key=\\"3ha6e\\">Fusce pulvinar faucibus faucibus. Nam sollicitudin sit amet magna vitae porta. Donec semper erat in pharetra blandit. Curabitur vehicula augue eget ipsum rutrum, id hendrerit ipsum molestie. Suspendisse aliquet orci eu ultrices placerat. Proin sed tincidunt felis. Nam ornare justo condimentum turpis vehicula aliquam. Nunc ultrices erat id justo rhoncus lacinia.</p><p data-block-key=\\"kpbb\\">Ut accumsan ex vel turpis scelerisque, non suscipit neque suscipit. Curabitur volutpat ac risus feugiat aliquam. In imperdiet non lacus vel mattis. Quisque laoreet diam vel eros faucibus, quis tristique mauris sodales. Integer ornare ac ipsum sit amet eleifend. Interdum et malesuada fames ac ante ipsum primis in faucibus. Etiam non arcu sit amet sapien bibendum viverra. Donec in felis nec purus bibendum rhoncus.</p>", "id": "39e50431-d58e-43bc-b422-29cb26064bed"}, {"type": "image_carousel", "value": [7, 5, 6], "id": "a438a264-50b6-45a7-a1b9-af088a139871"}, {"type": "paragraph", "value": "<p data-block-key=\\"m7b29\\"> </p><p data-block-key=\\"bpmt9\\">Fusce pulvinar faucibus faucibus. Nam sollicitudin sit amet magna vitae porta. Donec semper erat in pharetra blandit. Curabitur vehicula augue eget ipsum rutrum, id hendrerit ipsum molestie. Suspendisse aliquet orci eu ultrices placerat. Proin sed tincidunt felis. Nam ornare justo condimentum turpis vehicula aliquam. Nunc ultrices erat id justo rhoncus lacinia.</p><p data-block-key=\\"btcp1\\">Ut accumsan ex vel turpis scelerisque, non suscipit neque suscipit. Curabitur volutpat ac risus feugiat aliquam. In imperdiet non lacus vel mattis. Quisque laoreet diam vel eros faucibus, quis tristique mauris sodales. Integer ornare ac ipsum sit amet eleifend. Interdum et malesuada fames ac ante ipsum primis in faucibus. Etiam non arcu sit amet sapien bibendum viverra. Donec in felis nec purus bibendum rhoncus.</p>", "id": "085d47ff-ff58-46ef-9c83-3a8461fab304"}]
26	7	[{"type": "paragraph", "value": "<p data-block-key=\\"6zrqu\\"> </p><p data-block-key=\\"44j8c\\">Fusce pulvinar faucibus faucibus. Nam sollicitudin sit amet magna vitae porta. Donec semper erat in pharetra blandit. Curabitur vehicula augue eget ipsum rutrum, id hendrerit ipsum molestie. Suspendisse aliquet orci eu ultrices placerat. Proin sed tincidunt felis. Nam ornare justo condimentum turpis vehicula aliquam. Nunc ultrices erat id justo rhoncus lacinia.</p><p data-block-key=\\"88j99\\">Ut accumsan ex vel turpis scelerisque, non suscipit neque suscipit. Curabitur volutpat ac risus feugiat aliquam. In imperdiet non lacus vel mattis. Quisque laoreet diam vel eros faucibus, quis tristique mauris sodales. Integer ornare ac ipsum sit amet eleifend. Interdum et malesuada fames ac ante ipsum primis in faucibus. Etiam non arcu sit amet sapien bibendum viverra. Donec in felis nec purus bibendum rhoncus.</p>", "id": "e954fddb-d073-4cc3-ad19-6882d7c4dd73"}, {"type": "image_text", "value": {"reverse": true, "text": "<p data-block-key=\\"p64qq\\"> </p><p data-block-key=\\"6h4d8\\">Integer ornare ac ipsum sit amet eleifend. Interdum et malesuada fames ac ante ipsum primis in faucibus. Etiam non arcu sit amet sapien bibendum viverra. Donec in felis nec purus bibendum rhoncus.</p>", "image": 6}, "id": "5dbb72f0-7c95-4d49-a110-3e8fb296cfea"}, {"type": "h2", "value": "Quisque vitae dolor ante. In vitae tortor a lorem", "id": "b55f3c1e-dd99-4fa3-aa21-ac07046d0b63"}, {"type": "paragraph", "value": "<p data-block-key=\\"6zrqu\\"> </p><p data-block-key=\\"4fsa9\\">Mauris faucibus blandit dui, vel rhoncus lectus mattis quis. Donec et tincidunt elit. Vestibulum a iaculis nulla. Morbi eget consectetur nunc, nec ultricies dolor. Nullam ultrices in sapien ut tincidunt. Phasellus a diam ex. Nunc sed lobortis massa. Proin ultrices risus vel neque condimentum, sed pulvinar erat varius. Phasellus at risus eu nisl iaculis ultricies at in erat. Phasellus imperdiet mauris neque, non viverra velit accumsan et. Ut porttitor, lacus a fermentum tristique, nisl dolor aliquet est, non vehicula ligula enim non nisi. Vestibulum sed facilisis tellus, vitae luctus turpis. Pellentesque dapibus volutpat finibus.</p><p data-block-key=\\"78jj0\\">Fusce purus ligula, convallis quis ante tincidunt, maximus feugiat sapien. Aenean leo augue, congue non sem eget, convallis auctor arcu. Suspendisse ac ullamcorper risus. Nulla varius mauris vel pharetra imperdiet. Vestibulum ullamcorper, risus et ultricies molestie, magna sem rhoncus metus, sed ullamcorper purus nisl ut est. Sed vitae tortor elementum, pretium ipsum a, scelerisque libero. Nunc a metus ex. Nullam semper pulvinar libero non venenatis. Donec vel elit volutpat, viverra tellus et, fermentum justo. Aliquam purus elit, condimentum non dictum id, tincidunt sed massa.</p><p data-block-key=\\"87a3p\\">Aliquam massa nulla, tincidunt id massa sit amet, pulvinar rutrum massa. Nulla eget est elementum, convallis risus vitae, scelerisque nibh. Vestibulum ante ipsum primis in faucibus orci luctus et ultrices posuere cubilia curae; Fusce pellentesque ante non justo consectetur imperdiet. Cras a ornare velit. Nulla bibendum elementum nunc in auctor. Integer dui erat, dignissim a tellus non, tincidunt tempor lectus. In lacinia mauris nec diam sollicitudin, at condimentum nunc tincidunt. Lorem ipsum dolor sit amet, consectetur adipiscing elit. Etiam ultricies est id tincidunt gravida. Curabitur iaculis purus neque, non sollicitudin orci viverra sed.</p><p data-block-key=\\"3mdhr\\">Donec ac justo eu nunc tristique ultrices vel at sem. Donec eu porttitor erat, quis volutpat risus. Nullam arcu enim, convallis eu risus scelerisque, feugiat pulvinar dolor. Maecenas et pharetra quam. Praesent sagittis mattis urna ac ultricies. In sit amet nunc ipsum. Donec sit amet consectetur mauris, vel congue lectus. Vivamus vel hendrerit purus. Cras sed nisi mauris.</p>", "id": "1c68a9b7-4e3d-4c95-8fd1-3a6620559df5"}]
27	7	[{"type": "paragraph", "value": "<p data-block-key=\\"6zrqu\\"> </p><p data-block-key=\\"44j8c\\">Fusce pulvinar faucibus faucibus. Nam sollicitudin sit amet magna vitae porta. Donec semper erat in pharetra blandit. Curabitur vehicula augue eget ipsum rutrum, id hendrerit ipsum molestie. Suspendisse aliquet orci eu ultrices placerat. Proin sed tincidunt felis. Nam ornare justo condimentum turpis vehicula aliquam. Nunc ultrices erat id justo rhoncus lacinia.</p><p data-block-key=\\"88j99\\">Ut accumsan ex vel turpis scelerisque, non suscipit neque suscipit. Curabitur volutpat ac risus feugiat aliquam. In imperdiet non lacus vel mattis. Quisque laoreet diam vel eros faucibus, quis tristique mauris sodales. Integer ornare ac ipsum sit amet eleifend. Interdum et malesuada fames ac ante ipsum primis in faucibus. Etiam non arcu sit amet sapien bibendum viverra. Donec in felis nec purus bibendum rhoncus.</p>", "id": "e954fddb-d073-4cc3-ad19-6882d7c4dd73"}, {"type": "image_text", "value": {"reverse": true, "text": "<p data-block-key=\\"p64qq\\"> </p><p data-block-key=\\"6h4d8\\">Integer ornare ac ipsum sit amet eleifend. Interdum et malesuada fames ac ante ipsum primis in faucibus. Etiam non arcu sit amet sapien bibendum viverra. Donec in felis nec purus bibendum rhoncus.</p>", "image": 6}, "id": "5dbb72f0-7c95-4d49-a110-3e8fb296cfea"}, {"type": "h2", "value": "Quisque vitae dolor ante. In vitae tortor a lorem", "id": "b55f3c1e-dd99-4fa3-aa21-ac07046d0b63"}, {"type": "paragraph", "value": "<p data-block-key=\\"6zrqu\\"> </p><p data-block-key=\\"4fsa9\\">Mauris faucibus blandit dui, vel rhoncus lectus mattis quis. Donec et tincidunt elit. Vestibulum a iaculis nulla. Morbi eget consectetur nunc, nec ultricies dolor. Nullam ultrices in sapien ut tincidunt. Phasellus a diam ex. Nunc sed lobortis massa. Proin ultrices risus vel neque condimentum, sed pulvinar erat varius. Phasellus at risus eu nisl iaculis ultricies at in erat. Phasellus imperdiet mauris neque, non viverra velit accumsan et. Ut porttitor, lacus a fermentum tristique, nisl dolor aliquet est, non vehicula ligula enim non nisi. Vestibulum sed facilisis tellus, vitae luctus turpis. Pellentesque dapibus volutpat finibus.</p><p data-block-key=\\"78jj0\\">Fusce purus ligula, convallis quis ante tincidunt, maximus feugiat sapien. Aenean leo augue, congue non sem eget, convallis auctor arcu. Suspendisse ac ullamcorper risus. Nulla varius mauris vel pharetra imperdiet. Vestibulum ullamcorper, risus et ultricies molestie, magna sem rhoncus metus, sed ullamcorper purus nisl ut est. Sed vitae tortor elementum, pretium ipsum a, scelerisque libero. Nunc a metus ex. Nullam semper pulvinar libero non venenatis. Donec vel elit volutpat, viverra tellus et, fermentum justo. Aliquam purus elit, condimentum non dictum id, tincidunt sed massa.</p><p data-block-key=\\"87a3p\\">Aliquam massa nulla, tincidunt id massa sit amet, pulvinar rutrum massa. Nulla eget est elementum, convallis risus vitae, scelerisque nibh. Vestibulum ante ipsum primis in faucibus orci luctus et ultrices posuere cubilia curae; Fusce pellentesque ante non justo consectetur imperdiet. Cras a ornare velit. Nulla bibendum elementum nunc in auctor. Integer dui erat, dignissim a tellus non, tincidunt tempor lectus. In lacinia mauris nec diam sollicitudin, at condimentum nunc tincidunt. Lorem ipsum dolor sit amet, consectetur adipiscing elit. Etiam ultricies est id tincidunt gravida. Curabitur iaculis purus neque, non sollicitudin orci viverra sed.</p><p data-block-key=\\"3mdhr\\">Donec ac justo eu nunc tristique ultrices vel at sem. Donec eu porttitor erat, quis volutpat risus. Nullam arcu enim, convallis eu risus scelerisque, feugiat pulvinar dolor. Maecenas et pharetra quam. Praesent sagittis mattis urna ac ultricies. In sit amet nunc ipsum. Donec sit amet consectetur mauris, vel congue lectus. Vivamus vel hendrerit purus. Cras sed nisi mauris.</p>", "id": "1c68a9b7-4e3d-4c95-8fd1-3a6620559df5"}]
\.


--
-- Data for Name: blog_postpageblogcategory; Type: TABLE DATA; Schema: public; Owner: wagtail_demo
--

COPY public.blog_postpageblogcategory (id, blog_category_id, page_id) FROM stdin;
1	1	12
2	1	13
3	1	14
5	1	15
6	1	16
8	1	17
9	2	22
10	2	23
11	2	24
12	2	25
13	2	26
14	2	27
\.


--
-- Data for Name: blog_postpagetag; Type: TABLE DATA; Schema: public; Owner: wagtail_demo
--

COPY public.blog_postpagetag (id, content_object_id, tag_id) FROM stdin;
1	12	1
2	12	2
3	12	3
4	12	4
5	13	1
6	13	2
7	13	3
8	13	4
15	14	3
16	14	5
17	14	6
18	15	3
19	15	5
20	15	6
27	16	8
28	16	3
29	16	7
30	17	8
31	17	3
32	17	7
33	22	9
34	22	10
35	22	11
36	22	4
37	23	9
38	23	10
39	23	11
40	23	4
41	24	1
42	24	9
43	25	1
44	25	9
45	26	1
46	26	5
47	26	9
48	27	1
49	27	5
50	27	9
\.


--
-- Data for Name: django_admin_log; Type: TABLE DATA; Schema: public; Owner: wagtail_demo
--

COPY public.django_admin_log (id, action_time, object_id, object_repr, action_flag, change_message, content_type_id, user_id) FROM stdin;
\.


--
-- Data for Name: django_content_type; Type: TABLE DATA; Schema: public; Owner: wagtail_demo
--

COPY public.django_content_type (id, app_label, model) FROM stdin;
1	wagtailcore	page
2	wagtailcore	groupapprovaltask
3	home	homepage
4	wagtailimages	image
5	wagtail_localize	translation
6	wagtailadmin	admin
7	wagtaildocs	document
8	blog	blogcategory
9	blog	blogpage
10	blog	postpage
11	blog	tag
12	blog	postpagetag
13	blog	postpageblogcategory
14	blog	footer
15	landing	landingpage
16	about	aboutpage
17	wagtail_localize	string
18	wagtail_localize	template
19	wagtail_localize	translatableobject
20	wagtail_localize	translationsource
21	wagtail_localize	translationlog
22	wagtail_localize	translationcontext
23	wagtail_localize	templatesegment
24	wagtail_localize	stringsegment
25	wagtail_localize	relatedobjectsegment
26	wagtail_localize	stringtranslation
27	wagtail_localize	overridablesegment
28	wagtail_localize	segmentoverride
29	wagtail_localize	localesynchronization
30	wagtailforms	formsubmission
31	wagtailredirects	redirect
32	wagtailembeds	embed
33	wagtailusers	userprofile
34	wagtaildocs	uploadeddocument
35	wagtailimages	rendition
36	wagtailimages	uploadedimage
37	wagtailsearch	query
38	wagtailsearch	querydailyhits
39	wagtailcore	grouppagepermission
40	wagtailcore	pagerevision
41	wagtailcore	pageviewrestriction
42	wagtailcore	site
43	wagtailcore	collection
44	wagtailcore	groupcollectionpermission
45	wagtailcore	collectionviewrestriction
46	wagtailcore	task
47	wagtailcore	taskstate
48	wagtailcore	workflow
49	wagtailcore	workflowstate
50	wagtailcore	workflowpage
51	wagtailcore	workflowtask
52	wagtailcore	pagelogentry
53	wagtailcore	locale
54	wagtailcore	comment
55	wagtailcore	commentreply
56	wagtailcore	pagesubscription
57	taggit	tag
58	taggit	taggeditem
59	admin	logentry
60	auth	permission
61	auth	group
62	auth	user
63	contenttypes	contenttype
64	sessions	session
\.


--
-- Data for Name: django_migrations; Type: TABLE DATA; Schema: public; Owner: wagtail_demo
--

COPY public.django_migrations (id, app, name, applied) FROM stdin;
1	contenttypes	0001_initial	2021-10-26 09:23:28.243657+00
2	auth	0001_initial	2021-10-26 09:23:28.284617+00
3	wagtailcore	0001_initial	2021-10-26 09:23:28.427904+00
4	wagtailcore	0002_initial_data	2021-10-26 09:23:28.428615+00
5	wagtailcore	0003_add_uniqueness_constraint_on_group_page_permission	2021-10-26 09:23:28.429259+00
6	wagtailcore	0004_page_locked	2021-10-26 09:23:28.429878+00
7	wagtailcore	0005_add_page_lock_permission_to_moderators	2021-10-26 09:23:28.430489+00
8	wagtailcore	0006_add_lock_page_permission	2021-10-26 09:23:28.431098+00
9	wagtailcore	0007_page_latest_revision_created_at	2021-10-26 09:23:28.431691+00
10	wagtailcore	0008_populate_latest_revision_created_at	2021-10-26 09:23:28.432278+00
11	wagtailcore	0009_remove_auto_now_add_from_pagerevision_created_at	2021-10-26 09:23:28.43287+00
12	wagtailcore	0010_change_page_owner_to_null_on_delete	2021-10-26 09:23:28.433461+00
13	wagtailcore	0011_page_first_published_at	2021-10-26 09:23:28.434059+00
14	wagtailcore	0012_extend_page_slug_field	2021-10-26 09:23:28.434747+00
15	wagtailcore	0013_update_golive_expire_help_text	2021-10-26 09:23:28.435358+00
16	wagtailcore	0014_add_verbose_name	2021-10-26 09:23:28.435952+00
17	wagtailcore	0015_add_more_verbose_names	2021-10-26 09:23:28.436535+00
18	wagtailcore	0016_change_page_url_path_to_text_field	2021-10-26 09:23:28.437269+00
19	wagtailcore	0017_change_edit_page_permission_description	2021-10-26 09:23:28.480368+00
20	wagtailcore	0018_pagerevision_submitted_for_moderation_index	2021-10-26 09:23:28.493479+00
21	wagtailcore	0019_verbose_names_cleanup	2021-10-26 09:23:28.519897+00
22	wagtailcore	0020_add_index_on_page_first_published_at	2021-10-26 09:23:28.533986+00
23	wagtailcore	0021_capitalizeverbose	2021-10-26 09:23:28.751262+00
24	wagtailcore	0022_add_site_name	2021-10-26 09:23:28.765247+00
25	wagtailcore	0023_alter_page_revision_on_delete_behaviour	2021-10-26 09:23:28.776502+00
26	wagtailcore	0024_collection	2021-10-26 09:23:28.78771+00
27	wagtailcore	0025_collection_initial_data	2021-10-26 09:23:28.798308+00
28	wagtailcore	0026_group_collection_permission	2021-10-26 09:23:28.820077+00
29	wagtailcore	0027_fix_collection_path_collation	2021-10-26 09:23:28.845275+00
30	wagtailcore	0024_alter_page_content_type_on_delete_behaviour	2021-10-26 09:23:28.860215+00
31	wagtailcore	0028_merge	2021-10-26 09:23:28.862841+00
32	wagtailcore	0029_unicode_slugfield_dj19	2021-10-26 09:23:28.870999+00
33	wagtailcore	0030_index_on_pagerevision_created_at	2021-10-26 09:23:28.882201+00
34	wagtailcore	0031_add_page_view_restriction_types	2021-10-26 09:23:28.912806+00
35	wagtailcore	0032_add_bulk_delete_page_permission	2021-10-26 09:23:28.933185+00
36	wagtailcore	0033_remove_golive_expiry_help_text	2021-10-26 09:23:28.947228+00
37	wagtailcore	0034_page_live_revision	2021-10-26 09:23:28.959588+00
38	wagtailcore	0035_page_last_published_at	2021-10-26 09:23:28.971879+00
39	wagtailcore	0036_populate_page_last_published_at	2021-10-26 09:23:28.981911+00
40	wagtailcore	0037_set_page_owner_editable	2021-10-26 09:23:28.994951+00
41	wagtailcore	0038_make_first_published_at_editable	2021-10-26 09:23:29.005337+00
42	wagtailcore	0039_collectionviewrestriction	2021-10-26 09:23:29.039281+00
43	wagtailcore	0040_page_draft_title	2021-10-26 09:23:29.072989+00
44	wagtailcore	0041_group_collection_permissions_verbose_name_plural	2021-10-26 09:23:29.08198+00
45	wagtailcore	0042_index_on_pagerevision_approved_go_live_at	2021-10-26 09:23:29.096559+00
46	wagtailcore	0043_lock_fields	2021-10-26 09:23:29.114723+00
47	wagtailcore	0044_add_unlock_grouppagepermission	2021-10-26 09:23:29.128386+00
48	wagtailcore	0045_assign_unlock_grouppagepermission	2021-10-26 09:23:29.142118+00
49	wagtailcore	0046_site_name_remove_null	2021-10-26 09:23:29.151805+00
50	contenttypes	0002_remove_content_type_name	2021-10-26 09:23:29.217834+00
51	auth	0002_alter_permission_name_max_length	2021-10-26 09:23:29.228883+00
52	auth	0003_alter_user_email_max_length	2021-10-26 09:23:29.239322+00
53	auth	0004_alter_user_username_opts	2021-10-26 09:23:29.249879+00
54	auth	0005_alter_user_last_login_null	2021-10-26 09:23:29.258529+00
55	auth	0006_require_contenttypes_0002	2021-10-26 09:23:29.260476+00
56	auth	0007_alter_validators_add_error_messages	2021-10-26 09:23:29.268961+00
57	auth	0008_alter_user_username_max_length	2021-10-26 09:23:29.281745+00
58	auth	0009_alter_user_last_name_max_length	2021-10-26 09:23:29.29341+00
59	auth	0010_alter_group_name_max_length	2021-10-26 09:23:29.30457+00
60	auth	0011_update_proxy_permissions	2021-10-26 09:23:29.313348+00
61	wagtailcore	0047_add_workflow_models	2021-10-26 09:23:29.444436+00
62	wagtailcore	0048_add_default_workflows	2021-10-26 09:23:29.522591+00
63	wagtailcore	0049_taskstate_finished_by	2021-10-26 09:23:29.540226+00
64	wagtailcore	0050_workflow_rejected_to_needs_changes	2021-10-26 09:23:29.578886+00
65	wagtailcore	0051_taskstate_comment	2021-10-26 09:23:29.594768+00
66	wagtailcore	0052_pagelogentry	2021-10-26 09:23:29.617428+00
67	home	0001_initial	2021-10-26 09:23:29.654426+00
68	home	0002_create_homepage	2021-10-26 09:23:29.680837+00
69	wagtailcore	0053_locale_model	2021-10-26 09:23:29.691097+00
70	wagtailcore	0054_initial_locale	2021-10-26 09:23:29.710544+00
71	wagtailcore	0055_page_locale_fields	2021-10-26 09:23:29.807549+00
72	wagtailcore	0056_page_locale_fields_populate	2021-10-26 09:23:29.831262+00
73	wagtailcore	0057_page_locale_fields_notnull	2021-10-26 09:23:29.862397+00
74	wagtailcore	0058_page_alias_of	2021-10-26 09:23:29.878723+00
75	wagtailcore	0059_apply_collection_ordering	2021-10-26 09:23:29.901009+00
76	wagtailcore	0060_fix_workflow_unique_constraint	2021-10-26 09:23:29.930815+00
77	wagtailcore	0061_change_promote_tab_helpt_text_and_verbose_names	2021-10-26 09:23:29.952094+00
78	wagtailcore	0062_comment_models_and_pagesubscription	2021-10-26 09:23:30.016783+00
79	about	0001_initial	2021-10-26 09:23:30.070648+00
80	admin	0001_initial	2021-10-26 09:23:30.100558+00
81	admin	0002_logentry_remove_auto_add	2021-10-26 09:23:30.120327+00
82	admin	0003_logentry_add_action_flag_choices	2021-10-26 09:23:30.131886+00
83	auth	0012_alter_user_first_name_max_length	2021-10-26 09:23:30.146007+00
84	taggit	0001_initial	2021-10-26 09:23:30.179275+00
85	wagtailimages	0001_initial	2021-10-26 09:23:30.293915+00
86	wagtailimages	0002_initial_data	2021-10-26 09:23:30.294713+00
87	wagtailimages	0003_fix_focal_point_fields	2021-10-26 09:23:30.295457+00
88	wagtailimages	0004_make_focal_point_key_not_nullable	2021-10-26 09:23:30.296155+00
89	wagtailimages	0005_make_filter_spec_unique	2021-10-26 09:23:30.296838+00
90	wagtailimages	0006_add_verbose_names	2021-10-26 09:23:30.297546+00
91	wagtailimages	0007_image_file_size	2021-10-26 09:23:30.298231+00
92	wagtailimages	0008_image_created_at_index	2021-10-26 09:23:30.298982+00
93	wagtailimages	0009_capitalizeverbose	2021-10-26 09:23:30.299686+00
94	wagtailimages	0010_change_on_delete_behaviour	2021-10-26 09:23:30.300369+00
95	wagtailimages	0011_image_collection	2021-10-26 09:23:30.301046+00
96	wagtailimages	0012_copy_image_permissions_to_collections	2021-10-26 09:23:30.301734+00
97	wagtailimages	0013_make_rendition_upload_callable	2021-10-26 09:23:30.302416+00
98	wagtailimages	0014_add_filter_spec_field	2021-10-26 09:23:30.303172+00
99	wagtailimages	0015_fill_filter_spec_field	2021-10-26 09:23:30.30385+00
100	wagtailimages	0016_deprecate_rendition_filter_relation	2021-10-26 09:23:30.304516+00
101	wagtailimages	0017_reduce_focal_point_key_max_length	2021-10-26 09:23:30.305183+00
102	wagtailimages	0018_remove_rendition_filter	2021-10-26 09:23:30.305853+00
103	wagtailimages	0019_delete_filter	2021-10-26 09:23:30.30651+00
104	wagtailimages	0020_add-verbose-name	2021-10-26 09:23:30.307164+00
105	wagtailimages	0021_image_file_hash	2021-10-26 09:23:30.30784+00
106	wagtailimages	0022_uploadedimage	2021-10-26 09:23:30.412581+00
107	wagtailimages	0023_add_choose_permissions	2021-10-26 09:23:30.474672+00
108	taggit	0002_auto_20150616_2121	2021-10-26 09:23:30.487369+00
109	taggit	0003_taggeditem_add_unique_index	2021-10-26 09:23:30.500504+00
110	blog	0001_initial	2021-10-26 09:23:30.617826+00
111	blog	0002_postpage_body	2021-10-26 09:23:30.657273+00
112	blog	0003_footertext	2021-10-26 09:23:30.668555+00
113	blog	0004_auto_20211020_1031	2021-10-26 09:23:30.678169+00
114	blog	0005_rename_advert_footer	2021-10-26 09:23:30.703685+00
115	blog	0006_alter_postpage_body	2021-10-26 09:23:30.720854+00
116	blog	0007_auto_20211020_1432	2021-10-26 09:23:30.832252+00
117	blog	0008_auto_20211022_0833	2021-10-26 09:23:30.851509+00
118	home	0003_create_super_user	2021-10-26 09:23:30.930373+00
119	landing	0001_initial	2021-10-26 09:23:31.035033+00
120	landing	0002_auto_20211022_0833	2021-10-26 09:23:31.098077+00
121	sessions	0001_initial	2021-10-26 09:23:31.115932+00
122	wagtail_localize	0001_initial	2021-10-26 09:23:31.388306+00
123	wagtail_localize	0002_translation	2021-10-26 09:23:31.488777+00
124	wagtail_localize	0003_delete_translation_sources	2021-10-26 09:23:31.583687+00
125	wagtail_localize	0004_one_source_per_objectlocale	2021-10-26 09:23:31.634442+00
126	wagtail_localize	0005_remove_translationsource_object	2021-10-26 09:23:31.679666+00
127	wagtail_localize	0006_create_submit_translation_permission	2021-10-26 09:23:31.713504+00
128	wagtail_localize	0007_stringtranslation_type_and_tool_name	2021-10-26 09:23:31.73398+00
129	wagtail_localize	0008_stringtranslation_last_translated_by	2021-10-26 09:23:31.763904+00
130	wagtail_localize	0009_stringtranslation_errors	2021-10-26 09:23:31.805436+00
131	wagtail_localize	0010_overridablesegment	2021-10-26 09:23:31.840035+00
132	wagtail_localize	0011_segmentoverride	2021-10-26 09:23:31.887745+00
133	wagtail_localize	0012_localesynchronization	2021-10-26 09:23:31.936725+00
134	wagtail_localize	0013_translationsource_schema_version	2021-10-26 09:23:31.956978+00
135	wagtailadmin	0001_create_admin_access_permissions	2021-10-26 09:23:31.990761+00
136	wagtailadmin	0002_admin	2021-10-26 09:23:31.995238+00
137	wagtailadmin	0003_admin_managed	2021-10-26 09:23:32.004704+00
138	wagtaildocs	0001_initial	2021-10-26 09:23:32.106576+00
139	wagtaildocs	0002_initial_data	2021-10-26 09:23:32.150693+00
140	wagtaildocs	0003_add_verbose_names	2021-10-26 09:23:32.21154+00
141	wagtaildocs	0004_capitalizeverbose	2021-10-26 09:23:32.320564+00
142	wagtaildocs	0005_document_collection	2021-10-26 09:23:32.365704+00
143	wagtaildocs	0006_copy_document_permissions_to_collections	2021-10-26 09:23:32.404287+00
144	wagtaildocs	0005_alter_uploaded_by_user_on_delete_action	2021-10-26 09:23:32.437834+00
145	wagtaildocs	0007_merge	2021-10-26 09:23:32.440353+00
146	wagtaildocs	0008_document_file_size	2021-10-26 09:23:32.460235+00
147	wagtaildocs	0009_document_verbose_name_plural	2021-10-26 09:23:32.540965+00
148	wagtaildocs	0010_document_file_hash	2021-10-26 09:23:32.569783+00
149	wagtaildocs	0011_add_choose_permissions	2021-10-26 09:23:32.647906+00
150	wagtaildocs	0012_uploadeddocument	2021-10-26 09:23:32.684329+00
151	wagtailembeds	0001_initial	2021-10-26 09:23:32.703611+00
152	wagtailembeds	0002_add_verbose_names	2021-10-26 09:23:32.708172+00
153	wagtailembeds	0003_capitalizeverbose	2021-10-26 09:23:32.7138+00
154	wagtailembeds	0004_embed_verbose_name_plural	2021-10-26 09:23:32.719503+00
155	wagtailembeds	0005_specify_thumbnail_url_max_length	2021-10-26 09:23:32.724884+00
156	wagtailembeds	0006_add_embed_hash	2021-10-26 09:23:32.730296+00
157	wagtailembeds	0007_populate_hash	2021-10-26 09:23:32.760999+00
158	wagtailembeds	0008_allow_long_urls	2021-10-26 09:23:32.787905+00
159	wagtailembeds	0009_embed_cache_until	2021-10-26 09:23:32.793003+00
160	wagtailforms	0001_initial	2021-10-26 09:23:32.834687+00
161	wagtailforms	0002_add_verbose_names	2021-10-26 09:23:32.867008+00
162	wagtailforms	0003_capitalizeverbose	2021-10-26 09:23:32.890739+00
163	wagtailforms	0004_add_verbose_name_plural	2021-10-26 09:23:32.905309+00
164	wagtailredirects	0001_initial	2021-10-26 09:23:32.941348+00
165	wagtailredirects	0002_add_verbose_names	2021-10-26 09:23:33.055197+00
166	wagtailredirects	0003_make_site_field_editable	2021-10-26 09:23:33.100706+00
167	wagtailredirects	0004_set_unique_on_path_and_site	2021-10-26 09:23:33.139422+00
168	wagtailredirects	0005_capitalizeverbose	2021-10-26 09:23:33.251072+00
169	wagtailredirects	0006_redirect_increase_max_length	2021-10-26 09:23:33.281408+00
170	wagtailsearch	0001_initial	2021-10-26 09:23:33.368083+00
171	wagtailsearch	0002_add_verbose_names	2021-10-26 09:23:33.444422+00
172	wagtailsearch	0003_remove_editors_pick	2021-10-26 09:23:33.532166+00
173	wagtailsearch	0004_querydailyhits_verbose_name_plural	2021-10-26 09:23:33.547013+00
174	wagtailusers	0001_initial	2021-10-26 09:23:33.587879+00
175	wagtailusers	0002_add_verbose_name_on_userprofile	2021-10-26 09:23:33.631299+00
176	wagtailusers	0003_add_verbose_names	2021-10-26 09:23:33.649458+00
177	wagtailusers	0004_capitalizeverbose	2021-10-26 09:23:33.706457+00
178	wagtailusers	0005_make_related_name_wagtail_specific	2021-10-26 09:23:33.740302+00
179	wagtailusers	0006_userprofile_prefered_language	2021-10-26 09:23:33.75967+00
180	wagtailusers	0007_userprofile_current_time_zone	2021-10-26 09:23:33.776548+00
181	wagtailusers	0008_userprofile_avatar	2021-10-26 09:23:33.791897+00
182	wagtailusers	0009_userprofile_verbose_name_plural	2021-10-26 09:23:33.809867+00
183	wagtailusers	0010_userprofile_updated_comments_notifications	2021-10-26 09:23:33.82584+00
184	wagtailimages	0001_squashed_0021	2021-10-26 09:23:33.831048+00
185	wagtailcore	0001_squashed_0016_change_page_url_path_to_text_field	2021-10-26 09:23:33.832691+00
\.


--
-- Data for Name: django_session; Type: TABLE DATA; Schema: public; Owner: wagtail_demo
--

COPY public.django_session (session_key, session_data, expire_date) FROM stdin;
09e4mfet5g76kocv6tsuq28sivm6etzj	.eJxVjEEOwiAQRe_C2pCBAgWX7nsGMjCjVA0kpV0Z765NutDtf-_9l4i4rSVunZc4kzgLJU6_W8L84LoDumO9NZlbXZc5yV2RB-1yasTPy-H-HRTs5Vu7YEhrhSpkUOhZAxiT2ANbMKivbHQYA1g3WLR6DGHw7LPz6MhSRhDvD7SANt8:1mfIzl:xvy81UbLDWzfzLR4UoMRf0UDBm9jcfuDb4U5CQXMsU0	2021-11-09 09:43:49.901373+00
\.


--
-- Data for Name: home_homepage; Type: TABLE DATA; Schema: public; Owner: wagtail_demo
--

COPY public.home_homepage (page_ptr_id) FROM stdin;
\.


--
-- Data for Name: landing_landingpage; Type: TABLE DATA; Schema: public; Owner: wagtail_demo
--

COPY public.landing_landingpage (page_ptr_id, main, logo_id, about_page_id, blog_page_id) FROM stdin;
4	<p data-block-key="ymfub"></p><p data-block-key="7pggk">Cras sagittis interdum sem volutpat tristique. Nam quis mauris dolor. Nam ornare sed justo ac finibus. Curabitur lorem sem, fermentum quis neque id, vehicula varius nisi. Quisque in ultricies urna. Nam vitae sapien vulputate turpis pretium aliquam eu ac nisl. Duis nulla risus, varius in dui vitae, tempus interdum magna. Donec id feugiat est. Vestibulum finibus massa eu ante gravida, rhoncus blandit eros elementum. Integer mattis suscipit risus sed varius. Integer sit amet consequat diam. Aliquam dignissim mauris metus, vehicula eleifend turpis maximus sed. Quisque rhoncus tincidunt ante et pretium. Sed dolor nibh, ultrices tristique sem nec, suscipit ornare tellus.</p><p data-block-key="n7rs">Mauris faucibus blandit dui, vel rhoncus lectus mattis quis. Donec et tincidunt elit. Vestibulum a iaculis nulla. Morbi eget consectetur nunc, nec ultricies dolor. Nullam ultrices in sapien ut tincidunt. Phasellus a diam ex. Nunc sed lobortis massa. Proin ultrices risus vel neque condimentum, sed pulvinar erat varius. Phasellus at risus eu nisl iaculis ultricies at in erat. Phasellus imperdiet mauris neque, non viverra velit accumsan et. Ut porttitor, lacus a fermentum tristique, nisl dolor aliquet est, non vehicula ligula enim non nisi. Vestibulum sed facilisis tellus, vitae luctus turpis. Pellentesque dapibus volutpat finibus.</p>	1	10	8
6	<p data-block-key="ymfub"></p><p data-block-key="7pggk">Cras sagittis interdum sem volutpat tristique. Nam quis mauris dolor. Nam ornare sed justo ac finibus. Curabitur lorem sem, fermentum quis neque id, vehicula varius nisi. Quisque in ultricies urna. Nam vitae sapien vulputate turpis pretium aliquam eu ac nisl. Duis nulla risus, varius in dui vitae, tempus interdum magna. Donec id feugiat est. Vestibulum finibus massa eu ante gravida, rhoncus blandit eros elementum. Integer mattis suscipit risus sed varius. Integer sit amet consequat diam. Aliquam dignissim mauris metus, vehicula eleifend turpis maximus sed. Quisque rhoncus tincidunt ante et pretium. Sed dolor nibh, ultrices tristique sem nec, suscipit ornare tellus.</p><p data-block-key="n7rs">Mauris faucibus blandit dui, vel rhoncus lectus mattis quis. Donec et tincidunt elit. Vestibulum a iaculis nulla. Morbi eget consectetur nunc, nec ultricies dolor. Nullam ultrices in sapien ut tincidunt. Phasellus a diam ex. Nunc sed lobortis massa. Proin ultrices risus vel neque condimentum, sed pulvinar erat varius. Phasellus at risus eu nisl iaculis ultricies at in erat. Phasellus imperdiet mauris neque, non viverra velit accumsan et. Ut porttitor, lacus a fermentum tristique, nisl dolor aliquet est, non vehicula ligula enim non nisi. Vestibulum sed facilisis tellus, vitae luctus turpis. Pellentesque dapibus volutpat finibus.</p>	1	10	8
5	<p data-block-key="4we3h"></p><p data-block-key="uqhs">Fusce purus ligula, convallis quis ante tincidunt, maximus feugiat sapien. Aenean leo augue, congue non sem eget, convallis auctor arcu. Suspendisse ac ullamcorper risus. Nulla varius mauris vel pharetra imperdiet. Vestibulum ullamcorper, risus et ultricies molestie, magna sem rhoncus metus, sed ullamcorper purus nisl ut est. Sed vitae tortor elementum, pretium ipsum a, scelerisque libero. Nunc a metus ex. Nullam semper pulvinar libero non venenatis. Donec vel elit volutpat, viverra tellus et, fermentum justo. Aliquam purus elit, condimentum non dictum id, tincidunt sed massa.</p><p data-block-key="d747s">Aliquam massa nulla, tincidunt id massa sit amet, pulvinar rutrum massa. Nulla eget est elementum, convallis risus vitae, scelerisque nibh. Vestibulum ante ipsum primis in faucibus orci luctus et ultrices posuere cubilia curae; Fusce pellentesque ante non justo consectetur imperdiet. Cras a ornare velit. Nulla bibendum elementum nunc in auctor. Integer dui erat, dignissim a tellus non, tincidunt tempor lectus. In lacinia mauris nec diam sollicitudin, at condimentum nunc tincidunt. Lorem ipsum dolor sit amet, consectetur adipiscing elit. Etiam ultricies est id tincidunt gravida. Curabitur iaculis purus neque, non sollicitudin orci viverra sed.</p><p data-block-key="e8mlq">Donec ac justo eu nunc tristique ultrices vel at sem. Donec eu porttitor erat, quis volutpat risus. Nullam arcu enim, convallis eu risus scelerisque, feugiat pulvinar dolor. Maecenas et pharetra quam. Praesent sagittis mattis urna ac ultricies. In sit amet nunc ipsum. Donec sit amet consectetur mauris, vel congue lectus. Vivamus vel hendrerit purus. Cras sed nisi mauris.</p>	1	20	18
7	<p data-block-key="4we3h"></p><p data-block-key="uqhs">Fusce purus ligula, convallis quis ante tincidunt, maximus feugiat sapien. Aenean leo augue, congue non sem eget, convallis auctor arcu. Suspendisse ac ullamcorper risus. Nulla varius mauris vel pharetra imperdiet. Vestibulum ullamcorper, risus et ultricies molestie, magna sem rhoncus metus, sed ullamcorper purus nisl ut est. Sed vitae tortor elementum, pretium ipsum a, scelerisque libero. Nunc a metus ex. Nullam semper pulvinar libero non venenatis. Donec vel elit volutpat, viverra tellus et, fermentum justo. Aliquam purus elit, condimentum non dictum id, tincidunt sed massa.</p><p data-block-key="d747s">Aliquam massa nulla, tincidunt id massa sit amet, pulvinar rutrum massa. Nulla eget est elementum, convallis risus vitae, scelerisque nibh. Vestibulum ante ipsum primis in faucibus orci luctus et ultrices posuere cubilia curae; Fusce pellentesque ante non justo consectetur imperdiet. Cras a ornare velit. Nulla bibendum elementum nunc in auctor. Integer dui erat, dignissim a tellus non, tincidunt tempor lectus. In lacinia mauris nec diam sollicitudin, at condimentum nunc tincidunt. Lorem ipsum dolor sit amet, consectetur adipiscing elit. Etiam ultricies est id tincidunt gravida. Curabitur iaculis purus neque, non sollicitudin orci viverra sed.</p><p data-block-key="e8mlq">Donec ac justo eu nunc tristique ultrices vel at sem. Donec eu porttitor erat, quis volutpat risus. Nullam arcu enim, convallis eu risus scelerisque, feugiat pulvinar dolor. Maecenas et pharetra quam. Praesent sagittis mattis urna ac ultricies. In sit amet nunc ipsum. Donec sit amet consectetur mauris, vel congue lectus. Vivamus vel hendrerit purus. Cras sed nisi mauris.</p>	1	20	18
\.


--
-- Data for Name: taggit_tag; Type: TABLE DATA; Schema: public; Owner: wagtail_demo
--

COPY public.taggit_tag (id, name, slug) FROM stdin;
1	fun	fun
2	listicle	listicle
3	orange	orange
4	fruit	fruit
5	news	news
6	story	story
7	question	question
8	article	article
9	yellow	yellow
10	facts	facts
11	lemon	lemon
\.


--
-- Data for Name: taggit_taggeditem; Type: TABLE DATA; Schema: public; Owner: wagtail_demo
--

COPY public.taggit_taggeditem (id, object_id, content_type_id, tag_id) FROM stdin;
\.


--
-- Data for Name: wagtail_localize_localesynchronization; Type: TABLE DATA; Schema: public; Owner: wagtail_demo
--

COPY public.wagtail_localize_localesynchronization (id, locale_id, sync_from_id) FROM stdin;
1	2	1
\.


--
-- Data for Name: wagtail_localize_overridablesegment; Type: TABLE DATA; Schema: public; Owner: wagtail_demo
--

COPY public.wagtail_localize_overridablesegment (id, "order", data_json, context_id, source_id) FROM stdin;
1	6	1	4	1
2	7	8	5	1
3	8	10	6	1
4	7	1	10	2
5	8	18	11	2
6	9	20	12	2
\.


--
-- Data for Name: wagtail_localize_relatedobjectsegment; Type: TABLE DATA; Schema: public; Owner: wagtail_demo
--

COPY public.wagtail_localize_relatedobjectsegment (id, "order", context_id, object_id, source_id) FROM stdin;
\.


--
-- Data for Name: wagtail_localize_segmentoverride; Type: TABLE DATA; Schema: public; Owner: wagtail_demo
--

COPY public.wagtail_localize_segmentoverride (id, created_at, updated_at, data_json, has_error, field_error, context_id, last_translated_by_id, locale_id) FROM stdin;
\.


--
-- Data for Name: wagtail_localize_string; Type: TABLE DATA; Schema: public; Owner: wagtail_demo
--

COPY public.wagtail_localize_string (id, data_hash, data, locale_id) FROM stdin;
1	21f6d6f0-d764-57bb-9bae-4e31f6338e6e	The Orange Brand Site	1
2	3374766f-5ccc-5ad6-ab0f-fc490f3d00fe	the-orange-brand-site	1
3	2d6ae693-0aa0-5fe6-b07c-7b5c38cfe67d	Cras sagittis interdum sem volutpat tristique. Nam quis mauris dolor. Nam ornare sed justo ac finibus. Curabitur lorem sem, fermentum quis neque id, vehicula varius nisi. Quisque in ultricies urna. Nam vitae sapien vulputate turpis pretium aliquam eu ac nisl. Duis nulla risus, varius in dui vitae, tempus interdum magna. Donec id feugiat est. Vestibulum finibus massa eu ante gravida, rhoncus blandit eros elementum. Integer mattis suscipit risus sed varius. Integer sit amet consequat diam. Aliquam dignissim mauris metus, vehicula eleifend turpis maximus sed. Quisque rhoncus tincidunt ante et pretium. Sed dolor nibh, ultrices tristique sem nec, suscipit ornare tellus.	1
4	e596c126-0656-581e-884d-898be88d3185	Mauris faucibus blandit dui, vel rhoncus lectus mattis quis. Donec et tincidunt elit. Vestibulum a iaculis nulla. Morbi eget consectetur nunc, nec ultricies dolor. Nullam ultrices in sapien ut tincidunt. Phasellus a diam ex. Nunc sed lobortis massa. Proin ultrices risus vel neque condimentum, sed pulvinar erat varius. Phasellus at risus eu nisl iaculis ultricies at in erat. Phasellus imperdiet mauris neque, non viverra velit accumsan et. Ut porttitor, lacus a fermentum tristique, nisl dolor aliquet est, non vehicula ligula enim non nisi. Vestibulum sed facilisis tellus, vitae luctus turpis. Pellentesque dapibus volutpat finibus.	1
5	5eebc3cd-5202-5373-9a4a-48e070e7c1f4	The Yellow Brand Site	1
6	607ca79d-6d4e-5f25-b75b-195333c8c791	the-yellow-brand-site	1
7	3a7787c6-f267-5f6b-9b14-81a2307871f4	Fusce purus ligula, convallis quis ante tincidunt, maximus feugiat sapien. Aenean leo augue, congue non sem eget, convallis auctor arcu. Suspendisse ac ullamcorper risus. Nulla varius mauris vel pharetra imperdiet. Vestibulum ullamcorper, risus et ultricies molestie, magna sem rhoncus metus, sed ullamcorper purus nisl ut est. Sed vitae tortor elementum, pretium ipsum a, scelerisque libero. Nunc a metus ex. Nullam semper pulvinar libero non venenatis. Donec vel elit volutpat, viverra tellus et, fermentum justo. Aliquam purus elit, condimentum non dictum id, tincidunt sed massa.	1
8	5860c63c-62cc-5ef5-98d8-626fb60fe103	Aliquam massa nulla, tincidunt id massa sit amet, pulvinar rutrum massa. Nulla eget est elementum, convallis risus vitae, scelerisque nibh. Vestibulum ante ipsum primis in faucibus orci luctus et ultrices posuere cubilia curae; Fusce pellentesque ante non justo consectetur imperdiet. Cras a ornare velit. Nulla bibendum elementum nunc in auctor. Integer dui erat, dignissim a tellus non, tincidunt tempor lectus. In lacinia mauris nec diam sollicitudin, at condimentum nunc tincidunt. Lorem ipsum dolor sit amet, consectetur adipiscing elit. Etiam ultricies est id tincidunt gravida. Curabitur iaculis purus neque, non sollicitudin orci viverra sed.	1
9	56313a94-d239-5b39-aa87-5c3047231734	Donec ac justo eu nunc tristique ultrices vel at sem. Donec eu porttitor erat, quis volutpat risus. Nullam arcu enim, convallis eu risus scelerisque, feugiat pulvinar dolor. Maecenas et pharetra quam. Praesent sagittis mattis urna ac ultricies. In sit amet nunc ipsum. Donec sit amet consectetur mauris, vel congue lectus. Vivamus vel hendrerit purus. Cras sed nisi mauris.	1
\.


--
-- Data for Name: wagtail_localize_stringsegment; Type: TABLE DATA; Schema: public; Owner: wagtail_demo
--

COPY public.wagtail_localize_stringsegment (id, "order", attrs, context_id, source_id, string_id) FROM stdin;
1	1	null	1	1	1
2	2	null	2	1	2
3	4	null	3	1	3
4	5	null	3	1	4
5	1	null	7	2	5
6	2	null	8	2	6
7	4	null	9	2	7
8	5	null	9	2	8
9	6	null	9	2	9
\.


--
-- Data for Name: wagtail_localize_stringtranslation; Type: TABLE DATA; Schema: public; Owner: wagtail_demo
--

COPY public.wagtail_localize_stringtranslation (id, data, created_at, updated_at, context_id, locale_id, translation_of_id, tool_name, translation_type, last_translated_by_id, field_error, has_error) FROM stdin;
1	Die Website der Marke Orange	2021-10-26 10:14:36.540644+00	2021-10-26 10:14:36.540659+00	1	2	1		manual	1		f
2	Die Website der Gelben Marke	2021-10-26 10:14:54.520289+00	2021-10-26 10:14:54.52031+00	7	2	5		manual	1		f
\.


--
-- Data for Name: wagtail_localize_template; Type: TABLE DATA; Schema: public; Owner: wagtail_demo
--

COPY public.wagtail_localize_template (id, uuid, template, template_format, string_count) FROM stdin;
1	fd6291b3-a03d-5813-ba4f-cd97faa5143d	<p data-block-key="ymfub"></p><p data-block-key="7pggk"><text position="0"></text></p><p data-block-key="n7rs"><text position="1"></text></p>	html	2
2	fe0d4d5c-400a-5272-a559-85b8cdd39fe1	<p data-block-key="4we3h"></p><p data-block-key="uqhs"><text position="0"></text></p><p data-block-key="d747s"><text position="1"></text></p><p data-block-key="e8mlq"><text position="2"></text></p>	html	3
\.


--
-- Data for Name: wagtail_localize_templatesegment; Type: TABLE DATA; Schema: public; Owner: wagtail_demo
--

COPY public.wagtail_localize_templatesegment (id, "order", context_id, source_id, template_id) FROM stdin;
1	3	3	1	1
2	3	9	2	2
\.


--
-- Data for Name: wagtail_localize_translatableobject; Type: TABLE DATA; Schema: public; Owner: wagtail_demo
--

COPY public.wagtail_localize_translatableobject (translation_key, content_type_id) FROM stdin;
8358167b-53f2-491c-81b9-01fd57deb8ac	1
b1f47983-f10d-4bbd-b247-24d138b2e06d	1
\.


--
-- Data for Name: wagtail_localize_translation; Type: TABLE DATA; Schema: public; Owner: wagtail_demo
--

COPY public.wagtail_localize_translation (id, uuid, created_at, source_last_updated_at, translations_last_updated_at, destination_last_updated_at, enabled, source_id, target_locale_id) FROM stdin;
1	26a7b25f-daf3-45c0-94aa-4b1730ad6815	2021-10-26 10:14:08.38799+00	2021-10-26 10:14:08.388004+00	\N	\N	t	1	2
2	fac366ef-a10f-482f-a6ba-e8a8a64d8bb0	2021-10-26 10:14:50.810297+00	2021-10-26 10:14:50.810311+00	\N	\N	t	2	2
\.


--
-- Data for Name: wagtail_localize_translationcontext; Type: TABLE DATA; Schema: public; Owner: wagtail_demo
--

COPY public.wagtail_localize_translationcontext (id, path_id, path, object_id) FROM stdin;
1	f749566c-8a06-5c72-89b8-682e4e49f74f	title	8358167b-53f2-491c-81b9-01fd57deb8ac
2	d71ad27b-d7c2-5061-865d-752015b09e05	slug	8358167b-53f2-491c-81b9-01fd57deb8ac
3	6e9b85e4-ddd7-5747-80a3-e17300f6f173	main	8358167b-53f2-491c-81b9-01fd57deb8ac
4	4813ff5b-f812-5fc3-add8-a3896b0c6790	logo	8358167b-53f2-491c-81b9-01fd57deb8ac
5	a5b54b6d-979e-5f77-999b-ef74173f2971	blog_page	8358167b-53f2-491c-81b9-01fd57deb8ac
6	e9096fc9-47cb-5f18-9b40-235b0d1e4c11	about_page	8358167b-53f2-491c-81b9-01fd57deb8ac
7	f749566c-8a06-5c72-89b8-682e4e49f74f	title	b1f47983-f10d-4bbd-b247-24d138b2e06d
8	d71ad27b-d7c2-5061-865d-752015b09e05	slug	b1f47983-f10d-4bbd-b247-24d138b2e06d
9	6e9b85e4-ddd7-5747-80a3-e17300f6f173	main	b1f47983-f10d-4bbd-b247-24d138b2e06d
10	4813ff5b-f812-5fc3-add8-a3896b0c6790	logo	b1f47983-f10d-4bbd-b247-24d138b2e06d
11	a5b54b6d-979e-5f77-999b-ef74173f2971	blog_page	b1f47983-f10d-4bbd-b247-24d138b2e06d
12	e9096fc9-47cb-5f18-9b40-235b0d1e4c11	about_page	b1f47983-f10d-4bbd-b247-24d138b2e06d
\.


--
-- Data for Name: wagtail_localize_translationlog; Type: TABLE DATA; Schema: public; Owner: wagtail_demo
--

COPY public.wagtail_localize_translationlog (id, created_at, locale_id, page_revision_id, source_id) FROM stdin;
1	2021-10-26 10:14:08.46376+00	2	15	1
2	2021-10-26 10:14:50.912187+00	2	17	2
\.


--
-- Data for Name: wagtail_localize_translationsource; Type: TABLE DATA; Schema: public; Owner: wagtail_demo
--

COPY public.wagtail_localize_translationsource (id, object_repr, content_json, created_at, locale_id, object_id, specific_content_type_id, last_updated_at, schema_version) FROM stdin;
1	The Orange Brand Site	{"pk": 4, "path": "00010002", "depth": 2, "numchild": 2, "translation_key": "8358167b-53f2-491c-81b9-01fd57deb8ac", "locale": 1, "title": "The Orange Brand Site", "draft_title": "The Orange Brand Site", "slug": "the-orange-brand-site", "content_type": 15, "live": true, "has_unpublished_changes": false, "url_path": "/the-orange-brand-site/", "owner": 1, "seo_title": "", "show_in_menus": false, "search_description": "", "go_live_at": null, "expire_at": null, "expired": false, "locked": false, "locked_at": null, "locked_by": null, "first_published_at": "2021-10-26T09:44:42.342Z", "last_published_at": "2021-10-26T09:58:26.539Z", "latest_revision_created_at": "2021-10-26T09:58:26.515Z", "live_revision": 5, "alias_of": null, "main": "<p data-block-key=\\"ymfub\\"></p><p data-block-key=\\"7pggk\\">Cras sagittis interdum sem volutpat tristique. Nam quis mauris dolor. Nam ornare sed justo ac finibus. Curabitur lorem sem, fermentum quis neque id, vehicula varius nisi. Quisque in ultricies urna. Nam vitae sapien vulputate turpis pretium aliquam eu ac nisl. Duis nulla risus, varius in dui vitae, tempus interdum magna. Donec id feugiat est. Vestibulum finibus massa eu ante gravida, rhoncus blandit eros elementum. Integer mattis suscipit risus sed varius. Integer sit amet consequat diam. Aliquam dignissim mauris metus, vehicula eleifend turpis maximus sed. Quisque rhoncus tincidunt ante et pretium. Sed dolor nibh, ultrices tristique sem nec, suscipit ornare tellus.</p><p data-block-key=\\"n7rs\\">Mauris faucibus blandit dui, vel rhoncus lectus mattis quis. Donec et tincidunt elit. Vestibulum a iaculis nulla. Morbi eget consectetur nunc, nec ultricies dolor. Nullam ultrices in sapien ut tincidunt. Phasellus a diam ex. Nunc sed lobortis massa. Proin ultrices risus vel neque condimentum, sed pulvinar erat varius. Phasellus at risus eu nisl iaculis ultricies at in erat. Phasellus imperdiet mauris neque, non viverra velit accumsan et. Ut porttitor, lacus a fermentum tristique, nisl dolor aliquet est, non vehicula ligula enim non nisi. Vestibulum sed facilisis tellus, vitae luctus turpis. Pellentesque dapibus volutpat finibus.</p>", "logo": 1, "blog_page": 8, "about_page": 10, "comments": []}	2021-10-26 10:14:08.338731+00	1	8358167b-53f2-491c-81b9-01fd57deb8ac	15	2021-10-26 10:14:08.337314+00	0002_auto_20211022_0833
2	The Yellow Brand Site	{"pk": 5, "path": "00010003", "depth": 2, "numchild": 2, "translation_key": "b1f47983-f10d-4bbd-b247-24d138b2e06d", "locale": 1, "title": "The Yellow Brand Site", "draft_title": "The Yellow Brand Site", "slug": "the-yellow-brand-site", "content_type": 15, "live": true, "has_unpublished_changes": false, "url_path": "/the-yellow-brand-site/", "owner": 1, "seo_title": "", "show_in_menus": false, "search_description": "", "go_live_at": null, "expire_at": null, "expired": false, "locked": false, "locked_at": null, "locked_by": null, "first_published_at": "2021-10-26T09:45:25.412Z", "last_published_at": "2021-10-26T10:13:35.603Z", "latest_revision_created_at": "2021-10-26T10:13:35.580Z", "live_revision": 13, "alias_of": null, "main": "<p data-block-key=\\"4we3h\\"></p><p data-block-key=\\"uqhs\\">Fusce purus ligula, convallis quis ante tincidunt, maximus feugiat sapien. Aenean leo augue, congue non sem eget, convallis auctor arcu. Suspendisse ac ullamcorper risus. Nulla varius mauris vel pharetra imperdiet. Vestibulum ullamcorper, risus et ultricies molestie, magna sem rhoncus metus, sed ullamcorper purus nisl ut est. Sed vitae tortor elementum, pretium ipsum a, scelerisque libero. Nunc a metus ex. Nullam semper pulvinar libero non venenatis. Donec vel elit volutpat, viverra tellus et, fermentum justo. Aliquam purus elit, condimentum non dictum id, tincidunt sed massa.</p><p data-block-key=\\"d747s\\">Aliquam massa nulla, tincidunt id massa sit amet, pulvinar rutrum massa. Nulla eget est elementum, convallis risus vitae, scelerisque nibh. Vestibulum ante ipsum primis in faucibus orci luctus et ultrices posuere cubilia curae; Fusce pellentesque ante non justo consectetur imperdiet. Cras a ornare velit. Nulla bibendum elementum nunc in auctor. Integer dui erat, dignissim a tellus non, tincidunt tempor lectus. In lacinia mauris nec diam sollicitudin, at condimentum nunc tincidunt. Lorem ipsum dolor sit amet, consectetur adipiscing elit. Etiam ultricies est id tincidunt gravida. Curabitur iaculis purus neque, non sollicitudin orci viverra sed.</p><p data-block-key=\\"e8mlq\\">Donec ac justo eu nunc tristique ultrices vel at sem. Donec eu porttitor erat, quis volutpat risus. Nullam arcu enim, convallis eu risus scelerisque, feugiat pulvinar dolor. Maecenas et pharetra quam. Praesent sagittis mattis urna ac ultricies. In sit amet nunc ipsum. Donec sit amet consectetur mauris, vel congue lectus. Vivamus vel hendrerit purus. Cras sed nisi mauris.</p>", "logo": 1, "blog_page": 18, "about_page": 20, "comments": []}	2021-10-26 10:14:50.762205+00	1	b1f47983-f10d-4bbd-b247-24d138b2e06d	15	2021-10-26 10:14:50.760891+00	0002_auto_20211022_0833
\.


--
-- Data for Name: wagtailadmin_admin; Type: TABLE DATA; Schema: public; Owner: wagtail_demo
--

COPY public.wagtailadmin_admin (id) FROM stdin;
\.


--
-- Data for Name: wagtailcore_collection; Type: TABLE DATA; Schema: public; Owner: wagtail_demo
--

COPY public.wagtailcore_collection (id, path, depth, numchild, name) FROM stdin;
1	0001	1	0	Root
\.


--
-- Data for Name: wagtailcore_collectionviewrestriction; Type: TABLE DATA; Schema: public; Owner: wagtail_demo
--

COPY public.wagtailcore_collectionviewrestriction (id, restriction_type, password, collection_id) FROM stdin;
\.


--
-- Data for Name: wagtailcore_collectionviewrestriction_groups; Type: TABLE DATA; Schema: public; Owner: wagtail_demo
--

COPY public.wagtailcore_collectionviewrestriction_groups (id, collectionviewrestriction_id, group_id) FROM stdin;
\.


--
-- Data for Name: wagtailcore_comment; Type: TABLE DATA; Schema: public; Owner: wagtail_demo
--

COPY public.wagtailcore_comment (id, text, contentpath, "position", created_at, updated_at, resolved_at, page_id, resolved_by_id, revision_created_id, user_id) FROM stdin;
\.


--
-- Data for Name: wagtailcore_commentreply; Type: TABLE DATA; Schema: public; Owner: wagtail_demo
--

COPY public.wagtailcore_commentreply (id, text, created_at, updated_at, comment_id, user_id) FROM stdin;
\.


--
-- Data for Name: wagtailcore_groupapprovaltask; Type: TABLE DATA; Schema: public; Owner: wagtail_demo
--

COPY public.wagtailcore_groupapprovaltask (task_ptr_id) FROM stdin;
1
\.


--
-- Data for Name: wagtailcore_groupapprovaltask_groups; Type: TABLE DATA; Schema: public; Owner: wagtail_demo
--

COPY public.wagtailcore_groupapprovaltask_groups (id, groupapprovaltask_id, group_id) FROM stdin;
1	1	1
\.


--
-- Data for Name: wagtailcore_groupcollectionpermission; Type: TABLE DATA; Schema: public; Owner: wagtail_demo
--

COPY public.wagtailcore_groupcollectionpermission (id, collection_id, group_id, permission_id) FROM stdin;
1	1	1	1
2	1	2	1
3	1	1	2
4	1	2	2
5	1	1	7
6	1	2	7
7	1	1	8
8	1	2	8
9	1	1	10
10	1	2	10
\.


--
-- Data for Name: wagtailcore_grouppagepermission; Type: TABLE DATA; Schema: public; Owner: wagtail_demo
--

COPY public.wagtailcore_grouppagepermission (id, permission_type, group_id, page_id) FROM stdin;
1	add	1	1
2	edit	1	1
3	publish	1	1
4	add	2	1
5	edit	2	1
6	lock	1	1
7	unlock	1	1
\.


--
-- Data for Name: wagtailcore_locale; Type: TABLE DATA; Schema: public; Owner: wagtail_demo
--

COPY public.wagtailcore_locale (id, language_code) FROM stdin;
1	en
2	de
\.


--
-- Data for Name: wagtailcore_page; Type: TABLE DATA; Schema: public; Owner: wagtail_demo
--

COPY public.wagtailcore_page (id, path, depth, numchild, title, slug, live, has_unpublished_changes, url_path, seo_title, show_in_menus, search_description, go_live_at, expire_at, expired, content_type_id, owner_id, locked, latest_revision_created_at, first_published_at, live_revision_id, last_published_at, draft_title, locked_at, locked_by_id, translation_key, locale_id, alias_of_id) FROM stdin;
1	0001	1	4	Root	root	t	f	/		f		\N	\N	f	1	\N	f	\N	\N	\N	\N	Root	\N	\N	fa634ccd-a1ae-4266-bde9-e7c81cb457c6	1	\N
24	0001000300010002	4	0	Yellow, what is it?	yellow-what-is-it	t	f	/the-yellow-brand-site/the-yellow-blog/yellow-what-is-it/		f		\N	\N	f	10	1	f	2021-10-26 10:18:25.309378+00	2021-10-26 10:18:25.330812+00	19	2021-10-26 10:18:25.330812+00	Yellow, what is it?	\N	\N	a2cb204b-1690-46d0-8c46-bcae28656946	1	\N
14	0001000200010002	4	0	BREAKING: Orange is the best colour	breaking-orange-is-the-best-colour	t	f	/the-orange-brand-site/the-orange-blog/breaking-orange-is-the-best-colour/		f		\N	\N	f	10	1	f	2021-10-26 10:10:02.652606+00	2021-10-26 10:09:41.57203+00	8	2021-10-26 10:10:02.681475+00	BREAKING: Orange is the best colour	\N	\N	c6ee0c1a-1ef9-43b1-99e4-f0d6ab8c0b16	1	\N
10	000100020002	3	0	The Orange About Page	the-orange-about-page	t	f	/the-orange-brand-site/the-orange-about-page/		f		\N	\N	f	16	1	f	2021-10-26 09:58:05.530296+00	2021-10-26 09:58:05.543916+00	4	2021-10-26 09:58:05.543916+00	The Orange About Page	\N	\N	b8b882e0-14c9-4c19-aac9-2220e99559af	1	\N
4	00010002	2	2	The Orange Brand Site	the-orange-brand-site	t	f	/the-orange-brand-site/		f		\N	\N	f	15	1	f	2021-10-26 09:58:26.515044+00	2021-10-26 09:44:42.342267+00	5	2021-10-26 09:58:26.53911+00	The Orange Brand Site	\N	\N	8358167b-53f2-491c-81b9-01fd57deb8ac	1	\N
22	0001000300010001	4	0	Yellow facts you need to know	yellow-facts-you-need-to-know	t	f	/the-yellow-brand-site/the-yellow-blog/yellow-facts-you-need-to-know/		f		\N	\N	f	10	1	f	2021-10-26 10:17:11.383575+00	2021-10-26 10:17:11.409131+00	18	2021-10-26 10:17:11.409131+00	Yellow facts you need to know	\N	\N	25d791ba-ef04-42df-83a1-c473055d51a2	1	\N
8	000100020001	3	3	The Orange Blog	the-orange-blog	t	f	/the-orange-brand-site/the-orange-blog/		f		\N	\N	f	9	1	f	2021-10-26 09:57:39.449705+00	2021-10-26 09:57:39.462057+00	3	2021-10-26 09:57:39.462057+00	The Orange Blog	\N	\N	375f7672-b593-48a4-b0a0-f20b4db8ed1a	1	\N
12	0001000200010001	4	0	10 Facts about Orange you need to know!	10-facts-about-orange-you-need-to-know	t	f	/the-orange-brand-site/the-orange-blog/10-facts-about-orange-you-need-to-know/		f		\N	\N	f	10	1	f	2021-10-26 10:00:34.695981+00	2021-10-26 10:00:34.731318+00	6	2021-10-26 10:00:34.731318+00	10 Facts about Orange you need to know!	\N	\N	db18252f-0c63-49a1-9263-737ded8fb1a7	1	\N
25	0001000500010002	4	0	Yellow, what is it?	yellow-what-is-it	t	f	/the-yellow-brand-site-1/the-yellow-blog/yellow-what-is-it/		f		\N	\N	f	10	1	f	2021-10-26 10:18:25.309378+00	\N	\N	\N	Yellow, what is it?	\N	\N	a2cb204b-1690-46d0-8c46-bcae28656946	2	24
21	000100050002	3	0	The Yellow About Page	the-yellow-about-page	f	t	/the-yellow-brand-site-1/the-yellow-about-page/		f		\N	\N	f	16	1	f	\N	\N	\N	\N	The Yellow About Page	\N	\N	54b5b86d-7953-4034-8c27-97c1cbbcd54b	2	20
17	0001000400010003	4	0	What is Orange?	what-is-orange	t	f	/the-orange-brand-site-1/the-orange-blog/what-is-orange/		f		\N	\N	f	10	1	f	2021-10-26 10:11:21.097423+00	\N	9	2021-10-26 10:11:11.062+00	What is Orange?	\N	\N	ce9a4382-2e17-4d11-9012-e8d35b8e5f62	2	16
16	0001000200010003	4	0	What is Orange?	what-is-orange	t	f	/the-orange-brand-site/the-orange-blog/what-is-orange/		f		\N	\N	f	10	1	f	2021-10-26 10:11:21.097423+00	2021-10-26 10:11:11.062989+00	10	2021-10-26 10:11:21.123146+00	What is Orange?	\N	\N	ce9a4382-2e17-4d11-9012-e8d35b8e5f62	1	\N
23	0001000500010001	4	0	Yellow facts you need to know	yellow-facts-you-need-to-know	t	f	/the-yellow-brand-site-1/the-yellow-blog/yellow-facts-you-need-to-know/		f		\N	\N	f	10	1	f	2021-10-26 10:17:11.383575+00	\N	\N	\N	Yellow facts you need to know	\N	\N	25d791ba-ef04-42df-83a1-c473055d51a2	2	22
11	000100040002	3	0	The Orange About Page	the-orange-about-page	t	f	/the-orange-brand-site-1/the-orange-about-page/		f		\N	\N	f	16	1	f	2021-10-26 09:58:05.530296+00	\N	\N	\N	The Orange About Page	\N	\N	b8b882e0-14c9-4c19-aac9-2220e99559af	2	10
20	000100030002	3	0	The Yellow About Page	the-yellow-about-page	f	t	/the-yellow-brand-site/the-yellow-about-page/		f		\N	\N	f	16	1	f	2021-10-26 10:12:49.969731+00	\N	\N	\N	The Yellow About Page	\N	\N	54b5b86d-7953-4034-8c27-97c1cbbcd54b	1	\N
6	00010004	2	2	The Orange Brand Site	the-orange-brand-site-1	t	f	/the-orange-brand-site-1/		f		\N	\N	f	15	1	f	2021-10-26 10:14:08.433814+00	2021-10-26 09:44:42.342267+00	15	2021-10-26 10:14:08.444978+00	Die Website der Marke Orange	\N	\N	8358167b-53f2-491c-81b9-01fd57deb8ac	2	\N
5	00010003	2	2	The Yellow Brand Site	the-yellow-brand-site	t	f	/the-yellow-brand-site/		f		\N	\N	f	15	1	f	2021-10-26 10:13:35.580372+00	2021-10-26 09:45:25.412773+00	13	2021-10-26 10:13:35.603615+00	The Yellow Brand Site	\N	\N	b1f47983-f10d-4bbd-b247-24d138b2e06d	1	\N
15	0001000400010002	4	0	BREAKING: Orange is the best colour	breaking-orange-is-the-best-colour	t	f	/the-orange-brand-site-1/the-orange-blog/breaking-orange-is-the-best-colour/		f		\N	\N	f	10	1	f	2021-10-26 10:10:02.652606+00	\N	7	2021-10-26 10:09:41.572+00	BREAKING: Orange is the best colour	\N	\N	c6ee0c1a-1ef9-43b1-99e4-f0d6ab8c0b16	2	14
13	0001000400010001	4	0	10 Facts about Orange you need to know!	10-facts-about-orange-you-need-to-know	t	f	/the-orange-brand-site-1/the-orange-blog/10-facts-about-orange-you-need-to-know/		f		\N	\N	f	10	1	f	2021-10-26 10:00:34.695981+00	\N	\N	\N	10 Facts about Orange you need to know!	\N	\N	db18252f-0c63-49a1-9263-737ded8fb1a7	2	12
9	000100040001	3	3	The Orange Blog	the-orange-blog	t	f	/the-orange-brand-site-1/the-orange-blog/		f		\N	\N	f	9	1	f	2021-10-26 09:57:39.449705+00	\N	\N	\N	The Orange Blog	\N	\N	375f7672-b593-48a4-b0a0-f20b4db8ed1a	2	8
7	00010005	2	2	The Yellow Brand Site	the-yellow-brand-site-1	t	f	/the-yellow-brand-site-1/		f		\N	\N	f	15	1	f	2021-10-26 10:14:50.867579+00	2021-10-26 09:45:25.412773+00	17	2021-10-26 10:14:50.89247+00	Die Website der Gelben Marke	\N	\N	b1f47983-f10d-4bbd-b247-24d138b2e06d	2	\N
18	000100030001	3	3	The Yellow Blog	the-yellow-blog	t	f	/the-yellow-brand-site/the-yellow-blog/		f		\N	\N	f	9	1	f	2021-10-26 10:12:19.135729+00	2021-10-26 10:12:19.148229+00	11	2021-10-26 10:12:19.148229+00	The Yellow Blog	\N	\N	069a1d83-551c-4b08-9d46-2bf7aa0bf551	1	\N
26	0001000300010003	4	0	Yellow things are great	yellow-things-are-great	t	f	/the-yellow-brand-site/the-yellow-blog/yellow-things-are-great/		f		\N	\N	f	10	1	f	2021-10-26 10:20:10.966494+00	2021-10-26 10:20:10.991125+00	20	2021-10-26 10:20:10.991125+00	Yellow things are great	\N	\N	767e699f-93d6-4016-80cb-7d552eb477ff	1	\N
19	000100050001	3	3	The Yellow Blog	the-yellow-blog	t	f	/the-yellow-brand-site-1/the-yellow-blog/		f		\N	\N	f	9	1	f	2021-10-26 10:12:19.135729+00	\N	\N	\N	The Yellow Blog	\N	\N	069a1d83-551c-4b08-9d46-2bf7aa0bf551	2	18
27	0001000500010003	4	0	Yellow things are great	yellow-things-are-great	t	f	/the-yellow-brand-site-1/the-yellow-blog/yellow-things-are-great/		f		\N	\N	f	10	1	f	2021-10-26 10:20:10.966494+00	\N	\N	\N	Yellow things are great	\N	\N	767e699f-93d6-4016-80cb-7d552eb477ff	2	26
\.


--
-- Data for Name: wagtailcore_pagelogentry; Type: TABLE DATA; Schema: public; Owner: wagtail_demo
--

COPY public.wagtailcore_pagelogentry (id, label, action, data_json, "timestamp", content_changed, deleted, content_type_id, page_id, revision_id, user_id) FROM stdin;
1	The Orange Brand Site	wagtail.create	""	2021-10-26 09:44:42.316672+00	t	f	15	4	\N	1
2	The Orange Brand Site	wagtail.publish	null	2021-10-26 09:44:42.358991+00	t	f	15	4	1	1
3	Home	wagtail.delete	""	2021-10-26 09:44:46.692714+00	f	t	3	3	\N	1
4	The Yellow Brand Site	wagtail.create	""	2021-10-26 09:45:25.390458+00	t	f	15	5	\N	1
5	The Yellow Brand Site	wagtail.publish	null	2021-10-26 09:45:25.429866+00	t	f	15	5	2	1
6	The Orange Brand Site	wagtail.create	""	2021-10-26 09:46:02.092498+00	t	f	15	6	\N	1
7	The Orange Brand Site	wagtail.create_alias	{"page": {"id": 6, "title": "The Orange Brand Site"}, "source": {"id": 1, "title": "Root"}, "destination": {"id": 1, "title": "Root"}}	2021-10-26 09:46:02.094951+00	f	f	15	6	\N	\N
8	The Orange Brand Site	wagtail.publish	""	2021-10-26 09:46:02.096566+00	f	f	15	6	\N	\N
9	The Yellow Brand Site	wagtail.create	""	2021-10-26 09:46:02.112005+00	t	f	15	7	\N	1
10	The Yellow Brand Site	wagtail.create_alias	{"page": {"id": 7, "title": "The Yellow Brand Site"}, "source": {"id": 1, "title": "Root"}, "destination": {"id": 1, "title": "Root"}}	2021-10-26 09:46:02.114063+00	f	f	15	7	\N	\N
11	The Yellow Brand Site	wagtail.publish	""	2021-10-26 09:46:02.115431+00	f	f	15	7	\N	\N
12	The Orange Blog	wagtail.create	""	2021-10-26 09:57:39.433854+00	t	f	9	9	\N	1
13	The Orange Blog	wagtail.create_alias	{"page": {"id": 9, "title": "The Orange Blog"}, "source": {"id": 4, "title": "The Orange Brand Site"}, "destination": {"id": 6, "title": "The Orange Brand Site"}}	2021-10-26 09:57:39.436514+00	f	f	9	9	\N	\N
14	The Orange Blog	wagtail.publish	""	2021-10-26 09:57:39.437828+00	f	f	9	9	\N	\N
15	The Orange Blog	wagtail.create	""	2021-10-26 09:57:39.440346+00	t	f	9	8	\N	1
16	The Orange Blog	wagtail.publish	""	2021-10-26 09:57:39.490609+00	f	f	9	9	\N	1
17	The Orange Blog	wagtail.publish	null	2021-10-26 09:57:39.495134+00	t	f	9	8	3	1
18	The Orange About Page	wagtail.create	""	2021-10-26 09:58:05.513064+00	t	f	16	11	\N	1
19	The Orange About Page	wagtail.create_alias	{"page": {"id": 11, "title": "The Orange About Page"}, "source": {"id": 4, "title": "The Orange Brand Site"}, "destination": {"id": 6, "title": "The Orange Brand Site"}}	2021-10-26 09:58:05.515614+00	f	f	16	11	\N	\N
20	The Orange About Page	wagtail.publish	""	2021-10-26 09:58:05.517024+00	f	f	16	11	\N	\N
21	The Orange About Page	wagtail.create	""	2021-10-26 09:58:05.519919+00	t	f	16	10	\N	1
22	The Orange About Page	wagtail.publish	""	2021-10-26 09:58:05.574316+00	f	f	16	11	\N	1
23	The Orange About Page	wagtail.publish	null	2021-10-26 09:58:05.578716+00	t	f	16	10	4	1
24	The Orange Brand Site	wagtail.edit	""	2021-10-26 09:58:26.523939+00	t	f	15	4	5	1
25	The Orange Brand Site	wagtail.publish	""	2021-10-26 09:58:26.572717+00	f	f	15	6	\N	1
26	The Orange Brand Site	wagtail.publish	null	2021-10-26 09:58:26.576595+00	t	f	15	4	5	1
27	10 Facts about Orange you need to know!	wagtail.create	""	2021-10-26 10:00:34.644197+00	t	f	10	13	\N	1
28	10 Facts about Orange you need to know!	wagtail.create_alias	{"page": {"id": 13, "title": "10 Facts about Orange you need to know!"}, "source": {"id": 8, "title": "The Orange Blog"}, "destination": {"id": 9, "title": "The Orange Blog"}}	2021-10-26 10:00:34.647528+00	f	f	10	13	\N	\N
29	10 Facts about Orange you need to know!	wagtail.publish	""	2021-10-26 10:00:34.652079+00	f	f	10	13	\N	\N
30	10 Facts about Orange you need to know!	wagtail.create	""	2021-10-26 10:00:34.665164+00	t	f	10	12	\N	1
31	10 Facts about Orange you need to know!	wagtail.publish	""	2021-10-26 10:00:34.802517+00	f	f	10	13	\N	1
32	10 Facts about Orange you need to know!	wagtail.publish	null	2021-10-26 10:00:34.808894+00	t	f	10	12	6	1
33	BREAKING: Orange is the best colour	wagtail.create	""	2021-10-26 10:09:41.526956+00	t	f	10	15	\N	1
34	BREAKING: Orange is the best colour	wagtail.create_alias	{"page": {"id": 15, "title": "BREAKING: Orange is the best colour"}, "source": {"id": 8, "title": "The Orange Blog"}, "destination": {"id": 9, "title": "The Orange Blog"}}	2021-10-26 10:09:41.529507+00	f	f	10	15	\N	\N
35	BREAKING: Orange is the best colour	wagtail.publish	""	2021-10-26 10:09:41.530883+00	f	f	10	15	\N	\N
36	BREAKING: Orange is the best colour	wagtail.create	""	2021-10-26 10:09:41.53648+00	t	f	10	14	\N	1
37	BREAKING: Orange is the best colour	wagtail.publish	""	2021-10-26 10:09:41.615843+00	f	f	10	15	\N	1
38	BREAKING: Orange is the best colour	wagtail.publish	null	2021-10-26 10:09:41.619923+00	t	f	10	14	7	1
39	BREAKING: Orange is the best colour	wagtail.edit	""	2021-10-26 10:10:02.6616+00	t	f	10	14	8	1
40	BREAKING: Orange is the best colour	wagtail.publish	""	2021-10-26 10:10:02.735562+00	f	f	10	15	\N	1
41	BREAKING: Orange is the best colour	wagtail.publish	null	2021-10-26 10:10:02.740256+00	t	f	10	14	8	1
42	What is orange?	wagtail.create	""	2021-10-26 10:11:11.021999+00	t	f	10	17	\N	1
43	What is orange?	wagtail.create_alias	{"page": {"id": 17, "title": "What is orange?"}, "source": {"id": 8, "title": "The Orange Blog"}, "destination": {"id": 9, "title": "The Orange Blog"}}	2021-10-26 10:11:11.024548+00	f	f	10	17	\N	\N
44	What is orange?	wagtail.publish	""	2021-10-26 10:11:11.026034+00	f	f	10	17	\N	\N
45	What is orange?	wagtail.create	""	2021-10-26 10:11:11.032384+00	t	f	10	16	\N	1
46	What is orange?	wagtail.publish	""	2021-10-26 10:11:11.107737+00	f	f	10	17	\N	1
47	What is orange?	wagtail.publish	null	2021-10-26 10:11:11.112055+00	t	f	10	16	9	1
48	What is Orange?	wagtail.edit	""	2021-10-26 10:11:21.105356+00	t	f	10	16	10	1
49	What is Orange?	wagtail.publish	""	2021-10-26 10:11:21.173168+00	f	f	10	17	\N	1
50	What is Orange?	wagtail.rename	{"title": {"old": "What is orange?", "new": "What is Orange?"}}	2021-10-26 10:11:21.17725+00	f	f	10	16	10	1
51	What is Orange?	wagtail.publish	{"title": {"old": "What is orange?", "new": "What is Orange?"}}	2021-10-26 10:11:21.1803+00	t	f	10	16	10	1
52	The Yellow Blog	wagtail.create	""	2021-10-26 10:12:19.118561+00	t	f	9	19	\N	1
53	The Yellow Blog	wagtail.create_alias	{"page": {"id": 19, "title": "The Yellow Blog"}, "source": {"id": 5, "title": "The Yellow Brand Site"}, "destination": {"id": 7, "title": "The Yellow Brand Site"}}	2021-10-26 10:12:19.121396+00	f	f	9	19	\N	\N
54	The Yellow Blog	wagtail.publish	""	2021-10-26 10:12:19.123292+00	f	f	9	19	\N	\N
55	The Yellow Blog	wagtail.create	""	2021-10-26 10:12:19.126196+00	t	f	9	18	\N	1
56	The Yellow Blog	wagtail.publish	""	2021-10-26 10:12:19.177968+00	f	f	9	19	\N	1
57	The Yellow Blog	wagtail.publish	null	2021-10-26 10:12:19.184776+00	t	f	9	18	11	1
58	The Yellow About Page	wagtail.create	""	2021-10-26 10:12:49.955206+00	t	f	16	21	\N	1
59	The Yellow About Page	wagtail.create_alias	{"page": {"id": 21, "title": "The Yellow About Page"}, "source": {"id": 5, "title": "The Yellow Brand Site"}, "destination": {"id": 7, "title": "The Yellow Brand Site"}}	2021-10-26 10:12:49.957571+00	f	f	16	21	\N	\N
60	The Yellow About Page	wagtail.create	""	2021-10-26 10:12:49.960478+00	t	f	16	20	\N	1
61	The Yellow About Page	wagtail.workflow.start	{"workflow": {"id": 1, "title": "Moderators approval", "status": "in_progress", "next": {"id": 1, "title": "Moderators approval"}, "task_state_id": 1}}	2021-10-26 10:12:50.000321+00	f	f	16	20	12	1
62	The Yellow Brand Site	wagtail.edit	""	2021-10-26 10:13:35.589801+00	t	f	15	5	13	1
63	The Yellow Brand Site	wagtail.publish	""	2021-10-26 10:13:35.637031+00	f	f	15	7	\N	1
64	The Yellow Brand Site	wagtail.publish	null	2021-10-26 10:13:35.641373+00	t	f	15	5	13	1
65	The Orange Brand Site	wagtail.convert_alias	{"page": {"id": 6, "title": "The Orange Brand Site"}}	2021-10-26 10:14:08.413841+00	f	f	15	6	14	1
66	The Orange Brand Site	wagtail.publish	null	2021-10-26 10:14:08.461487+00	t	f	15	6	15	\N
67	The Yellow Brand Site	wagtail.convert_alias	{"page": {"id": 7, "title": "The Yellow Brand Site"}}	2021-10-26 10:14:50.835671+00	f	f	15	7	16	1
68	The Yellow Brand Site	wagtail.publish	null	2021-10-26 10:14:50.909863+00	t	f	15	7	17	\N
69	Yellow facts you need to know	wagtail.create	""	2021-10-26 10:17:11.358611+00	t	f	10	23	\N	1
70	Yellow facts you need to know	wagtail.create_alias	{"page": {"id": 23, "title": "Yellow facts you need to know"}, "source": {"id": 18, "title": "The Yellow Blog"}, "destination": {"id": 19, "title": "The Yellow Blog"}}	2021-10-26 10:17:11.36102+00	f	f	10	23	\N	\N
71	Yellow facts you need to know	wagtail.publish	""	2021-10-26 10:17:11.362535+00	f	f	10	23	\N	\N
72	Yellow facts you need to know	wagtail.create	""	2021-10-26 10:17:11.369907+00	t	f	10	22	\N	1
73	Yellow facts you need to know	wagtail.publish	""	2021-10-26 10:17:11.46498+00	f	f	10	23	\N	1
74	Yellow facts you need to know	wagtail.publish	null	2021-10-26 10:17:11.469776+00	t	f	10	22	18	1
75	Yellow, what is it?	wagtail.create	""	2021-10-26 10:18:25.286167+00	t	f	10	25	\N	1
76	Yellow, what is it?	wagtail.create_alias	{"page": {"id": 25, "title": "Yellow, what is it?"}, "source": {"id": 18, "title": "The Yellow Blog"}, "destination": {"id": 19, "title": "The Yellow Blog"}}	2021-10-26 10:18:25.289001+00	f	f	10	25	\N	\N
77	Yellow, what is it?	wagtail.publish	""	2021-10-26 10:18:25.290518+00	f	f	10	25	\N	\N
78	Yellow, what is it?	wagtail.create	""	2021-10-26 10:18:25.296518+00	t	f	10	24	\N	1
79	Yellow, what is it?	wagtail.publish	""	2021-10-26 10:18:25.379672+00	f	f	10	25	\N	1
80	Yellow, what is it?	wagtail.publish	null	2021-10-26 10:18:25.385396+00	t	f	10	24	19	1
81	Yellow things are great	wagtail.create	""	2021-10-26 10:20:10.942366+00	t	f	10	27	\N	1
82	Yellow things are great	wagtail.create_alias	{"page": {"id": 27, "title": "Yellow things are great"}, "source": {"id": 18, "title": "The Yellow Blog"}, "destination": {"id": 19, "title": "The Yellow Blog"}}	2021-10-26 10:20:10.945028+00	f	f	10	27	\N	\N
83	Yellow things are great	wagtail.publish	""	2021-10-26 10:20:10.946856+00	f	f	10	27	\N	\N
84	Yellow things are great	wagtail.create	""	2021-10-26 10:20:10.952955+00	t	f	10	26	\N	1
85	Yellow things are great	wagtail.publish	""	2021-10-26 10:20:11.041687+00	f	f	10	27	\N	1
86	Yellow things are great	wagtail.publish	null	2021-10-26 10:20:11.046009+00	t	f	10	26	20	1
\.


--
-- Data for Name: wagtailcore_pagerevision; Type: TABLE DATA; Schema: public; Owner: wagtail_demo
--

COPY public.wagtailcore_pagerevision (id, submitted_for_moderation, created_at, content_json, approved_go_live_at, page_id, user_id) FROM stdin;
3	f	2021-10-26 09:57:39.449705+00	{"pk": 8, "path": "000100020001", "depth": 3, "numchild": 0, "translation_key": "375f7672-b593-48a4-b0a0-f20b4db8ed1a", "locale": 1, "title": "The Orange Blog", "draft_title": "The Orange Blog", "slug": "the-orange-blog", "content_type": 9, "live": true, "has_unpublished_changes": false, "url_path": "/the-orange-brand-site/the-orange-blog/", "owner": 1, "seo_title": "", "show_in_menus": false, "search_description": "", "go_live_at": null, "expire_at": null, "expired": false, "locked": false, "locked_at": null, "locked_by": null, "first_published_at": null, "last_published_at": null, "latest_revision_created_at": null, "live_revision": null, "alias_of": null, "description": "orange blog", "comments": []}	\N	8	1
1	f	2021-10-26 09:44:42.328118+00	{"pk": 4, "path": "00010002", "depth": 2, "numchild": 0, "translation_key": "8358167b-53f2-491c-81b9-01fd57deb8ac", "locale": 1, "title": "The Orange Brand Site", "draft_title": "The Orange Brand Site", "slug": "the-orange-brand-site", "content_type": 15, "live": true, "has_unpublished_changes": false, "url_path": "/the-orange-brand-site/", "owner": 1, "seo_title": "", "show_in_menus": false, "search_description": "", "go_live_at": null, "expire_at": null, "expired": false, "locked": false, "locked_at": null, "locked_by": null, "first_published_at": null, "last_published_at": null, "latest_revision_created_at": null, "live_revision": null, "alias_of": null, "main": "<p data-block-key=\\"ymfub\\"> </p><p data-block-key=\\"7pggk\\">Cras sagittis interdum sem volutpat tristique. Nam quis mauris dolor. Nam ornare sed justo ac finibus. Curabitur lorem sem, fermentum quis neque id, vehicula varius nisi. Quisque in ultricies urna. Nam vitae sapien vulputate turpis pretium aliquam eu ac nisl. Duis nulla risus, varius in dui vitae, tempus interdum magna. Donec id feugiat est. Vestibulum finibus massa eu ante gravida, rhoncus blandit eros elementum. Integer mattis suscipit risus sed varius. Integer sit amet consequat diam. Aliquam dignissim mauris metus, vehicula eleifend turpis maximus sed. Quisque rhoncus tincidunt ante et pretium. Sed dolor nibh, ultrices tristique sem nec, suscipit ornare tellus.</p><p data-block-key=\\"n7rs\\">Mauris faucibus blandit dui, vel rhoncus lectus mattis quis. Donec et tincidunt elit. Vestibulum a iaculis nulla. Morbi eget consectetur nunc, nec ultricies dolor. Nullam ultrices in sapien ut tincidunt. Phasellus a diam ex. Nunc sed lobortis massa. Proin ultrices risus vel neque condimentum, sed pulvinar erat varius. Phasellus at risus eu nisl iaculis ultricies at in erat. Phasellus imperdiet mauris neque, non viverra velit accumsan et. Ut porttitor, lacus a fermentum tristique, nisl dolor aliquet est, non vehicula ligula enim non nisi. Vestibulum sed facilisis tellus, vitae luctus turpis. Pellentesque dapibus volutpat finibus.</p>", "logo": 1, "blog_page": null, "about_page": null, "comments": []}	\N	4	1
4	f	2021-10-26 09:58:05.530296+00	{"pk": 10, "path": "000100020002", "depth": 3, "numchild": 0, "translation_key": "b8b882e0-14c9-4c19-aac9-2220e99559af", "locale": 1, "title": "The Orange About Page", "draft_title": "The Orange About Page", "slug": "the-orange-about-page", "content_type": 16, "live": true, "has_unpublished_changes": false, "url_path": "/the-orange-brand-site/the-orange-about-page/", "owner": 1, "seo_title": "", "show_in_menus": false, "search_description": "", "go_live_at": null, "expire_at": null, "expired": false, "locked": false, "locked_at": null, "locked_by": null, "first_published_at": null, "last_published_at": null, "latest_revision_created_at": null, "live_revision": null, "alias_of": null, "main": "<p data-block-key=\\"mygjd\\"> </p><p data-block-key=\\"aoq5\\">Vivamus ut luctus magna. Quisque eget malesuada urna. Suspendisse viverra, libero ac tempus convallis, ante eros auctor metus, sit amet finibus tellus ipsum id neque. Ut porta, ipsum non fermentum consectetur, velit dui commodo turpis, in facilisis ante justo non neque. Donec consequat, libero id sodales volutpat, dui arcu laoreet enim, ut dictum arcu purus at mauris. Fusce urna arcu, vulputate at arcu ac, cursus lobortis lacus. Aliquam sed ultricies leo, a consectetur nisl. Cras pharetra posuere laoreet. Aliquam at tristique odio. Cras iaculis, lacus eu congue rutrum, augue ligula convallis ipsum, eu pharetra neque dui quis diam. Ut non massa suscipit, euismod risus a, suscipit lorem. Vivamus in lacus nec nisi sodales viverra. Nunc quis lobortis libero.</p><p data-block-key=\\"fd6lq\\">Fusce pulvinar faucibus faucibus. Nam sollicitudin sit amet magna vitae porta. Donec semper erat in pharetra blandit. Curabitur vehicula augue eget ipsum rutrum, id hendrerit ipsum molestie. Suspendisse aliquet orci eu ultrices placerat. Proin sed tincidunt felis. Nam ornare justo condimentum turpis vehicula aliquam. Nunc ultrices erat id justo rhoncus lacinia.</p><p data-block-key=\\"3qiuv\\">Ut accumsan ex vel turpis scelerisque, non suscipit neque suscipit. Curabitur volutpat ac risus feugiat aliquam. In imperdiet non lacus vel mattis. Quisque laoreet diam vel eros faucibus, quis tristique mauris sodales. Integer ornare ac ipsum sit amet eleifend. Interdum et malesuada fames ac ante ipsum primis in faucibus. Etiam non arcu sit amet sapien bibendum viverra. Donec in felis nec purus bibendum rhoncus.</p>", "blog_page": 8, "comments": []}	\N	10	1
5	f	2021-10-26 09:58:26.515044+00	{"pk": 4, "path": "00010002", "depth": 2, "numchild": 2, "translation_key": "8358167b-53f2-491c-81b9-01fd57deb8ac", "locale": 1, "title": "The Orange Brand Site", "draft_title": "The Orange Brand Site", "slug": "the-orange-brand-site", "content_type": 15, "live": true, "has_unpublished_changes": false, "url_path": "/the-orange-brand-site/", "owner": 1, "seo_title": "", "show_in_menus": false, "search_description": "", "go_live_at": null, "expire_at": null, "expired": false, "locked": false, "locked_at": null, "locked_by": null, "first_published_at": "2021-10-26T09:44:42.342Z", "last_published_at": "2021-10-26T09:44:42.342Z", "latest_revision_created_at": "2021-10-26T09:44:42.328Z", "live_revision": 1, "alias_of": null, "main": "<p data-block-key=\\"ymfub\\"></p><p data-block-key=\\"7pggk\\">Cras sagittis interdum sem volutpat tristique. Nam quis mauris dolor. Nam ornare sed justo ac finibus. Curabitur lorem sem, fermentum quis neque id, vehicula varius nisi. Quisque in ultricies urna. Nam vitae sapien vulputate turpis pretium aliquam eu ac nisl. Duis nulla risus, varius in dui vitae, tempus interdum magna. Donec id feugiat est. Vestibulum finibus massa eu ante gravida, rhoncus blandit eros elementum. Integer mattis suscipit risus sed varius. Integer sit amet consequat diam. Aliquam dignissim mauris metus, vehicula eleifend turpis maximus sed. Quisque rhoncus tincidunt ante et pretium. Sed dolor nibh, ultrices tristique sem nec, suscipit ornare tellus.</p><p data-block-key=\\"n7rs\\">Mauris faucibus blandit dui, vel rhoncus lectus mattis quis. Donec et tincidunt elit. Vestibulum a iaculis nulla. Morbi eget consectetur nunc, nec ultricies dolor. Nullam ultrices in sapien ut tincidunt. Phasellus a diam ex. Nunc sed lobortis massa. Proin ultrices risus vel neque condimentum, sed pulvinar erat varius. Phasellus at risus eu nisl iaculis ultricies at in erat. Phasellus imperdiet mauris neque, non viverra velit accumsan et. Ut porttitor, lacus a fermentum tristique, nisl dolor aliquet est, non vehicula ligula enim non nisi. Vestibulum sed facilisis tellus, vitae luctus turpis. Pellentesque dapibus volutpat finibus.</p>", "logo": 1, "blog_page": 8, "about_page": 10, "comments": []}	\N	4	1
6	f	2021-10-26 10:00:34.695981+00	{"pk": 12, "path": "0001000200010001", "depth": 4, "numchild": 0, "translation_key": "db18252f-0c63-49a1-9263-737ded8fb1a7", "locale": 1, "title": "10 Facts about Orange you need to know!", "draft_title": "10 Facts about Orange you need to know!", "slug": "10-facts-about-orange-you-need-to-know", "content_type": 10, "live": true, "has_unpublished_changes": false, "url_path": "/the-orange-brand-site/the-orange-blog/10-facts-about-orange-you-need-to-know/", "owner": 1, "seo_title": "", "show_in_menus": false, "search_description": "", "go_live_at": null, "expire_at": null, "expired": false, "locked": false, "locked_at": null, "locked_by": null, "first_published_at": null, "last_published_at": null, "latest_revision_created_at": null, "live_revision": null, "alias_of": null, "header_image": 2, "body": "[{\\"type\\": \\"listicle\\", \\"value\\": [{\\"header\\": \\"This one is great...\\", \\"body\\": \\"<p data-block-key=\\\\\\"ho3ns\\\\\\"> </p><p data-block-key=\\\\\\"4h4bg\\\\\\">Vivamus ut luctus magna. Quisque eget malesuada urna. Suspendisse viverra, libero ac tempus convallis, ante eros auctor metus, sit amet finibus tellus ipsum id neque. Ut porta, ipsum non fermentum consectetur, velit dui commodo turpis, in facilisis ante justo non neque. Donec consequat, libero id sodales volutpat, dui arcu laoreet enim, ut dictum arcu purus at mauris. Fusce urna arcu, vulputate at arcu ac, cursus lobortis lacus. Aliquam sed ultricies leo, a consectetur nisl. Cras pharetra posuere laoreet. Aliquam at tristique odio. Cras iaculis, lacus eu congue rutrum, augue ligula convallis ipsum, eu pharetra neque dui quis diam. Ut non massa suscipit, euismod risus a, suscipit lorem. Vivamus in lacus nec nisi sodales viverra. Nunc quis lobortis libero.</p>\\"}, {\\"header\\": \\"Did you know...\\", \\"body\\": \\"<p data-block-key=\\\\\\"ume7a\\\\\\"> Lorem ipsum dolor sit amet, consectetur adipiscing elit. Suspendisse vitae viverra lorem, non consectetur quam. Quisque rhoncus egestas purus eget facilisis. Sed ut laoreet orci, eget rutrum ligula. Aliquam enim nunc, scelerisque ac laoreet dignissim, consectetur aliquet elit. Donec ut placerat eros, nec tempus purus. Morbi metus orci, cursus ut felis at, scelerisque vehicula neque. Vivamus blandit enim ac venenatis hendrerit. Duis accumsan ante vel orci eleifend, ut maximus nulla porttitor. Praesent maximus nibh sed purus efficitur, a volutpat augue condimentum. Vestibulum faucibus, nisl sit amet cursus luctus, ligula nisi pulvinar lorem, sed ultrices eros mauris quis turpis. In hac habitasse platea dictumst. In efficitur neque a odio bibendum faucibus. Vestibulum sed sem pretium ligula finibus varius sed sit amet arcu. In maximus urna vel dui malesuada sollicitudin. </p>\\"}, {\\"header\\": \\"I'd never heard of this...\\", \\"body\\": \\"<p data-block-key=\\\\\\"ume7a\\\\\\">Suspendisse vitae viverra lorem, non consectetur quam. Quisque rhoncus egestas purus eget facilisis. Sed ut laoreet orci, eget rutrum ligula. Aliquam enim nunc, scelerisque ac laoreet dignissim, consectetur aliquet elit. Donec ut placerat eros, nec tempus purus. Morbi metus orci, cursus ut felis at, scelerisque vehicula neque. Vivamus blandit enim ac venenatis hendrerit. Duis accumsan ante vel orci eleifend, ut maximus nulla porttitor. Praesent maximus nibh sed purus efficitur, a volutpat augue condimentum. Vestibulum faucibus, nisl sit amet cursus luctus, ligula nisi pulvinar lorem, sed ultrices eros mauris quis turpis. In hac habitasse platea dictumst. In efficitur neque a odio bibendum faucibus. Vestibulum sed sem pretium ligula finibus varius sed sit amet arcu. In maximus urna vel dui malesuada sollicitudin. </p>\\"}], \\"id\\": \\"79bd187b-4af8-4bcc-b746-c6a9fab43beb\\"}]", "comments": [], "categories": [{"pk": 1, "page": 12, "blog_category": 1}], "post_tags": [{"pk": 1, "tag": 1, "content_object": 12}, {"pk": 2, "tag": 2, "content_object": 12}, {"pk": 3, "tag": 3, "content_object": 12}, {"pk": 4, "tag": 4, "content_object": 12}]}	\N	12	1
11	f	2021-10-26 10:12:19.135729+00	{"pk": 18, "path": "000100030001", "depth": 3, "numchild": 0, "translation_key": "069a1d83-551c-4b08-9d46-2bf7aa0bf551", "locale": 1, "title": "The Yellow Blog", "draft_title": "The Yellow Blog", "slug": "the-yellow-blog", "content_type": 9, "live": true, "has_unpublished_changes": false, "url_path": "/the-yellow-brand-site/the-yellow-blog/", "owner": 1, "seo_title": "", "show_in_menus": false, "search_description": "", "go_live_at": null, "expire_at": null, "expired": false, "locked": false, "locked_at": null, "locked_by": null, "first_published_at": null, "last_published_at": null, "latest_revision_created_at": null, "live_revision": null, "alias_of": null, "description": "yellow blog", "comments": []}	\N	18	1
12	f	2021-10-26 10:12:49.969731+00	{"pk": 20, "path": "000100030002", "depth": 3, "numchild": 0, "translation_key": "54b5b86d-7953-4034-8c27-97c1cbbcd54b", "locale": 1, "title": "The Yellow About Page", "draft_title": "The Yellow About Page", "slug": "the-yellow-about-page", "content_type": 16, "live": false, "has_unpublished_changes": false, "url_path": "/the-yellow-brand-site/the-yellow-about-page/", "owner": 1, "seo_title": "", "show_in_menus": false, "search_description": "", "go_live_at": null, "expire_at": null, "expired": false, "locked": false, "locked_at": null, "locked_by": null, "first_published_at": null, "last_published_at": null, "latest_revision_created_at": null, "live_revision": null, "alias_of": null, "main": "<p data-block-key=\\"2ms9s\\"> </p><p data-block-key=\\"206fm\\">Vivamus ut luctus magna. Quisque eget malesuada urna. Suspendisse viverra, libero ac tempus convallis, ante eros auctor metus, sit amet finibus tellus ipsum id neque. Ut porta, ipsum non fermentum consectetur, velit dui commodo turpis, in facilisis ante justo non neque. Donec consequat, libero id sodales volutpat, dui arcu laoreet enim, ut dictum arcu purus at mauris. Fusce urna arcu, vulputate at arcu ac, cursus lobortis lacus. Aliquam sed ultricies leo, a consectetur nisl. Cras pharetra posuere laoreet. Aliquam at tristique odio. Cras iaculis, lacus eu congue rutrum, augue ligula convallis ipsum, eu pharetra neque dui quis diam. Ut non massa suscipit, euismod risus a, suscipit lorem. Vivamus in lacus nec nisi sodales viverra. Nunc quis lobortis libero.</p><p data-block-key=\\"vu3c\\">Fusce pulvinar faucibus faucibus. Nam sollicitudin sit amet magna vitae porta. Donec semper erat in pharetra blandit. Curabitur vehicula augue eget ipsum rutrum, id hendrerit ipsum molestie. Suspendisse aliquet orci eu ultrices placerat. Proin sed tincidunt felis. Nam ornare justo condimentum turpis vehicula aliquam. Nunc ultrices erat id justo rhoncus lacinia.</p><p data-block-key=\\"db0cm\\">Ut accumsan ex vel turpis scelerisque, non suscipit neque suscipit. Curabitur volutpat ac risus feugiat aliquam. In imperdiet non lacus vel mattis. Quisque laoreet diam vel eros faucibus, quis tristique mauris sodales. Integer ornare ac ipsum sit amet eleifend. Interdum et malesuada fames ac ante ipsum primis in faucibus. Etiam non arcu sit amet sapien bibendum viverra. Donec in felis nec purus bibendum rhoncus.</p>", "blog_page": 18, "comments": []}	\N	20	1
7	f	2021-10-26 10:09:41.550945+00	{"pk": 14, "path": "0001000200010002", "depth": 4, "numchild": 0, "translation_key": "c6ee0c1a-1ef9-43b1-99e4-f0d6ab8c0b16", "locale": 1, "title": "BREAKING: Orange is the best colour", "draft_title": "BREAKING: Orange is the best colour", "slug": "breaking-orange-is-the-best-colour", "content_type": 10, "live": true, "has_unpublished_changes": false, "url_path": "/the-orange-brand-site/the-orange-blog/breaking-orange-is-the-best-colour/", "owner": 1, "seo_title": "", "show_in_menus": false, "search_description": "", "go_live_at": null, "expire_at": null, "expired": false, "locked": false, "locked_at": null, "locked_by": null, "first_published_at": null, "last_published_at": null, "latest_revision_created_at": null, "live_revision": null, "alias_of": null, "header_image": 4, "body": "[{\\"type\\": \\"paragraph\\", \\"value\\": \\"<p data-block-key=\\\\\\"dytnp\\\\\\"> Lorem ipsum dolor sit amet, consectetur adipiscing elit. Suspendisse vitae viverra lorem, non consectetur quam. Quisque rhoncus egestas purus eget facilisis. Sed ut laoreet orci, eget rutrum ligula. Aliquam enim nunc, scelerisque ac laoreet dignissim, consectetur aliquet elit. Donec ut placerat eros, nec tempus purus. Morbi metus orci, cursus ut felis at, scelerisque vehicula neque.</p>\\", \\"id\\": \\"e27d4a11-c2bf-4a0d-bf97-76b0473efc76\\"}, {\\"type\\": \\"image_text\\", \\"value\\": {\\"reverse\\": false, \\"text\\": \\"<p data-block-key=\\\\\\"zy7ts\\\\\\"> Ut accumsan ex vel turpis scelerisque, non suscipit neque suscipit. Curabitur volutpat ac risus feugiat aliquam. In imperdiet non lacus vel mattis.  </p>\\", \\"image\\": 2}, \\"id\\": \\"a06e9b18-46c4-4865-aa30-dbb12c7a8da1\\"}, {\\"type\\": \\"cta\\", \\"value\\": {\\"title\\": \\"Click here to learn more\\", \\"text\\": \\"<p data-block-key=\\\\\\"lum23\\\\\\"> Quisque laoreet diam vel eros faucibus, quis tristique mauris sodales. Integer ornare ac ipsum sit amet eleifend. Interdum et malesuada fames ac ante ipsum primis in faucibus. Etiam non arcu sit amet sapien bibendum viverra. Donec in felis nec purus bibendum rhoncus. </p>\\", \\"button_page\\": null, \\"button_url\\": \\"http://www.google.co.uk\\", \\"button_text\\": \\"Learn More\\"}, \\"id\\": \\"1e4dc252-e08a-4eed-a7ae-cdeb5c52e679\\"}]", "comments": [], "categories": [{"pk": 3, "page": 14, "blog_category": 1}], "post_tags": [{"pk": 9, "tag": 3, "content_object": 14}, {"pk": 10, "tag": 5, "content_object": 14}, {"pk": 11, "tag": 6, "content_object": 14}]}	\N	14	1
8	f	2021-10-26 10:10:02.652606+00	{"pk": 14, "path": "0001000200010002", "depth": 4, "numchild": 0, "translation_key": "c6ee0c1a-1ef9-43b1-99e4-f0d6ab8c0b16", "locale": 1, "title": "BREAKING: Orange is the best colour", "draft_title": "BREAKING: Orange is the best colour", "slug": "breaking-orange-is-the-best-colour", "content_type": 10, "live": true, "has_unpublished_changes": false, "url_path": "/the-orange-brand-site/the-orange-blog/breaking-orange-is-the-best-colour/", "owner": 1, "seo_title": "", "show_in_menus": false, "search_description": "", "go_live_at": null, "expire_at": null, "expired": false, "locked": false, "locked_at": null, "locked_by": null, "first_published_at": "2021-10-26T10:09:41.572Z", "last_published_at": "2021-10-26T10:09:41.572Z", "latest_revision_created_at": "2021-10-26T10:09:41.550Z", "live_revision": 7, "alias_of": null, "header_image": 4, "body": "[{\\"type\\": \\"paragraph\\", \\"value\\": \\"<p data-block-key=\\\\\\"dytnp\\\\\\">Lorem ipsum dolor sit amet, consectetur adipiscing elit. Suspendisse vitae viverra lorem, non consectetur quam. Quisque rhoncus egestas purus eget facilisis. Sed ut laoreet orci, eget rutrum ligula. Aliquam enim nunc, scelerisque ac laoreet dignissim, consectetur aliquet elit. Donec ut placerat eros, nec tempus purus. Morbi metus orci, cursus ut felis at, scelerisque vehicula neque.</p>\\", \\"id\\": \\"e27d4a11-c2bf-4a0d-bf97-76b0473efc76\\"}, {\\"type\\": \\"image_text\\", \\"value\\": {\\"reverse\\": false, \\"text\\": \\"<p data-block-key=\\\\\\"zy7ts\\\\\\">Ut accumsan ex vel turpis scelerisque, non suscipit neque suscipit. Curabitur volutpat ac risus feugiat aliquam. In imperdiet non lacus vel mattis.</p>\\", \\"image\\": 2}, \\"id\\": \\"a06e9b18-46c4-4865-aa30-dbb12c7a8da1\\"}, {\\"type\\": \\"paragraph\\", \\"value\\": \\"<p data-block-key=\\\\\\"b0qli\\\\\\"> </p><p data-block-key=\\\\\\"87s0g\\\\\\">Vivamus ut luctus magna. Quisque eget malesuada urna. Suspendisse viverra, libero ac tempus convallis, ante eros auctor metus, sit amet finibus tellus ipsum id neque. Ut porta, ipsum non fermentum consectetur, velit dui commodo turpis, in facilisis ante justo non neque. Donec consequat, libero id sodales volutpat, dui arcu laoreet enim, ut dictum arcu purus at mauris. Fusce urna arcu, vulputate at arcu ac, cursus lobortis lacus. Aliquam sed ultricies leo, a consectetur nisl. Cras pharetra posuere laoreet. Aliquam at tristique odio. Cras iaculis, lacus eu congue rutrum, augue ligula convallis ipsum, eu pharetra neque dui quis diam. Ut non massa suscipit, euismod risus a, suscipit lorem. Vivamus in lacus nec nisi sodales viverra. Nunc quis lobortis libero.</p><p data-block-key=\\\\\\"50al\\\\\\">Fusce pulvinar faucibus faucibus. Nam sollicitudin sit amet magna vitae porta. Donec semper erat in pharetra blandit. Curabitur vehicula augue eget ipsum rutrum, id hendrerit ipsum molestie. Suspendisse aliquet orci eu ultrices placerat. Proin sed tincidunt felis. Nam ornare justo condimentum turpis vehicula aliquam. Nunc ultrices erat id justo rhoncus lacinia.</p>\\", \\"id\\": \\"4f7937a6-d95a-44b1-9126-0f128f6b2ab8\\"}, {\\"type\\": \\"cta\\", \\"value\\": {\\"title\\": \\"Click here to learn more\\", \\"text\\": \\"<p data-block-key=\\\\\\"lum23\\\\\\">Quisque laoreet diam vel eros faucibus, quis tristique mauris sodales. Integer ornare ac ipsum sit amet eleifend. Interdum et malesuada fames ac ante ipsum primis in faucibus. Etiam non arcu sit amet sapien bibendum viverra. Donec in felis nec purus bibendum rhoncus.</p>\\", \\"button_page\\": null, \\"button_url\\": \\"http://www.google.co.uk\\", \\"button_text\\": \\"Learn More\\"}, \\"id\\": \\"1e4dc252-e08a-4eed-a7ae-cdeb5c52e679\\"}]", "comments": [], "categories": [{"pk": 3, "page": 14, "blog_category": 1}], "post_tags": [{"pk": null, "tag": 3, "content_object": 14}, {"pk": null, "tag": 5, "content_object": 14}, {"pk": null, "tag": 6, "content_object": 14}]}	\N	14	1
9	f	2021-10-26 10:11:11.043575+00	{"pk": 16, "path": "0001000200010003", "depth": 4, "numchild": 0, "translation_key": "ce9a4382-2e17-4d11-9012-e8d35b8e5f62", "locale": 1, "title": "What is orange?", "draft_title": "What is orange?", "slug": "what-is-orange", "content_type": 10, "live": true, "has_unpublished_changes": false, "url_path": "/the-orange-brand-site/the-orange-blog/what-is-orange/", "owner": 1, "seo_title": "", "show_in_menus": false, "search_description": "", "go_live_at": null, "expire_at": null, "expired": false, "locked": false, "locked_at": null, "locked_by": null, "first_published_at": null, "last_published_at": null, "latest_revision_created_at": null, "live_revision": null, "alias_of": null, "header_image": 3, "body": "[{\\"type\\": \\"paragraph\\", \\"value\\": \\"<p data-block-key=\\\\\\"frhev\\\\\\"> </p><p data-block-key=\\\\\\"4a71p\\\\\\">Vivamus ut luctus magna. Quisque eget malesuada urna. Suspendisse viverra, libero ac tempus convallis, ante eros auctor metus, sit amet finibus tellus ipsum id neque. Ut porta, ipsum non fermentum consectetur, velit dui commodo turpis, in facilisis ante justo non neque. Donec consequat, libero id sodales volutpat, dui arcu laoreet enim, ut dictum arcu purus at mauris. Fusce urna arcu, vulputate at arcu ac, cursus lobortis lacus. Aliquam sed ultricies leo, a consectetur nisl. Cras pharetra posuere laoreet. Aliquam at tristique odio. Cras iaculis, lacus eu congue rutrum, augue ligula convallis ipsum, eu pharetra neque dui quis diam. Ut non massa suscipit, euismod risus a, suscipit lorem. Vivamus in lacus nec nisi sodales viverra. Nunc quis lobortis libero.</p><p data-block-key=\\\\\\"8c2nb\\\\\\">Fusce pulvinar faucibus faucibus. Nam sollicitudin sit amet magna vitae porta. Donec semper erat in pharetra blandit. Curabitur vehicula augue eget ipsum rutrum, id hendrerit ipsum molestie. Suspendisse aliquet orci eu ultrices placerat. Proin sed tincidunt felis. Nam ornare justo condimentum turpis vehicula aliquam. Nunc ultrices erat id justo rhoncus lacinia.</p><p data-block-key=\\\\\\"23ht7\\\\\\">Ut accumsan ex vel turpis scelerisque, non suscipit neque suscipit. Curabitur volutpat ac risus feugiat aliquam. In imperdiet non lacus vel mattis. Quisque laoreet diam vel eros faucibus, quis tristique mauris sodales. Integer ornare ac ipsum sit amet eleifend. Interdum et malesuada fames ac ante ipsum primis in faucibus. Etiam non arcu sit amet sapien bibendum viverra. Donec in felis nec purus bibendum rhoncus.</p><p data-block-key=\\\\\\"3s0b9\\\\\\">Cras sagittis interdum sem volutpat tristique. Nam quis mauris dolor. Nam ornare sed justo ac finibus. Curabitur lorem sem, fermentum quis neque id, vehicula varius nisi. Quisque in ultricies urna. Nam vitae sapien vulputate turpis pretium aliquam eu ac nisl. Duis nulla risus, varius in dui vitae, tempus interdum magna. Donec id feugiat est. Vestibulum finibus massa eu ante gravida, rhoncus blandit eros elementum. Integer mattis suscipit risus sed varius. Integer sit amet consequat diam. Aliquam dignissim mauris metus, vehicula eleifend turpis maximus sed. Quisque rhoncus tincidunt ante et pretium. Sed dolor nibh, ultrices tristique sem nec, suscipit ornare tellus.</p><p data-block-key=\\\\\\"7d628\\\\\\">Mauris faucibus blandit dui, vel rhoncus lectus mattis quis. Donec et tincidunt elit. Vestibulum a iaculis nulla. Morbi eget consectetur nunc, nec ultricies dolor. Nullam ultrices in sapien ut tincidunt. Phasellus a diam ex. Nunc sed lobortis massa. Proin ultrices risus vel neque condimentum, sed pulvinar erat varius. Phasellus at risus eu nisl iaculis ultricies at in erat. Phasellus imperdiet mauris neque, non viverra velit accumsan et. Ut porttitor, lacus a fermentum tristique, nisl dolor aliquet est, non vehicula ligula enim non nisi. Vestibulum sed facilisis tellus, vitae luctus turpis. Pellentesque dapibus volutpat finibus.</p><p data-block-key=\\\\\\"8dsov\\\\\\">Fusce purus ligula, convallis quis ante tincidunt, maximus feugiat sapien. Aenean leo augue, congue non sem eget, convallis auctor arcu. Suspendisse ac ullamcorper risus. Nulla varius mauris vel pharetra imperdiet. Vestibulum ullamcorper, risus et ultricies molestie, magna sem rhoncus metus, sed ullamcorper purus nisl ut est. Sed vitae tortor elementum, pretium ipsum a, scelerisque libero. Nunc a metus ex. Nullam semper pulvinar libero non venenatis. Donec vel elit volutpat, viverra tellus et, fermentum justo. Aliquam purus elit, condimentum non dictum id, tincidunt sed massa.</p><p data-block-key=\\\\\\"1t5u9\\\\\\">Aliquam massa nulla, tincidunt id massa sit amet, pulvinar rutrum massa. Nulla eget est elementum, convallis risus vitae, scelerisque nibh. Vestibulum ante ipsum primis in faucibus orci luctus et ultrices posuere cubilia curae; Fusce pellentesque ante non justo consectetur imperdiet. Cras a ornare velit. Nulla bibendum elementum nunc in auctor. Integer dui erat, dignissim a tellus non, tincidunt tempor lectus. In lacinia mauris nec diam sollicitudin, at condimentum nunc tincidunt. Lorem ipsum dolor sit amet, consectetur adipiscing elit. Etiam ultricies est id tincidunt gravida. Curabitur iaculis purus neque, non sollicitudin orci viverra sed.</p>\\", \\"id\\": \\"ecdf7e32-1404-4cc3-b5e6-aa398817d5cc\\"}]", "comments": [], "categories": [{"pk": 6, "page": 16, "blog_category": 1}], "post_tags": [{"pk": 21, "tag": 8, "content_object": 16}, {"pk": 22, "tag": 3, "content_object": 16}, {"pk": 23, "tag": 7, "content_object": 16}]}	\N	16	1
10	f	2021-10-26 10:11:21.097423+00	{"pk": 16, "path": "0001000200010003", "depth": 4, "numchild": 0, "translation_key": "ce9a4382-2e17-4d11-9012-e8d35b8e5f62", "locale": 1, "title": "What is Orange?", "draft_title": "What is orange?", "slug": "what-is-orange", "content_type": 10, "live": true, "has_unpublished_changes": false, "url_path": "/the-orange-brand-site/the-orange-blog/what-is-orange/", "owner": 1, "seo_title": "", "show_in_menus": false, "search_description": "", "go_live_at": null, "expire_at": null, "expired": false, "locked": false, "locked_at": null, "locked_by": null, "first_published_at": "2021-10-26T10:11:11.062Z", "last_published_at": "2021-10-26T10:11:11.062Z", "latest_revision_created_at": "2021-10-26T10:11:11.043Z", "live_revision": 9, "alias_of": null, "header_image": 3, "body": "[{\\"type\\": \\"paragraph\\", \\"value\\": \\"<p data-block-key=\\\\\\"frhev\\\\\\"></p><p data-block-key=\\\\\\"4a71p\\\\\\">Vivamus ut luctus magna. Quisque eget malesuada urna. Suspendisse viverra, libero ac tempus convallis, ante eros auctor metus, sit amet finibus tellus ipsum id neque. Ut porta, ipsum non fermentum consectetur, velit dui commodo turpis, in facilisis ante justo non neque. Donec consequat, libero id sodales volutpat, dui arcu laoreet enim, ut dictum arcu purus at mauris. Fusce urna arcu, vulputate at arcu ac, cursus lobortis lacus. Aliquam sed ultricies leo, a consectetur nisl. Cras pharetra posuere laoreet. Aliquam at tristique odio. Cras iaculis, lacus eu congue rutrum, augue ligula convallis ipsum, eu pharetra neque dui quis diam. Ut non massa suscipit, euismod risus a, suscipit lorem. Vivamus in lacus nec nisi sodales viverra. Nunc quis lobortis libero.</p><p data-block-key=\\\\\\"8c2nb\\\\\\">Fusce pulvinar faucibus faucibus. Nam sollicitudin sit amet magna vitae porta. Donec semper erat in pharetra blandit. Curabitur vehicula augue eget ipsum rutrum, id hendrerit ipsum molestie. Suspendisse aliquet orci eu ultrices placerat. Proin sed tincidunt felis. Nam ornare justo condimentum turpis vehicula aliquam. Nunc ultrices erat id justo rhoncus lacinia.</p><p data-block-key=\\\\\\"23ht7\\\\\\">Ut accumsan ex vel turpis scelerisque, non suscipit neque suscipit. Curabitur volutpat ac risus feugiat aliquam. In imperdiet non lacus vel mattis. Quisque laoreet diam vel eros faucibus, quis tristique mauris sodales. Integer ornare ac ipsum sit amet eleifend. Interdum et malesuada fames ac ante ipsum primis in faucibus. Etiam non arcu sit amet sapien bibendum viverra. Donec in felis nec purus bibendum rhoncus.</p><p data-block-key=\\\\\\"3s0b9\\\\\\">Cras sagittis interdum sem volutpat tristique. Nam quis mauris dolor. Nam ornare sed justo ac finibus. Curabitur lorem sem, fermentum quis neque id, vehicula varius nisi. Quisque in ultricies urna. Nam vitae sapien vulputate turpis pretium aliquam eu ac nisl. Duis nulla risus, varius in dui vitae, tempus interdum magna. Donec id feugiat est. Vestibulum finibus massa eu ante gravida, rhoncus blandit eros elementum. Integer mattis suscipit risus sed varius. Integer sit amet consequat diam. Aliquam dignissim mauris metus, vehicula eleifend turpis maximus sed. Quisque rhoncus tincidunt ante et pretium. Sed dolor nibh, ultrices tristique sem nec, suscipit ornare tellus.</p><p data-block-key=\\\\\\"7d628\\\\\\">Mauris faucibus blandit dui, vel rhoncus lectus mattis quis. Donec et tincidunt elit. Vestibulum a iaculis nulla. Morbi eget consectetur nunc, nec ultricies dolor. Nullam ultrices in sapien ut tincidunt. Phasellus a diam ex. Nunc sed lobortis massa. Proin ultrices risus vel neque condimentum, sed pulvinar erat varius. Phasellus at risus eu nisl iaculis ultricies at in erat. Phasellus imperdiet mauris neque, non viverra velit accumsan et. Ut porttitor, lacus a fermentum tristique, nisl dolor aliquet est, non vehicula ligula enim non nisi. Vestibulum sed facilisis tellus, vitae luctus turpis. Pellentesque dapibus volutpat finibus.</p><p data-block-key=\\\\\\"8dsov\\\\\\">Fusce purus ligula, convallis quis ante tincidunt, maximus feugiat sapien. Aenean leo augue, congue non sem eget, convallis auctor arcu. Suspendisse ac ullamcorper risus. Nulla varius mauris vel pharetra imperdiet. Vestibulum ullamcorper, risus et ultricies molestie, magna sem rhoncus metus, sed ullamcorper purus nisl ut est. Sed vitae tortor elementum, pretium ipsum a, scelerisque libero. Nunc a metus ex. Nullam semper pulvinar libero non venenatis. Donec vel elit volutpat, viverra tellus et, fermentum justo. Aliquam purus elit, condimentum non dictum id, tincidunt sed massa.</p><p data-block-key=\\\\\\"1t5u9\\\\\\">Aliquam massa nulla, tincidunt id massa sit amet, pulvinar rutrum massa. Nulla eget est elementum, convallis risus vitae, scelerisque nibh. Vestibulum ante ipsum primis in faucibus orci luctus et ultrices posuere cubilia curae; Fusce pellentesque ante non justo consectetur imperdiet. Cras a ornare velit. Nulla bibendum elementum nunc in auctor. Integer dui erat, dignissim a tellus non, tincidunt tempor lectus. In lacinia mauris nec diam sollicitudin, at condimentum nunc tincidunt. Lorem ipsum dolor sit amet, consectetur adipiscing elit. Etiam ultricies est id tincidunt gravida. Curabitur iaculis purus neque, non sollicitudin orci viverra sed.</p>\\", \\"id\\": \\"ecdf7e32-1404-4cc3-b5e6-aa398817d5cc\\"}]", "comments": [], "categories": [{"pk": 6, "page": 16, "blog_category": 1}], "post_tags": [{"pk": null, "tag": 8, "content_object": 16}, {"pk": null, "tag": 3, "content_object": 16}, {"pk": null, "tag": 7, "content_object": 16}]}	\N	16	1
2	f	2021-10-26 09:45:25.399444+00	{"pk": 5, "path": "00010003", "depth": 2, "numchild": 0, "translation_key": "b1f47983-f10d-4bbd-b247-24d138b2e06d", "locale": 1, "title": "The Yellow Brand Site", "draft_title": "The Yellow Brand Site", "slug": "the-yellow-brand-site", "content_type": 15, "live": true, "has_unpublished_changes": false, "url_path": "/the-yellow-brand-site/", "owner": 1, "seo_title": "", "show_in_menus": false, "search_description": "", "go_live_at": null, "expire_at": null, "expired": false, "locked": false, "locked_at": null, "locked_by": null, "first_published_at": null, "last_published_at": null, "latest_revision_created_at": null, "live_revision": null, "alias_of": null, "main": "<p data-block-key=\\"4we3h\\"> </p><p data-block-key=\\"uqhs\\">Fusce purus ligula, convallis quis ante tincidunt, maximus feugiat sapien. Aenean leo augue, congue non sem eget, convallis auctor arcu. Suspendisse ac ullamcorper risus. Nulla varius mauris vel pharetra imperdiet. Vestibulum ullamcorper, risus et ultricies molestie, magna sem rhoncus metus, sed ullamcorper purus nisl ut est. Sed vitae tortor elementum, pretium ipsum a, scelerisque libero. Nunc a metus ex. Nullam semper pulvinar libero non venenatis. Donec vel elit volutpat, viverra tellus et, fermentum justo. Aliquam purus elit, condimentum non dictum id, tincidunt sed massa.</p><p data-block-key=\\"d747s\\">Aliquam massa nulla, tincidunt id massa sit amet, pulvinar rutrum massa. Nulla eget est elementum, convallis risus vitae, scelerisque nibh. Vestibulum ante ipsum primis in faucibus orci luctus et ultrices posuere cubilia curae; Fusce pellentesque ante non justo consectetur imperdiet. Cras a ornare velit. Nulla bibendum elementum nunc in auctor. Integer dui erat, dignissim a tellus non, tincidunt tempor lectus. In lacinia mauris nec diam sollicitudin, at condimentum nunc tincidunt. Lorem ipsum dolor sit amet, consectetur adipiscing elit. Etiam ultricies est id tincidunt gravida. Curabitur iaculis purus neque, non sollicitudin orci viverra sed.</p><p data-block-key=\\"e8mlq\\">Donec ac justo eu nunc tristique ultrices vel at sem. Donec eu porttitor erat, quis volutpat risus. Nullam arcu enim, convallis eu risus scelerisque, feugiat pulvinar dolor. Maecenas et pharetra quam. Praesent sagittis mattis urna ac ultricies. In sit amet nunc ipsum. Donec sit amet consectetur mauris, vel congue lectus. Vivamus vel hendrerit purus. Cras sed nisi mauris.</p>", "logo": 1, "blog_page": null, "about_page": null, "comments": []}	\N	5	1
13	f	2021-10-26 10:13:35.580372+00	{"pk": 5, "path": "00010003", "depth": 2, "numchild": 2, "translation_key": "b1f47983-f10d-4bbd-b247-24d138b2e06d", "locale": 1, "title": "The Yellow Brand Site", "draft_title": "The Yellow Brand Site", "slug": "the-yellow-brand-site", "content_type": 15, "live": true, "has_unpublished_changes": false, "url_path": "/the-yellow-brand-site/", "owner": 1, "seo_title": "", "show_in_menus": false, "search_description": "", "go_live_at": null, "expire_at": null, "expired": false, "locked": false, "locked_at": null, "locked_by": null, "first_published_at": "2021-10-26T09:45:25.412Z", "last_published_at": "2021-10-26T09:45:25.412Z", "latest_revision_created_at": "2021-10-26T09:45:25.399Z", "live_revision": 2, "alias_of": null, "main": "<p data-block-key=\\"4we3h\\"></p><p data-block-key=\\"uqhs\\">Fusce purus ligula, convallis quis ante tincidunt, maximus feugiat sapien. Aenean leo augue, congue non sem eget, convallis auctor arcu. Suspendisse ac ullamcorper risus. Nulla varius mauris vel pharetra imperdiet. Vestibulum ullamcorper, risus et ultricies molestie, magna sem rhoncus metus, sed ullamcorper purus nisl ut est. Sed vitae tortor elementum, pretium ipsum a, scelerisque libero. Nunc a metus ex. Nullam semper pulvinar libero non venenatis. Donec vel elit volutpat, viverra tellus et, fermentum justo. Aliquam purus elit, condimentum non dictum id, tincidunt sed massa.</p><p data-block-key=\\"d747s\\">Aliquam massa nulla, tincidunt id massa sit amet, pulvinar rutrum massa. Nulla eget est elementum, convallis risus vitae, scelerisque nibh. Vestibulum ante ipsum primis in faucibus orci luctus et ultrices posuere cubilia curae; Fusce pellentesque ante non justo consectetur imperdiet. Cras a ornare velit. Nulla bibendum elementum nunc in auctor. Integer dui erat, dignissim a tellus non, tincidunt tempor lectus. In lacinia mauris nec diam sollicitudin, at condimentum nunc tincidunt. Lorem ipsum dolor sit amet, consectetur adipiscing elit. Etiam ultricies est id tincidunt gravida. Curabitur iaculis purus neque, non sollicitudin orci viverra sed.</p><p data-block-key=\\"e8mlq\\">Donec ac justo eu nunc tristique ultrices vel at sem. Donec eu porttitor erat, quis volutpat risus. Nullam arcu enim, convallis eu risus scelerisque, feugiat pulvinar dolor. Maecenas et pharetra quam. Praesent sagittis mattis urna ac ultricies. In sit amet nunc ipsum. Donec sit amet consectetur mauris, vel congue lectus. Vivamus vel hendrerit purus. Cras sed nisi mauris.</p>", "logo": 1, "blog_page": 18, "about_page": 20, "comments": []}	\N	5	1
14	f	2021-10-26 10:14:08.40956+00	{"pk": 6, "path": "00010004", "depth": 2, "numchild": 2, "translation_key": "8358167b-53f2-491c-81b9-01fd57deb8ac", "locale": 2, "title": "The Orange Brand Site", "draft_title": "The Orange Brand Site", "slug": "the-orange-brand-site", "content_type": 15, "live": true, "has_unpublished_changes": false, "url_path": "/the-orange-brand-site-de/", "owner": 1, "seo_title": "", "show_in_menus": false, "search_description": "", "go_live_at": null, "expire_at": null, "expired": false, "locked": false, "locked_at": null, "locked_by": null, "first_published_at": "2021-10-26T09:44:42.342Z", "last_published_at": "2021-10-26T09:44:42.342Z", "latest_revision_created_at": "2021-10-26T09:58:26.515Z", "live_revision": 1, "alias_of": null, "main": "<p data-block-key=\\"ymfub\\"></p><p data-block-key=\\"7pggk\\">Cras sagittis interdum sem volutpat tristique. Nam quis mauris dolor. Nam ornare sed justo ac finibus. Curabitur lorem sem, fermentum quis neque id, vehicula varius nisi. Quisque in ultricies urna. Nam vitae sapien vulputate turpis pretium aliquam eu ac nisl. Duis nulla risus, varius in dui vitae, tempus interdum magna. Donec id feugiat est. Vestibulum finibus massa eu ante gravida, rhoncus blandit eros elementum. Integer mattis suscipit risus sed varius. Integer sit amet consequat diam. Aliquam dignissim mauris metus, vehicula eleifend turpis maximus sed. Quisque rhoncus tincidunt ante et pretium. Sed dolor nibh, ultrices tristique sem nec, suscipit ornare tellus.</p><p data-block-key=\\"n7rs\\">Mauris faucibus blandit dui, vel rhoncus lectus mattis quis. Donec et tincidunt elit. Vestibulum a iaculis nulla. Morbi eget consectetur nunc, nec ultricies dolor. Nullam ultrices in sapien ut tincidunt. Phasellus a diam ex. Nunc sed lobortis massa. Proin ultrices risus vel neque condimentum, sed pulvinar erat varius. Phasellus at risus eu nisl iaculis ultricies at in erat. Phasellus imperdiet mauris neque, non viverra velit accumsan et. Ut porttitor, lacus a fermentum tristique, nisl dolor aliquet est, non vehicula ligula enim non nisi. Vestibulum sed facilisis tellus, vitae luctus turpis. Pellentesque dapibus volutpat finibus.</p>", "logo": 1, "blog_page": 8, "about_page": 10, "comments": []}	\N	6	1
15	f	2021-10-26 10:14:08.433814+00	{"pk": 6, "path": "00010004", "depth": 2, "numchild": 2, "translation_key": "8358167b-53f2-491c-81b9-01fd57deb8ac", "locale": 2, "title": "The Orange Brand Site", "draft_title": "The Orange Brand Site", "slug": "the-orange-brand-site-1", "content_type": 15, "live": true, "has_unpublished_changes": false, "url_path": "/the-orange-brand-site-1/", "owner": 1, "seo_title": "", "show_in_menus": false, "search_description": "", "go_live_at": null, "expire_at": null, "expired": false, "locked": false, "locked_at": null, "locked_by": null, "first_published_at": "2021-10-26T09:44:42.342Z", "last_published_at": "2021-10-26T09:44:42.342Z", "latest_revision_created_at": "2021-10-26T10:14:08.409Z", "live_revision": 1, "alias_of": null, "main": "<p data-block-key=\\"ymfub\\"></p><p data-block-key=\\"7pggk\\">Cras sagittis interdum sem volutpat tristique. Nam quis mauris dolor. Nam ornare sed justo ac finibus. Curabitur lorem sem, fermentum quis neque id, vehicula varius nisi. Quisque in ultricies urna. Nam vitae sapien vulputate turpis pretium aliquam eu ac nisl. Duis nulla risus, varius in dui vitae, tempus interdum magna. Donec id feugiat est. Vestibulum finibus massa eu ante gravida, rhoncus blandit eros elementum. Integer mattis suscipit risus sed varius. Integer sit amet consequat diam. Aliquam dignissim mauris metus, vehicula eleifend turpis maximus sed. Quisque rhoncus tincidunt ante et pretium. Sed dolor nibh, ultrices tristique sem nec, suscipit ornare tellus.</p><p data-block-key=\\"n7rs\\">Mauris faucibus blandit dui, vel rhoncus lectus mattis quis. Donec et tincidunt elit. Vestibulum a iaculis nulla. Morbi eget consectetur nunc, nec ultricies dolor. Nullam ultrices in sapien ut tincidunt. Phasellus a diam ex. Nunc sed lobortis massa. Proin ultrices risus vel neque condimentum, sed pulvinar erat varius. Phasellus at risus eu nisl iaculis ultricies at in erat. Phasellus imperdiet mauris neque, non viverra velit accumsan et. Ut porttitor, lacus a fermentum tristique, nisl dolor aliquet est, non vehicula ligula enim non nisi. Vestibulum sed facilisis tellus, vitae luctus turpis. Pellentesque dapibus volutpat finibus.</p>", "logo": 1, "blog_page": 8, "about_page": 10, "comments": []}	\N	6	1
16	f	2021-10-26 10:14:50.831312+00	{"pk": 7, "path": "00010005", "depth": 2, "numchild": 2, "translation_key": "b1f47983-f10d-4bbd-b247-24d138b2e06d", "locale": 2, "title": "The Yellow Brand Site", "draft_title": "The Yellow Brand Site", "slug": "the-yellow-brand-site", "content_type": 15, "live": true, "has_unpublished_changes": false, "url_path": "/the-yellow-brand-site-de/", "owner": 1, "seo_title": "", "show_in_menus": false, "search_description": "", "go_live_at": null, "expire_at": null, "expired": false, "locked": false, "locked_at": null, "locked_by": null, "first_published_at": "2021-10-26T09:45:25.412Z", "last_published_at": "2021-10-26T09:45:25.412Z", "latest_revision_created_at": "2021-10-26T10:13:35.580Z", "live_revision": 2, "alias_of": null, "main": "<p data-block-key=\\"4we3h\\"></p><p data-block-key=\\"uqhs\\">Fusce purus ligula, convallis quis ante tincidunt, maximus feugiat sapien. Aenean leo augue, congue non sem eget, convallis auctor arcu. Suspendisse ac ullamcorper risus. Nulla varius mauris vel pharetra imperdiet. Vestibulum ullamcorper, risus et ultricies molestie, magna sem rhoncus metus, sed ullamcorper purus nisl ut est. Sed vitae tortor elementum, pretium ipsum a, scelerisque libero. Nunc a metus ex. Nullam semper pulvinar libero non venenatis. Donec vel elit volutpat, viverra tellus et, fermentum justo. Aliquam purus elit, condimentum non dictum id, tincidunt sed massa.</p><p data-block-key=\\"d747s\\">Aliquam massa nulla, tincidunt id massa sit amet, pulvinar rutrum massa. Nulla eget est elementum, convallis risus vitae, scelerisque nibh. Vestibulum ante ipsum primis in faucibus orci luctus et ultrices posuere cubilia curae; Fusce pellentesque ante non justo consectetur imperdiet. Cras a ornare velit. Nulla bibendum elementum nunc in auctor. Integer dui erat, dignissim a tellus non, tincidunt tempor lectus. In lacinia mauris nec diam sollicitudin, at condimentum nunc tincidunt. Lorem ipsum dolor sit amet, consectetur adipiscing elit. Etiam ultricies est id tincidunt gravida. Curabitur iaculis purus neque, non sollicitudin orci viverra sed.</p><p data-block-key=\\"e8mlq\\">Donec ac justo eu nunc tristique ultrices vel at sem. Donec eu porttitor erat, quis volutpat risus. Nullam arcu enim, convallis eu risus scelerisque, feugiat pulvinar dolor. Maecenas et pharetra quam. Praesent sagittis mattis urna ac ultricies. In sit amet nunc ipsum. Donec sit amet consectetur mauris, vel congue lectus. Vivamus vel hendrerit purus. Cras sed nisi mauris.</p>", "logo": 1, "blog_page": 18, "about_page": 20, "comments": []}	\N	7	1
17	f	2021-10-26 10:14:50.867579+00	{"pk": 7, "path": "00010005", "depth": 2, "numchild": 2, "translation_key": "b1f47983-f10d-4bbd-b247-24d138b2e06d", "locale": 2, "title": "The Yellow Brand Site", "draft_title": "The Yellow Brand Site", "slug": "the-yellow-brand-site-1", "content_type": 15, "live": true, "has_unpublished_changes": false, "url_path": "/the-yellow-brand-site-1/", "owner": 1, "seo_title": "", "show_in_menus": false, "search_description": "", "go_live_at": null, "expire_at": null, "expired": false, "locked": false, "locked_at": null, "locked_by": null, "first_published_at": "2021-10-26T09:45:25.412Z", "last_published_at": "2021-10-26T09:45:25.412Z", "latest_revision_created_at": "2021-10-26T10:14:50.831Z", "live_revision": 2, "alias_of": null, "main": "<p data-block-key=\\"4we3h\\"></p><p data-block-key=\\"uqhs\\">Fusce purus ligula, convallis quis ante tincidunt, maximus feugiat sapien. Aenean leo augue, congue non sem eget, convallis auctor arcu. Suspendisse ac ullamcorper risus. Nulla varius mauris vel pharetra imperdiet. Vestibulum ullamcorper, risus et ultricies molestie, magna sem rhoncus metus, sed ullamcorper purus nisl ut est. Sed vitae tortor elementum, pretium ipsum a, scelerisque libero. Nunc a metus ex. Nullam semper pulvinar libero non venenatis. Donec vel elit volutpat, viverra tellus et, fermentum justo. Aliquam purus elit, condimentum non dictum id, tincidunt sed massa.</p><p data-block-key=\\"d747s\\">Aliquam massa nulla, tincidunt id massa sit amet, pulvinar rutrum massa. Nulla eget est elementum, convallis risus vitae, scelerisque nibh. Vestibulum ante ipsum primis in faucibus orci luctus et ultrices posuere cubilia curae; Fusce pellentesque ante non justo consectetur imperdiet. Cras a ornare velit. Nulla bibendum elementum nunc in auctor. Integer dui erat, dignissim a tellus non, tincidunt tempor lectus. In lacinia mauris nec diam sollicitudin, at condimentum nunc tincidunt. Lorem ipsum dolor sit amet, consectetur adipiscing elit. Etiam ultricies est id tincidunt gravida. Curabitur iaculis purus neque, non sollicitudin orci viverra sed.</p><p data-block-key=\\"e8mlq\\">Donec ac justo eu nunc tristique ultrices vel at sem. Donec eu porttitor erat, quis volutpat risus. Nullam arcu enim, convallis eu risus scelerisque, feugiat pulvinar dolor. Maecenas et pharetra quam. Praesent sagittis mattis urna ac ultricies. In sit amet nunc ipsum. Donec sit amet consectetur mauris, vel congue lectus. Vivamus vel hendrerit purus. Cras sed nisi mauris.</p>", "logo": 1, "blog_page": 18, "about_page": 20, "comments": []}	\N	7	1
18	f	2021-10-26 10:17:11.383575+00	{"pk": 22, "path": "0001000300010001", "depth": 4, "numchild": 0, "translation_key": "25d791ba-ef04-42df-83a1-c473055d51a2", "locale": 1, "title": "Yellow facts you need to know", "draft_title": "Yellow facts you need to know", "slug": "yellow-facts-you-need-to-know", "content_type": 10, "live": true, "has_unpublished_changes": false, "url_path": "/the-yellow-brand-site/the-yellow-blog/yellow-facts-you-need-to-know/", "owner": 1, "seo_title": "", "show_in_menus": false, "search_description": "", "go_live_at": null, "expire_at": null, "expired": false, "locked": false, "locked_at": null, "locked_by": null, "first_published_at": null, "last_published_at": null, "latest_revision_created_at": null, "live_revision": null, "alias_of": null, "header_image": 5, "body": "[{\\"type\\": \\"paragraph\\", \\"value\\": \\"<p data-block-key=\\\\\\"9xq74\\\\\\"> </p><p data-block-key=\\\\\\"bf31e\\\\\\">Fusce pulvinar faucibus faucibus. Nam sollicitudin sit amet magna vitae porta. Donec semper erat in pharetra blandit. Curabitur vehicula augue eget ipsum rutrum, id hendrerit ipsum molestie. Suspendisse aliquet orci eu ultrices placerat. Proin sed tincidunt felis. Nam ornare justo condimentum turpis vehicula aliquam. Nunc ultrices erat id justo rhoncus lacinia.</p><p data-block-key=\\\\\\"a3mqi\\\\\\">Ut accumsan ex vel turpis scelerisque, non suscipit neque suscipit. Curabitur volutpat ac risus feugiat aliquam. In imperdiet non lacus vel mattis. Quisque laoreet diam vel eros faucibus, quis tristique mauris sodales. Integer ornare ac ipsum sit amet eleifend. Interdum et malesuada fames ac ante ipsum primis in faucibus. Etiam non arcu sit amet sapien bibendum viverra. Donec in felis nec purus bibendum rhoncus.</p><p data-block-key=\\\\\\"dt1tn\\\\\\">Fusce pulvinar faucibus faucibus. Nam sollicitudin sit amet magna vitae porta. Donec semper erat in pharetra blandit. Curabitur vehicula augue eget ipsum rutrum, id hendrerit ipsum molestie. Suspendisse aliquet orci eu ultrices placerat. Proin sed tincidunt felis. Nam ornare justo condimentum turpis vehicula aliquam. Nunc ultrices erat id justo rhoncus lacinia.</p><p data-block-key=\\\\\\"bncm3\\\\\\">Ut accumsan ex vel turpis scelerisque, non suscipit neque suscipit. Curabitur volutpat ac risus feugiat aliquam. In imperdiet non lacus vel mattis. Quisque laoreet diam vel eros faucibus, quis tristique mauris sodales. Integer ornare ac ipsum sit amet eleifend. Interdum et malesuada fames ac ante ipsum primis in faucibus. Etiam non arcu sit amet sapien bibendum viverra. Donec in felis nec purus bibendum rhoncus.</p>\\", \\"id\\": \\"44c8cf8f-c74b-4128-ad0f-25e324dee065\\"}]", "comments": [], "categories": [{"pk": 9, "page": 22, "blog_category": 2}], "post_tags": [{"pk": 33, "tag": 9, "content_object": 22}, {"pk": 34, "tag": 10, "content_object": 22}, {"pk": 35, "tag": 11, "content_object": 22}, {"pk": 36, "tag": 4, "content_object": 22}]}	\N	22	1
19	f	2021-10-26 10:18:25.309378+00	{"pk": 24, "path": "0001000300010002", "depth": 4, "numchild": 0, "translation_key": "a2cb204b-1690-46d0-8c46-bcae28656946", "locale": 1, "title": "Yellow, what is it?", "draft_title": "Yellow, what is it?", "slug": "yellow-what-is-it", "content_type": 10, "live": true, "has_unpublished_changes": false, "url_path": "/the-yellow-brand-site/the-yellow-blog/yellow-what-is-it/", "owner": 1, "seo_title": "", "show_in_menus": false, "search_description": "", "go_live_at": null, "expire_at": null, "expired": false, "locked": false, "locked_at": null, "locked_by": null, "first_published_at": null, "last_published_at": null, "latest_revision_created_at": null, "live_revision": null, "alias_of": null, "header_image": 6, "body": "[{\\"type\\": \\"paragraph\\", \\"value\\": \\"<p data-block-key=\\\\\\"m7b29\\\\\\"> </p><p data-block-key=\\\\\\"3ha6e\\\\\\">Fusce pulvinar faucibus faucibus. Nam sollicitudin sit amet magna vitae porta. Donec semper erat in pharetra blandit. Curabitur vehicula augue eget ipsum rutrum, id hendrerit ipsum molestie. Suspendisse aliquet orci eu ultrices placerat. Proin sed tincidunt felis. Nam ornare justo condimentum turpis vehicula aliquam. Nunc ultrices erat id justo rhoncus lacinia.</p><p data-block-key=\\\\\\"kpbb\\\\\\">Ut accumsan ex vel turpis scelerisque, non suscipit neque suscipit. Curabitur volutpat ac risus feugiat aliquam. In imperdiet non lacus vel mattis. Quisque laoreet diam vel eros faucibus, quis tristique mauris sodales. Integer ornare ac ipsum sit amet eleifend. Interdum et malesuada fames ac ante ipsum primis in faucibus. Etiam non arcu sit amet sapien bibendum viverra. Donec in felis nec purus bibendum rhoncus.</p>\\", \\"id\\": \\"39e50431-d58e-43bc-b422-29cb26064bed\\"}, {\\"type\\": \\"image_carousel\\", \\"value\\": [7, 5, 6], \\"id\\": \\"a438a264-50b6-45a7-a1b9-af088a139871\\"}, {\\"type\\": \\"paragraph\\", \\"value\\": \\"<p data-block-key=\\\\\\"m7b29\\\\\\"> </p><p data-block-key=\\\\\\"bpmt9\\\\\\">Fusce pulvinar faucibus faucibus. Nam sollicitudin sit amet magna vitae porta. Donec semper erat in pharetra blandit. Curabitur vehicula augue eget ipsum rutrum, id hendrerit ipsum molestie. Suspendisse aliquet orci eu ultrices placerat. Proin sed tincidunt felis. Nam ornare justo condimentum turpis vehicula aliquam. Nunc ultrices erat id justo rhoncus lacinia.</p><p data-block-key=\\\\\\"btcp1\\\\\\">Ut accumsan ex vel turpis scelerisque, non suscipit neque suscipit. Curabitur volutpat ac risus feugiat aliquam. In imperdiet non lacus vel mattis. Quisque laoreet diam vel eros faucibus, quis tristique mauris sodales. Integer ornare ac ipsum sit amet eleifend. Interdum et malesuada fames ac ante ipsum primis in faucibus. Etiam non arcu sit amet sapien bibendum viverra. Donec in felis nec purus bibendum rhoncus.</p>\\", \\"id\\": \\"085d47ff-ff58-46ef-9c83-3a8461fab304\\"}]", "comments": [], "categories": [{"pk": 11, "page": 24, "blog_category": 2}], "post_tags": [{"pk": 41, "tag": 1, "content_object": 24}, {"pk": 42, "tag": 9, "content_object": 24}]}	\N	24	1
20	f	2021-10-26 10:20:10.966494+00	{"pk": 26, "path": "0001000300010003", "depth": 4, "numchild": 0, "translation_key": "767e699f-93d6-4016-80cb-7d552eb477ff", "locale": 1, "title": "Yellow things are great", "draft_title": "Yellow things are great", "slug": "yellow-things-are-great", "content_type": 10, "live": true, "has_unpublished_changes": false, "url_path": "/the-yellow-brand-site/the-yellow-blog/yellow-things-are-great/", "owner": 1, "seo_title": "", "show_in_menus": false, "search_description": "", "go_live_at": null, "expire_at": null, "expired": false, "locked": false, "locked_at": null, "locked_by": null, "first_published_at": null, "last_published_at": null, "latest_revision_created_at": null, "live_revision": null, "alias_of": null, "header_image": 7, "body": "[{\\"type\\": \\"paragraph\\", \\"value\\": \\"<p data-block-key=\\\\\\"6zrqu\\\\\\"> </p><p data-block-key=\\\\\\"44j8c\\\\\\">Fusce pulvinar faucibus faucibus. Nam sollicitudin sit amet magna vitae porta. Donec semper erat in pharetra blandit. Curabitur vehicula augue eget ipsum rutrum, id hendrerit ipsum molestie. Suspendisse aliquet orci eu ultrices placerat. Proin sed tincidunt felis. Nam ornare justo condimentum turpis vehicula aliquam. Nunc ultrices erat id justo rhoncus lacinia.</p><p data-block-key=\\\\\\"88j99\\\\\\">Ut accumsan ex vel turpis scelerisque, non suscipit neque suscipit. Curabitur volutpat ac risus feugiat aliquam. In imperdiet non lacus vel mattis. Quisque laoreet diam vel eros faucibus, quis tristique mauris sodales. Integer ornare ac ipsum sit amet eleifend. Interdum et malesuada fames ac ante ipsum primis in faucibus. Etiam non arcu sit amet sapien bibendum viverra. Donec in felis nec purus bibendum rhoncus.</p>\\", \\"id\\": \\"e954fddb-d073-4cc3-ad19-6882d7c4dd73\\"}, {\\"type\\": \\"image_text\\", \\"value\\": {\\"reverse\\": true, \\"text\\": \\"<p data-block-key=\\\\\\"p64qq\\\\\\"> </p><p data-block-key=\\\\\\"6h4d8\\\\\\">Integer ornare ac ipsum sit amet eleifend. Interdum et malesuada fames ac ante ipsum primis in faucibus. Etiam non arcu sit amet sapien bibendum viverra. Donec in felis nec purus bibendum rhoncus.</p>\\", \\"image\\": 6}, \\"id\\": \\"5dbb72f0-7c95-4d49-a110-3e8fb296cfea\\"}, {\\"type\\": \\"h2\\", \\"value\\": \\"Quisque vitae dolor ante. In vitae tortor a lorem\\", \\"id\\": \\"b55f3c1e-dd99-4fa3-aa21-ac07046d0b63\\"}, {\\"type\\": \\"paragraph\\", \\"value\\": \\"<p data-block-key=\\\\\\"6zrqu\\\\\\"> </p><p data-block-key=\\\\\\"4fsa9\\\\\\">Mauris faucibus blandit dui, vel rhoncus lectus mattis quis. Donec et tincidunt elit. Vestibulum a iaculis nulla. Morbi eget consectetur nunc, nec ultricies dolor. Nullam ultrices in sapien ut tincidunt. Phasellus a diam ex. Nunc sed lobortis massa. Proin ultrices risus vel neque condimentum, sed pulvinar erat varius. Phasellus at risus eu nisl iaculis ultricies at in erat. Phasellus imperdiet mauris neque, non viverra velit accumsan et. Ut porttitor, lacus a fermentum tristique, nisl dolor aliquet est, non vehicula ligula enim non nisi. Vestibulum sed facilisis tellus, vitae luctus turpis. Pellentesque dapibus volutpat finibus.</p><p data-block-key=\\\\\\"78jj0\\\\\\">Fusce purus ligula, convallis quis ante tincidunt, maximus feugiat sapien. Aenean leo augue, congue non sem eget, convallis auctor arcu. Suspendisse ac ullamcorper risus. Nulla varius mauris vel pharetra imperdiet. Vestibulum ullamcorper, risus et ultricies molestie, magna sem rhoncus metus, sed ullamcorper purus nisl ut est. Sed vitae tortor elementum, pretium ipsum a, scelerisque libero. Nunc a metus ex. Nullam semper pulvinar libero non venenatis. Donec vel elit volutpat, viverra tellus et, fermentum justo. Aliquam purus elit, condimentum non dictum id, tincidunt sed massa.</p><p data-block-key=\\\\\\"87a3p\\\\\\">Aliquam massa nulla, tincidunt id massa sit amet, pulvinar rutrum massa. Nulla eget est elementum, convallis risus vitae, scelerisque nibh. Vestibulum ante ipsum primis in faucibus orci luctus et ultrices posuere cubilia curae; Fusce pellentesque ante non justo consectetur imperdiet. Cras a ornare velit. Nulla bibendum elementum nunc in auctor. Integer dui erat, dignissim a tellus non, tincidunt tempor lectus. In lacinia mauris nec diam sollicitudin, at condimentum nunc tincidunt. Lorem ipsum dolor sit amet, consectetur adipiscing elit. Etiam ultricies est id tincidunt gravida. Curabitur iaculis purus neque, non sollicitudin orci viverra sed.</p><p data-block-key=\\\\\\"3mdhr\\\\\\">Donec ac justo eu nunc tristique ultrices vel at sem. Donec eu porttitor erat, quis volutpat risus. Nullam arcu enim, convallis eu risus scelerisque, feugiat pulvinar dolor. Maecenas et pharetra quam. Praesent sagittis mattis urna ac ultricies. In sit amet nunc ipsum. Donec sit amet consectetur mauris, vel congue lectus. Vivamus vel hendrerit purus. Cras sed nisi mauris.</p>\\", \\"id\\": \\"1c68a9b7-4e3d-4c95-8fd1-3a6620559df5\\"}]", "comments": [], "categories": [{"pk": 13, "page": 26, "blog_category": 2}], "post_tags": [{"pk": 45, "tag": 1, "content_object": 26}, {"pk": 46, "tag": 5, "content_object": 26}, {"pk": 47, "tag": 9, "content_object": 26}]}	\N	26	1
\.


--
-- Data for Name: wagtailcore_pagesubscription; Type: TABLE DATA; Schema: public; Owner: wagtail_demo
--

COPY public.wagtailcore_pagesubscription (id, comment_notifications, page_id, user_id) FROM stdin;
3	t	8	1
4	t	10	1
1	t	4	1
5	t	12	1
6	t	14	1
7	t	16	1
8	t	18	1
9	t	20	1
2	t	5	1
10	t	22	1
11	t	24	1
12	t	26	1
\.


--
-- Data for Name: wagtailcore_pageviewrestriction; Type: TABLE DATA; Schema: public; Owner: wagtail_demo
--

COPY public.wagtailcore_pageviewrestriction (id, password, page_id, restriction_type) FROM stdin;
\.


--
-- Data for Name: wagtailcore_pageviewrestriction_groups; Type: TABLE DATA; Schema: public; Owner: wagtail_demo
--

COPY public.wagtailcore_pageviewrestriction_groups (id, pageviewrestriction_id, group_id) FROM stdin;
\.


--
-- Data for Name: wagtailcore_site; Type: TABLE DATA; Schema: public; Owner: wagtail_demo
--

COPY public.wagtailcore_site (id, hostname, port, is_default_site, root_page_id, site_name) FROM stdin;
3	localhost	8000	t	4	The Orange Brand Site
4	yellow.localhost	8000	f	5	The Yellow Brand Site
\.


--
-- Data for Name: wagtailcore_task; Type: TABLE DATA; Schema: public; Owner: wagtail_demo
--

COPY public.wagtailcore_task (id, name, active, content_type_id) FROM stdin;
1	Moderators approval	t	2
\.


--
-- Data for Name: wagtailcore_taskstate; Type: TABLE DATA; Schema: public; Owner: wagtail_demo
--

COPY public.wagtailcore_taskstate (id, status, started_at, finished_at, content_type_id, page_revision_id, task_id, workflow_state_id, finished_by_id, comment) FROM stdin;
1	in_progress	2021-10-26 10:12:49.987453+00	\N	47	12	1	1	\N	
\.


--
-- Data for Name: wagtailcore_workflow; Type: TABLE DATA; Schema: public; Owner: wagtail_demo
--

COPY public.wagtailcore_workflow (id, name, active) FROM stdin;
1	Moderators approval	t
\.


--
-- Data for Name: wagtailcore_workflowpage; Type: TABLE DATA; Schema: public; Owner: wagtail_demo
--

COPY public.wagtailcore_workflowpage (page_id, workflow_id) FROM stdin;
1	1
\.


--
-- Data for Name: wagtailcore_workflowstate; Type: TABLE DATA; Schema: public; Owner: wagtail_demo
--

COPY public.wagtailcore_workflowstate (id, status, created_at, current_task_state_id, page_id, requested_by_id, workflow_id) FROM stdin;
1	in_progress	2021-10-26 10:12:49.981142+00	1	20	1	1
\.


--
-- Data for Name: wagtailcore_workflowtask; Type: TABLE DATA; Schema: public; Owner: wagtail_demo
--

COPY public.wagtailcore_workflowtask (id, sort_order, task_id, workflow_id) FROM stdin;
1	0	1	1
\.


--
-- Data for Name: wagtaildocs_document; Type: TABLE DATA; Schema: public; Owner: wagtail_demo
--

COPY public.wagtaildocs_document (id, title, file, created_at, uploaded_by_user_id, collection_id, file_size, file_hash) FROM stdin;
\.


--
-- Data for Name: wagtaildocs_uploadeddocument; Type: TABLE DATA; Schema: public; Owner: wagtail_demo
--

COPY public.wagtaildocs_uploadeddocument (id, file, uploaded_by_user_id) FROM stdin;
\.


--
-- Data for Name: wagtailembeds_embed; Type: TABLE DATA; Schema: public; Owner: wagtail_demo
--

COPY public.wagtailembeds_embed (id, url, max_width, type, html, title, author_name, provider_name, thumbnail_url, width, height, last_updated, hash, cache_until) FROM stdin;
\.


--
-- Data for Name: wagtailforms_formsubmission; Type: TABLE DATA; Schema: public; Owner: wagtail_demo
--

COPY public.wagtailforms_formsubmission (id, form_data, submit_time, page_id) FROM stdin;
\.


--
-- Data for Name: wagtailimages_image; Type: TABLE DATA; Schema: public; Owner: wagtail_demo
--

COPY public.wagtailimages_image (id, title, file, width, height, created_at, focal_point_x, focal_point_y, focal_point_width, focal_point_height, uploaded_by_user_id, file_size, collection_id, file_hash) FROM stdin;
1	lemons.jpg	original_images/lemons_GMbnyP6.jpg	2050	1400	2021-10-26 09:44:40.290034+00	\N	\N	\N	\N	1	454194	1	8bd6293eb87c35f0f56f0453692a95168e8a220d
2	more oranges.jpg	original_images/more_oranges.jpg	3870	2580	2021-10-26 09:59:00.473538+00	\N	\N	\N	\N	1	967742	1	df21d4a245617e59b693c94d5937fff485e45e9e
3	orange with hand.jpg	original_images/orange_with_hand.jpg	2070	1381	2021-10-26 10:07:45.615287+00	\N	\N	\N	\N	1	489084	1	1a84c275a36b6fa4c1aa97754b8664e09dd7e158
4	oranges in a line.jpg	original_images/oranges_in_a_line.jpg	2372	1579	2021-10-26 10:07:54.495571+00	\N	\N	\N	\N	1	297767	1	30ab0950587d9fe45676a39301bf0419dfa0315d
5	lemons sliced.jpg	original_images/lemons_sliced.jpg	1170	780	2021-10-26 10:16:26.492462+00	\N	\N	\N	\N	1	104753	1	90e6e39f5bbf2878a3319428c926223dcaecceb9
6	yellow balls.jpg	original_images/yellow_balls.jpg	1170	780	2021-10-26 10:17:41.410697+00	\N	\N	\N	\N	1	105157	1	f0cf0f951822c3c6b05d2623d8557c7bf4c5464e
7	yellow pencil.jpg	original_images/yellow_pencil.jpg	1170	780	2021-10-26 10:18:16.033979+00	\N	\N	\N	\N	1	49774	1	850a762dd38da74cdcb3ac03940f9aa52d180c58
\.


--
-- Data for Name: wagtailimages_rendition; Type: TABLE DATA; Schema: public; Owner: wagtail_demo
--

COPY public.wagtailimages_rendition (id, file, width, height, focal_point_key, filter_spec, image_id) FROM stdin;
1	images/lemons_GMbnyP6.max-165x165.jpg	165	112		max-165x165	1
2	images/more_oranges.max-165x165.jpg	165	110		max-165x165	2
3	images/more_oranges.original.jpg	3870	2580		original	2
4	images/orange_with_hand.max-165x165.jpg	165	110		max-165x165	3
5	images/oranges_in_a_line.max-165x165.jpg	165	109		max-165x165	4
6	images/oranges_in_a_line.original.jpg	2372	1579		original	4
7	images/more_oranges.width-400.jpg	400	266		width-400	2
8	images/orange_with_hand.original.jpg	2070	1381		original	3
9	images/lemons_sliced.max-165x165.jpg	165	110		max-165x165	5
10	images/yellow_balls.max-165x165.jpg	165	110		max-165x165	6
11	images/yellow_pencil.max-165x165.jpg	165	110		max-165x165	7
12	images/yellow_pencil.original.jpg	1170	780		original	7
13	images/yellow_balls.width-400.jpg	400	266		width-400	6
14	images/lemons_GMbnyP6.max-100x100.jpg	100	68		max-100x100	1
\.


--
-- Data for Name: wagtailimages_uploadedimage; Type: TABLE DATA; Schema: public; Owner: wagtail_demo
--

COPY public.wagtailimages_uploadedimage (id, file, uploaded_by_user_id) FROM stdin;
\.


--
-- Data for Name: wagtailredirects_redirect; Type: TABLE DATA; Schema: public; Owner: wagtail_demo
--

COPY public.wagtailredirects_redirect (id, old_path, is_permanent, redirect_link, redirect_page_id, site_id) FROM stdin;
\.


--
-- Data for Name: wagtailsearch_editorspick; Type: TABLE DATA; Schema: public; Owner: wagtail_demo
--

COPY public.wagtailsearch_editorspick (id, sort_order, description, page_id, query_id) FROM stdin;
\.


--
-- Data for Name: wagtailsearch_query; Type: TABLE DATA; Schema: public; Owner: wagtail_demo
--

COPY public.wagtailsearch_query (id, query_string) FROM stdin;
\.


--
-- Data for Name: wagtailsearch_querydailyhits; Type: TABLE DATA; Schema: public; Owner: wagtail_demo
--

COPY public.wagtailsearch_querydailyhits (id, date, hits, query_id) FROM stdin;
\.


--
-- Data for Name: wagtailusers_userprofile; Type: TABLE DATA; Schema: public; Owner: wagtail_demo
--

COPY public.wagtailusers_userprofile (id, submitted_notifications, approved_notifications, rejected_notifications, user_id, preferred_language, current_time_zone, avatar, updated_comments_notifications) FROM stdin;
1	t	t	t	1				t
\.


--
-- Name: auth_group_id_seq; Type: SEQUENCE SET; Schema: public; Owner: wagtail_demo
--

SELECT pg_catalog.setval('public.auth_group_id_seq', 2, true);


--
-- Name: auth_group_permissions_id_seq; Type: SEQUENCE SET; Schema: public; Owner: wagtail_demo
--

SELECT pg_catalog.setval('public.auth_group_permissions_id_seq', 18, true);


--
-- Name: auth_permission_id_seq; Type: SEQUENCE SET; Schema: public; Owner: wagtail_demo
--

SELECT pg_catalog.setval('public.auth_permission_id_seq', 256, true);


--
-- Name: auth_user_groups_id_seq; Type: SEQUENCE SET; Schema: public; Owner: wagtail_demo
--

SELECT pg_catalog.setval('public.auth_user_groups_id_seq', 1, false);


--
-- Name: auth_user_id_seq; Type: SEQUENCE SET; Schema: public; Owner: wagtail_demo
--

SELECT pg_catalog.setval('public.auth_user_id_seq', 1, true);


--
-- Name: auth_user_user_permissions_id_seq; Type: SEQUENCE SET; Schema: public; Owner: wagtail_demo
--

SELECT pg_catalog.setval('public.auth_user_user_permissions_id_seq', 1, false);


--
-- Name: blog_advert_id_seq; Type: SEQUENCE SET; Schema: public; Owner: wagtail_demo
--

SELECT pg_catalog.setval('public.blog_advert_id_seq', 1, false);


--
-- Name: blog_blogcategory_id_seq; Type: SEQUENCE SET; Schema: public; Owner: wagtail_demo
--

SELECT pg_catalog.setval('public.blog_blogcategory_id_seq', 2, true);


--
-- Name: blog_footer_id_seq; Type: SEQUENCE SET; Schema: public; Owner: wagtail_demo
--

SELECT pg_catalog.setval('public.blog_footer_id_seq', 1, true);


--
-- Name: blog_postpageblogcategory_id_seq; Type: SEQUENCE SET; Schema: public; Owner: wagtail_demo
--

SELECT pg_catalog.setval('public.blog_postpageblogcategory_id_seq', 14, true);


--
-- Name: blog_postpagetag_id_seq; Type: SEQUENCE SET; Schema: public; Owner: wagtail_demo
--

SELECT pg_catalog.setval('public.blog_postpagetag_id_seq', 50, true);


--
-- Name: django_admin_log_id_seq; Type: SEQUENCE SET; Schema: public; Owner: wagtail_demo
--

SELECT pg_catalog.setval('public.django_admin_log_id_seq', 1, false);


--
-- Name: django_content_type_id_seq; Type: SEQUENCE SET; Schema: public; Owner: wagtail_demo
--

SELECT pg_catalog.setval('public.django_content_type_id_seq', 64, true);


--
-- Name: django_migrations_id_seq; Type: SEQUENCE SET; Schema: public; Owner: wagtail_demo
--

SELECT pg_catalog.setval('public.django_migrations_id_seq', 185, true);


--
-- Name: taggit_tag_id_seq; Type: SEQUENCE SET; Schema: public; Owner: wagtail_demo
--

SELECT pg_catalog.setval('public.taggit_tag_id_seq', 11, true);


--
-- Name: taggit_taggeditem_id_seq; Type: SEQUENCE SET; Schema: public; Owner: wagtail_demo
--

SELECT pg_catalog.setval('public.taggit_taggeditem_id_seq', 1, false);


--
-- Name: wagtail_localize_localesynchronization_id_seq; Type: SEQUENCE SET; Schema: public; Owner: wagtail_demo
--

SELECT pg_catalog.setval('public.wagtail_localize_localesynchronization_id_seq', 1, true);


--
-- Name: wagtail_localize_overridablesegment_id_seq; Type: SEQUENCE SET; Schema: public; Owner: wagtail_demo
--

SELECT pg_catalog.setval('public.wagtail_localize_overridablesegment_id_seq', 6, true);


--
-- Name: wagtail_localize_relatedobjectsegment_id_seq; Type: SEQUENCE SET; Schema: public; Owner: wagtail_demo
--

SELECT pg_catalog.setval('public.wagtail_localize_relatedobjectsegment_id_seq', 1, false);


--
-- Name: wagtail_localize_segmentoverride_id_seq; Type: SEQUENCE SET; Schema: public; Owner: wagtail_demo
--

SELECT pg_catalog.setval('public.wagtail_localize_segmentoverride_id_seq', 1, false);


--
-- Name: wagtail_localize_string_id_seq; Type: SEQUENCE SET; Schema: public; Owner: wagtail_demo
--

SELECT pg_catalog.setval('public.wagtail_localize_string_id_seq', 9, true);


--
-- Name: wagtail_localize_stringsegment_id_seq; Type: SEQUENCE SET; Schema: public; Owner: wagtail_demo
--

SELECT pg_catalog.setval('public.wagtail_localize_stringsegment_id_seq', 9, true);


--
-- Name: wagtail_localize_stringtranslation_id_seq; Type: SEQUENCE SET; Schema: public; Owner: wagtail_demo
--

SELECT pg_catalog.setval('public.wagtail_localize_stringtranslation_id_seq', 2, true);


--
-- Name: wagtail_localize_template_id_seq; Type: SEQUENCE SET; Schema: public; Owner: wagtail_demo
--

SELECT pg_catalog.setval('public.wagtail_localize_template_id_seq', 2, true);


--
-- Name: wagtail_localize_templatesegment_id_seq; Type: SEQUENCE SET; Schema: public; Owner: wagtail_demo
--

SELECT pg_catalog.setval('public.wagtail_localize_templatesegment_id_seq', 2, true);


--
-- Name: wagtail_localize_translation_id_seq; Type: SEQUENCE SET; Schema: public; Owner: wagtail_demo
--

SELECT pg_catalog.setval('public.wagtail_localize_translation_id_seq', 2, true);


--
-- Name: wagtail_localize_translationcontext_id_seq; Type: SEQUENCE SET; Schema: public; Owner: wagtail_demo
--

SELECT pg_catalog.setval('public.wagtail_localize_translationcontext_id_seq', 12, true);


--
-- Name: wagtail_localize_translationlog_id_seq; Type: SEQUENCE SET; Schema: public; Owner: wagtail_demo
--

SELECT pg_catalog.setval('public.wagtail_localize_translationlog_id_seq', 2, true);


--
-- Name: wagtail_localize_translationsource_id_seq; Type: SEQUENCE SET; Schema: public; Owner: wagtail_demo
--

SELECT pg_catalog.setval('public.wagtail_localize_translationsource_id_seq', 2, true);


--
-- Name: wagtailadmin_admin_id_seq; Type: SEQUENCE SET; Schema: public; Owner: wagtail_demo
--

SELECT pg_catalog.setval('public.wagtailadmin_admin_id_seq', 1, false);


--
-- Name: wagtailcore_collection_id_seq; Type: SEQUENCE SET; Schema: public; Owner: wagtail_demo
--

SELECT pg_catalog.setval('public.wagtailcore_collection_id_seq', 1, true);


--
-- Name: wagtailcore_collectionviewrestriction_groups_id_seq; Type: SEQUENCE SET; Schema: public; Owner: wagtail_demo
--

SELECT pg_catalog.setval('public.wagtailcore_collectionviewrestriction_groups_id_seq', 1, false);


--
-- Name: wagtailcore_collectionviewrestriction_id_seq; Type: SEQUENCE SET; Schema: public; Owner: wagtail_demo
--

SELECT pg_catalog.setval('public.wagtailcore_collectionviewrestriction_id_seq', 1, false);


--
-- Name: wagtailcore_comment_id_seq; Type: SEQUENCE SET; Schema: public; Owner: wagtail_demo
--

SELECT pg_catalog.setval('public.wagtailcore_comment_id_seq', 1, false);


--
-- Name: wagtailcore_commentreply_id_seq; Type: SEQUENCE SET; Schema: public; Owner: wagtail_demo
--

SELECT pg_catalog.setval('public.wagtailcore_commentreply_id_seq', 1, false);


--
-- Name: wagtailcore_groupapprovaltask_groups_id_seq; Type: SEQUENCE SET; Schema: public; Owner: wagtail_demo
--

SELECT pg_catalog.setval('public.wagtailcore_groupapprovaltask_groups_id_seq', 1, true);


--
-- Name: wagtailcore_groupcollectionpermission_id_seq; Type: SEQUENCE SET; Schema: public; Owner: wagtail_demo
--

SELECT pg_catalog.setval('public.wagtailcore_groupcollectionpermission_id_seq', 10, true);


--
-- Name: wagtailcore_grouppagepermission_id_seq; Type: SEQUENCE SET; Schema: public; Owner: wagtail_demo
--

SELECT pg_catalog.setval('public.wagtailcore_grouppagepermission_id_seq', 7, true);


--
-- Name: wagtailcore_locale_id_seq; Type: SEQUENCE SET; Schema: public; Owner: wagtail_demo
--

SELECT pg_catalog.setval('public.wagtailcore_locale_id_seq', 2, true);


--
-- Name: wagtailcore_page_id_seq; Type: SEQUENCE SET; Schema: public; Owner: wagtail_demo
--

SELECT pg_catalog.setval('public.wagtailcore_page_id_seq', 27, true);


--
-- Name: wagtailcore_pagelogentry_id_seq; Type: SEQUENCE SET; Schema: public; Owner: wagtail_demo
--

SELECT pg_catalog.setval('public.wagtailcore_pagelogentry_id_seq', 86, true);


--
-- Name: wagtailcore_pagerevision_id_seq; Type: SEQUENCE SET; Schema: public; Owner: wagtail_demo
--

SELECT pg_catalog.setval('public.wagtailcore_pagerevision_id_seq', 20, true);


--
-- Name: wagtailcore_pagesubscription_id_seq; Type: SEQUENCE SET; Schema: public; Owner: wagtail_demo
--

SELECT pg_catalog.setval('public.wagtailcore_pagesubscription_id_seq', 12, true);


--
-- Name: wagtailcore_pageviewrestriction_groups_id_seq; Type: SEQUENCE SET; Schema: public; Owner: wagtail_demo
--

SELECT pg_catalog.setval('public.wagtailcore_pageviewrestriction_groups_id_seq', 1, false);


--
-- Name: wagtailcore_pageviewrestriction_id_seq; Type: SEQUENCE SET; Schema: public; Owner: wagtail_demo
--

SELECT pg_catalog.setval('public.wagtailcore_pageviewrestriction_id_seq', 1, false);


--
-- Name: wagtailcore_site_id_seq; Type: SEQUENCE SET; Schema: public; Owner: wagtail_demo
--

SELECT pg_catalog.setval('public.wagtailcore_site_id_seq', 4, true);


--
-- Name: wagtailcore_task_id_seq; Type: SEQUENCE SET; Schema: public; Owner: wagtail_demo
--

SELECT pg_catalog.setval('public.wagtailcore_task_id_seq', 1, true);


--
-- Name: wagtailcore_taskstate_id_seq; Type: SEQUENCE SET; Schema: public; Owner: wagtail_demo
--

SELECT pg_catalog.setval('public.wagtailcore_taskstate_id_seq', 1, true);


--
-- Name: wagtailcore_workflow_id_seq; Type: SEQUENCE SET; Schema: public; Owner: wagtail_demo
--

SELECT pg_catalog.setval('public.wagtailcore_workflow_id_seq', 1, true);


--
-- Name: wagtailcore_workflowstate_id_seq; Type: SEQUENCE SET; Schema: public; Owner: wagtail_demo
--

SELECT pg_catalog.setval('public.wagtailcore_workflowstate_id_seq', 1, true);


--
-- Name: wagtailcore_workflowtask_id_seq; Type: SEQUENCE SET; Schema: public; Owner: wagtail_demo
--

SELECT pg_catalog.setval('public.wagtailcore_workflowtask_id_seq', 1, true);


--
-- Name: wagtaildocs_document_id_seq; Type: SEQUENCE SET; Schema: public; Owner: wagtail_demo
--

SELECT pg_catalog.setval('public.wagtaildocs_document_id_seq', 1, false);


--
-- Name: wagtaildocs_uploadeddocument_id_seq; Type: SEQUENCE SET; Schema: public; Owner: wagtail_demo
--

SELECT pg_catalog.setval('public.wagtaildocs_uploadeddocument_id_seq', 1, false);


--
-- Name: wagtailembeds_embed_id_seq; Type: SEQUENCE SET; Schema: public; Owner: wagtail_demo
--

SELECT pg_catalog.setval('public.wagtailembeds_embed_id_seq', 1, false);


--
-- Name: wagtailforms_formsubmission_id_seq; Type: SEQUENCE SET; Schema: public; Owner: wagtail_demo
--

SELECT pg_catalog.setval('public.wagtailforms_formsubmission_id_seq', 1, false);


--
-- Name: wagtailimages_image_id_seq; Type: SEQUENCE SET; Schema: public; Owner: wagtail_demo
--

SELECT pg_catalog.setval('public.wagtailimages_image_id_seq', 7, true);


--
-- Name: wagtailimages_rendition_id_seq; Type: SEQUENCE SET; Schema: public; Owner: wagtail_demo
--

SELECT pg_catalog.setval('public.wagtailimages_rendition_id_seq', 14, true);


--
-- Name: wagtailimages_uploadedimage_id_seq; Type: SEQUENCE SET; Schema: public; Owner: wagtail_demo
--

SELECT pg_catalog.setval('public.wagtailimages_uploadedimage_id_seq', 1, false);


--
-- Name: wagtailredirects_redirect_id_seq; Type: SEQUENCE SET; Schema: public; Owner: wagtail_demo
--

SELECT pg_catalog.setval('public.wagtailredirects_redirect_id_seq', 1, false);


--
-- Name: wagtailsearch_editorspick_id_seq; Type: SEQUENCE SET; Schema: public; Owner: wagtail_demo
--

SELECT pg_catalog.setval('public.wagtailsearch_editorspick_id_seq', 1, false);


--
-- Name: wagtailsearch_query_id_seq; Type: SEQUENCE SET; Schema: public; Owner: wagtail_demo
--

SELECT pg_catalog.setval('public.wagtailsearch_query_id_seq', 1, false);


--
-- Name: wagtailsearch_querydailyhits_id_seq; Type: SEQUENCE SET; Schema: public; Owner: wagtail_demo
--

SELECT pg_catalog.setval('public.wagtailsearch_querydailyhits_id_seq', 1, false);


--
-- Name: wagtailusers_userprofile_id_seq; Type: SEQUENCE SET; Schema: public; Owner: wagtail_demo
--

SELECT pg_catalog.setval('public.wagtailusers_userprofile_id_seq', 1, true);


--
-- Name: about_aboutpage about_aboutpage_pkey; Type: CONSTRAINT; Schema: public; Owner: wagtail_demo
--

ALTER TABLE ONLY public.about_aboutpage
    ADD CONSTRAINT about_aboutpage_pkey PRIMARY KEY (page_ptr_id);


--
-- Name: auth_group auth_group_name_key; Type: CONSTRAINT; Schema: public; Owner: wagtail_demo
--

ALTER TABLE ONLY public.auth_group
    ADD CONSTRAINT auth_group_name_key UNIQUE (name);


--
-- Name: auth_group_permissions auth_group_permissions_group_id_permission_id_0cd325b0_uniq; Type: CONSTRAINT; Schema: public; Owner: wagtail_demo
--

ALTER TABLE ONLY public.auth_group_permissions
    ADD CONSTRAINT auth_group_permissions_group_id_permission_id_0cd325b0_uniq UNIQUE (group_id, permission_id);


--
-- Name: auth_group_permissions auth_group_permissions_pkey; Type: CONSTRAINT; Schema: public; Owner: wagtail_demo
--

ALTER TABLE ONLY public.auth_group_permissions
    ADD CONSTRAINT auth_group_permissions_pkey PRIMARY KEY (id);


--
-- Name: auth_group auth_group_pkey; Type: CONSTRAINT; Schema: public; Owner: wagtail_demo
--

ALTER TABLE ONLY public.auth_group
    ADD CONSTRAINT auth_group_pkey PRIMARY KEY (id);


--
-- Name: auth_permission auth_permission_content_type_id_codename_01ab375a_uniq; Type: CONSTRAINT; Schema: public; Owner: wagtail_demo
--

ALTER TABLE ONLY public.auth_permission
    ADD CONSTRAINT auth_permission_content_type_id_codename_01ab375a_uniq UNIQUE (content_type_id, codename);


--
-- Name: auth_permission auth_permission_pkey; Type: CONSTRAINT; Schema: public; Owner: wagtail_demo
--

ALTER TABLE ONLY public.auth_permission
    ADD CONSTRAINT auth_permission_pkey PRIMARY KEY (id);


--
-- Name: auth_user_groups auth_user_groups_pkey; Type: CONSTRAINT; Schema: public; Owner: wagtail_demo
--

ALTER TABLE ONLY public.auth_user_groups
    ADD CONSTRAINT auth_user_groups_pkey PRIMARY KEY (id);


--
-- Name: auth_user_groups auth_user_groups_user_id_group_id_94350c0c_uniq; Type: CONSTRAINT; Schema: public; Owner: wagtail_demo
--

ALTER TABLE ONLY public.auth_user_groups
    ADD CONSTRAINT auth_user_groups_user_id_group_id_94350c0c_uniq UNIQUE (user_id, group_id);


--
-- Name: auth_user auth_user_pkey; Type: CONSTRAINT; Schema: public; Owner: wagtail_demo
--

ALTER TABLE ONLY public.auth_user
    ADD CONSTRAINT auth_user_pkey PRIMARY KEY (id);


--
-- Name: auth_user_user_permissions auth_user_user_permissions_pkey; Type: CONSTRAINT; Schema: public; Owner: wagtail_demo
--

ALTER TABLE ONLY public.auth_user_user_permissions
    ADD CONSTRAINT auth_user_user_permissions_pkey PRIMARY KEY (id);


--
-- Name: auth_user_user_permissions auth_user_user_permissions_user_id_permission_id_14a6b632_uniq; Type: CONSTRAINT; Schema: public; Owner: wagtail_demo
--

ALTER TABLE ONLY public.auth_user_user_permissions
    ADD CONSTRAINT auth_user_user_permissions_user_id_permission_id_14a6b632_uniq UNIQUE (user_id, permission_id);


--
-- Name: auth_user auth_user_username_key; Type: CONSTRAINT; Schema: public; Owner: wagtail_demo
--

ALTER TABLE ONLY public.auth_user
    ADD CONSTRAINT auth_user_username_key UNIQUE (username);


--
-- Name: blog_footer blog_advert_pkey; Type: CONSTRAINT; Schema: public; Owner: wagtail_demo
--

ALTER TABLE ONLY public.blog_footer
    ADD CONSTRAINT blog_advert_pkey PRIMARY KEY (id);


--
-- Name: blog_blogcategory blog_blogcategory_pkey; Type: CONSTRAINT; Schema: public; Owner: wagtail_demo
--

ALTER TABLE ONLY public.blog_blogcategory
    ADD CONSTRAINT blog_blogcategory_pkey PRIMARY KEY (id);


--
-- Name: blog_blogcategory blog_blogcategory_slug_key; Type: CONSTRAINT; Schema: public; Owner: wagtail_demo
--

ALTER TABLE ONLY public.blog_blogcategory
    ADD CONSTRAINT blog_blogcategory_slug_key UNIQUE (slug);


--
-- Name: blog_blogpage blog_blogpage_pkey; Type: CONSTRAINT; Schema: public; Owner: wagtail_demo
--

ALTER TABLE ONLY public.blog_blogpage
    ADD CONSTRAINT blog_blogpage_pkey PRIMARY KEY (page_ptr_id);


--
-- Name: blog_postpage blog_postpage_pkey; Type: CONSTRAINT; Schema: public; Owner: wagtail_demo
--

ALTER TABLE ONLY public.blog_postpage
    ADD CONSTRAINT blog_postpage_pkey PRIMARY KEY (page_ptr_id);


--
-- Name: blog_postpageblogcategory blog_postpageblogcategor_page_id_blog_category_id_f3f50e3f_uniq; Type: CONSTRAINT; Schema: public; Owner: wagtail_demo
--

ALTER TABLE ONLY public.blog_postpageblogcategory
    ADD CONSTRAINT blog_postpageblogcategor_page_id_blog_category_id_f3f50e3f_uniq UNIQUE (page_id, blog_category_id);


--
-- Name: blog_postpageblogcategory blog_postpageblogcategory_pkey; Type: CONSTRAINT; Schema: public; Owner: wagtail_demo
--

ALTER TABLE ONLY public.blog_postpageblogcategory
    ADD CONSTRAINT blog_postpageblogcategory_pkey PRIMARY KEY (id);


--
-- Name: blog_postpagetag blog_postpagetag_pkey; Type: CONSTRAINT; Schema: public; Owner: wagtail_demo
--

ALTER TABLE ONLY public.blog_postpagetag
    ADD CONSTRAINT blog_postpagetag_pkey PRIMARY KEY (id);


--
-- Name: django_admin_log django_admin_log_pkey; Type: CONSTRAINT; Schema: public; Owner: wagtail_demo
--

ALTER TABLE ONLY public.django_admin_log
    ADD CONSTRAINT django_admin_log_pkey PRIMARY KEY (id);


--
-- Name: django_content_type django_content_type_app_label_model_76bd3d3b_uniq; Type: CONSTRAINT; Schema: public; Owner: wagtail_demo
--

ALTER TABLE ONLY public.django_content_type
    ADD CONSTRAINT django_content_type_app_label_model_76bd3d3b_uniq UNIQUE (app_label, model);


--
-- Name: django_content_type django_content_type_pkey; Type: CONSTRAINT; Schema: public; Owner: wagtail_demo
--

ALTER TABLE ONLY public.django_content_type
    ADD CONSTRAINT django_content_type_pkey PRIMARY KEY (id);


--
-- Name: django_migrations django_migrations_pkey; Type: CONSTRAINT; Schema: public; Owner: wagtail_demo
--

ALTER TABLE ONLY public.django_migrations
    ADD CONSTRAINT django_migrations_pkey PRIMARY KEY (id);


--
-- Name: django_session django_session_pkey; Type: CONSTRAINT; Schema: public; Owner: wagtail_demo
--

ALTER TABLE ONLY public.django_session
    ADD CONSTRAINT django_session_pkey PRIMARY KEY (session_key);


--
-- Name: home_homepage home_homepage_pkey; Type: CONSTRAINT; Schema: public; Owner: wagtail_demo
--

ALTER TABLE ONLY public.home_homepage
    ADD CONSTRAINT home_homepage_pkey PRIMARY KEY (page_ptr_id);


--
-- Name: landing_landingpage landing_landingpage_pkey; Type: CONSTRAINT; Schema: public; Owner: wagtail_demo
--

ALTER TABLE ONLY public.landing_landingpage
    ADD CONSTRAINT landing_landingpage_pkey PRIMARY KEY (page_ptr_id);


--
-- Name: taggit_tag taggit_tag_name_key; Type: CONSTRAINT; Schema: public; Owner: wagtail_demo
--

ALTER TABLE ONLY public.taggit_tag
    ADD CONSTRAINT taggit_tag_name_key UNIQUE (name);


--
-- Name: taggit_tag taggit_tag_pkey; Type: CONSTRAINT; Schema: public; Owner: wagtail_demo
--

ALTER TABLE ONLY public.taggit_tag
    ADD CONSTRAINT taggit_tag_pkey PRIMARY KEY (id);


--
-- Name: taggit_tag taggit_tag_slug_key; Type: CONSTRAINT; Schema: public; Owner: wagtail_demo
--

ALTER TABLE ONLY public.taggit_tag
    ADD CONSTRAINT taggit_tag_slug_key UNIQUE (slug);


--
-- Name: taggit_taggeditem taggit_taggeditem_content_type_id_object_i_4bb97a8e_uniq; Type: CONSTRAINT; Schema: public; Owner: wagtail_demo
--

ALTER TABLE ONLY public.taggit_taggeditem
    ADD CONSTRAINT taggit_taggeditem_content_type_id_object_i_4bb97a8e_uniq UNIQUE (content_type_id, object_id, tag_id);


--
-- Name: taggit_taggeditem taggit_taggeditem_pkey; Type: CONSTRAINT; Schema: public; Owner: wagtail_demo
--

ALTER TABLE ONLY public.taggit_taggeditem
    ADD CONSTRAINT taggit_taggeditem_pkey PRIMARY KEY (id);


--
-- Name: wagtail_localize_localesynchronization wagtail_localize_localesynchronization_locale_id_key; Type: CONSTRAINT; Schema: public; Owner: wagtail_demo
--

ALTER TABLE ONLY public.wagtail_localize_localesynchronization
    ADD CONSTRAINT wagtail_localize_localesynchronization_locale_id_key UNIQUE (locale_id);


--
-- Name: wagtail_localize_localesynchronization wagtail_localize_localesynchronization_pkey; Type: CONSTRAINT; Schema: public; Owner: wagtail_demo
--

ALTER TABLE ONLY public.wagtail_localize_localesynchronization
    ADD CONSTRAINT wagtail_localize_localesynchronization_pkey PRIMARY KEY (id);


--
-- Name: wagtail_localize_overridablesegment wagtail_localize_overridablesegment_pkey; Type: CONSTRAINT; Schema: public; Owner: wagtail_demo
--

ALTER TABLE ONLY public.wagtail_localize_overridablesegment
    ADD CONSTRAINT wagtail_localize_overridablesegment_pkey PRIMARY KEY (id);


--
-- Name: wagtail_localize_relatedobjectsegment wagtail_localize_relatedobjectsegment_pkey; Type: CONSTRAINT; Schema: public; Owner: wagtail_demo
--

ALTER TABLE ONLY public.wagtail_localize_relatedobjectsegment
    ADD CONSTRAINT wagtail_localize_relatedobjectsegment_pkey PRIMARY KEY (id);


--
-- Name: wagtail_localize_segmentoverride wagtail_localize_segmentoverride_pkey; Type: CONSTRAINT; Schema: public; Owner: wagtail_demo
--

ALTER TABLE ONLY public.wagtail_localize_segmentoverride
    ADD CONSTRAINT wagtail_localize_segmentoverride_pkey PRIMARY KEY (id);


--
-- Name: wagtail_localize_string wagtail_localize_string_locale_id_data_hash_bae71852_uniq; Type: CONSTRAINT; Schema: public; Owner: wagtail_demo
--

ALTER TABLE ONLY public.wagtail_localize_string
    ADD CONSTRAINT wagtail_localize_string_locale_id_data_hash_bae71852_uniq UNIQUE (locale_id, data_hash);


--
-- Name: wagtail_localize_string wagtail_localize_string_pkey; Type: CONSTRAINT; Schema: public; Owner: wagtail_demo
--

ALTER TABLE ONLY public.wagtail_localize_string
    ADD CONSTRAINT wagtail_localize_string_pkey PRIMARY KEY (id);


--
-- Name: wagtail_localize_stringsegment wagtail_localize_stringsegment_pkey; Type: CONSTRAINT; Schema: public; Owner: wagtail_demo
--

ALTER TABLE ONLY public.wagtail_localize_stringsegment
    ADD CONSTRAINT wagtail_localize_stringsegment_pkey PRIMARY KEY (id);


--
-- Name: wagtail_localize_stringtranslation wagtail_localize_stringt_locale_id_translation_of_d2d59359_uniq; Type: CONSTRAINT; Schema: public; Owner: wagtail_demo
--

ALTER TABLE ONLY public.wagtail_localize_stringtranslation
    ADD CONSTRAINT wagtail_localize_stringt_locale_id_translation_of_d2d59359_uniq UNIQUE (locale_id, translation_of_id, context_id);


--
-- Name: wagtail_localize_stringtranslation wagtail_localize_stringtranslation_pkey; Type: CONSTRAINT; Schema: public; Owner: wagtail_demo
--

ALTER TABLE ONLY public.wagtail_localize_stringtranslation
    ADD CONSTRAINT wagtail_localize_stringtranslation_pkey PRIMARY KEY (id);


--
-- Name: wagtail_localize_template wagtail_localize_template_pkey; Type: CONSTRAINT; Schema: public; Owner: wagtail_demo
--

ALTER TABLE ONLY public.wagtail_localize_template
    ADD CONSTRAINT wagtail_localize_template_pkey PRIMARY KEY (id);


--
-- Name: wagtail_localize_template wagtail_localize_template_uuid_key; Type: CONSTRAINT; Schema: public; Owner: wagtail_demo
--

ALTER TABLE ONLY public.wagtail_localize_template
    ADD CONSTRAINT wagtail_localize_template_uuid_key UNIQUE (uuid);


--
-- Name: wagtail_localize_templatesegment wagtail_localize_templatesegment_pkey; Type: CONSTRAINT; Schema: public; Owner: wagtail_demo
--

ALTER TABLE ONLY public.wagtail_localize_templatesegment
    ADD CONSTRAINT wagtail_localize_templatesegment_pkey PRIMARY KEY (id);


--
-- Name: wagtail_localize_translatableobject wagtail_localize_transla_content_type_id_translat_de875339_uniq; Type: CONSTRAINT; Schema: public; Owner: wagtail_demo
--

ALTER TABLE ONLY public.wagtail_localize_translatableobject
    ADD CONSTRAINT wagtail_localize_transla_content_type_id_translat_de875339_uniq UNIQUE (content_type_id, translation_key);


--
-- Name: wagtail_localize_translationsource wagtail_localize_transla_object_id_locale_id_fb6a8d8e_uniq; Type: CONSTRAINT; Schema: public; Owner: wagtail_demo
--

ALTER TABLE ONLY public.wagtail_localize_translationsource
    ADD CONSTRAINT wagtail_localize_transla_object_id_locale_id_fb6a8d8e_uniq UNIQUE (object_id, locale_id);


--
-- Name: wagtail_localize_translationcontext wagtail_localize_transla_object_id_path_id_c7f5d707_uniq; Type: CONSTRAINT; Schema: public; Owner: wagtail_demo
--

ALTER TABLE ONLY public.wagtail_localize_translationcontext
    ADD CONSTRAINT wagtail_localize_transla_object_id_path_id_c7f5d707_uniq UNIQUE (object_id, path_id);


--
-- Name: wagtail_localize_translation wagtail_localize_transla_source_id_target_locale__7e943cf8_uniq; Type: CONSTRAINT; Schema: public; Owner: wagtail_demo
--

ALTER TABLE ONLY public.wagtail_localize_translation
    ADD CONSTRAINT wagtail_localize_transla_source_id_target_locale__7e943cf8_uniq UNIQUE (source_id, target_locale_id);


--
-- Name: wagtail_localize_translatableobject wagtail_localize_translatableobject_pkey; Type: CONSTRAINT; Schema: public; Owner: wagtail_demo
--

ALTER TABLE ONLY public.wagtail_localize_translatableobject
    ADD CONSTRAINT wagtail_localize_translatableobject_pkey PRIMARY KEY (translation_key);


--
-- Name: wagtail_localize_translation wagtail_localize_translation_pkey; Type: CONSTRAINT; Schema: public; Owner: wagtail_demo
--

ALTER TABLE ONLY public.wagtail_localize_translation
    ADD CONSTRAINT wagtail_localize_translation_pkey PRIMARY KEY (id);


--
-- Name: wagtail_localize_translation wagtail_localize_translation_uuid_key; Type: CONSTRAINT; Schema: public; Owner: wagtail_demo
--

ALTER TABLE ONLY public.wagtail_localize_translation
    ADD CONSTRAINT wagtail_localize_translation_uuid_key UNIQUE (uuid);


--
-- Name: wagtail_localize_translationcontext wagtail_localize_translationcontext_pkey; Type: CONSTRAINT; Schema: public; Owner: wagtail_demo
--

ALTER TABLE ONLY public.wagtail_localize_translationcontext
    ADD CONSTRAINT wagtail_localize_translationcontext_pkey PRIMARY KEY (id);


--
-- Name: wagtail_localize_translationlog wagtail_localize_translationlog_pkey; Type: CONSTRAINT; Schema: public; Owner: wagtail_demo
--

ALTER TABLE ONLY public.wagtail_localize_translationlog
    ADD CONSTRAINT wagtail_localize_translationlog_pkey PRIMARY KEY (id);


--
-- Name: wagtail_localize_translationsource wagtail_localize_translationsource_pkey; Type: CONSTRAINT; Schema: public; Owner: wagtail_demo
--

ALTER TABLE ONLY public.wagtail_localize_translationsource
    ADD CONSTRAINT wagtail_localize_translationsource_pkey PRIMARY KEY (id);


--
-- Name: wagtailadmin_admin wagtailadmin_admin_pkey; Type: CONSTRAINT; Schema: public; Owner: wagtail_demo
--

ALTER TABLE ONLY public.wagtailadmin_admin
    ADD CONSTRAINT wagtailadmin_admin_pkey PRIMARY KEY (id);


--
-- Name: wagtailcore_collection wagtailcore_collection_path_key; Type: CONSTRAINT; Schema: public; Owner: wagtail_demo
--

ALTER TABLE ONLY public.wagtailcore_collection
    ADD CONSTRAINT wagtailcore_collection_path_key UNIQUE (path);


--
-- Name: wagtailcore_collection wagtailcore_collection_pkey; Type: CONSTRAINT; Schema: public; Owner: wagtail_demo
--

ALTER TABLE ONLY public.wagtailcore_collection
    ADD CONSTRAINT wagtailcore_collection_pkey PRIMARY KEY (id);


--
-- Name: wagtailcore_collectionviewrestriction_groups wagtailcore_collectionvi_collectionviewrestrictio_988995ae_uniq; Type: CONSTRAINT; Schema: public; Owner: wagtail_demo
--

ALTER TABLE ONLY public.wagtailcore_collectionviewrestriction_groups
    ADD CONSTRAINT wagtailcore_collectionvi_collectionviewrestrictio_988995ae_uniq UNIQUE (collectionviewrestriction_id, group_id);


--
-- Name: wagtailcore_collectionviewrestriction_groups wagtailcore_collectionviewrestriction_groups_pkey; Type: CONSTRAINT; Schema: public; Owner: wagtail_demo
--

ALTER TABLE ONLY public.wagtailcore_collectionviewrestriction_groups
    ADD CONSTRAINT wagtailcore_collectionviewrestriction_groups_pkey PRIMARY KEY (id);


--
-- Name: wagtailcore_collectionviewrestriction wagtailcore_collectionviewrestriction_pkey; Type: CONSTRAINT; Schema: public; Owner: wagtail_demo
--

ALTER TABLE ONLY public.wagtailcore_collectionviewrestriction
    ADD CONSTRAINT wagtailcore_collectionviewrestriction_pkey PRIMARY KEY (id);


--
-- Name: wagtailcore_comment wagtailcore_comment_pkey; Type: CONSTRAINT; Schema: public; Owner: wagtail_demo
--

ALTER TABLE ONLY public.wagtailcore_comment
    ADD CONSTRAINT wagtailcore_comment_pkey PRIMARY KEY (id);


--
-- Name: wagtailcore_commentreply wagtailcore_commentreply_pkey; Type: CONSTRAINT; Schema: public; Owner: wagtail_demo
--

ALTER TABLE ONLY public.wagtailcore_commentreply
    ADD CONSTRAINT wagtailcore_commentreply_pkey PRIMARY KEY (id);


--
-- Name: wagtailcore_groupapprovaltask_groups wagtailcore_groupapprova_groupapprovaltask_id_gro_bb5ee7eb_uniq; Type: CONSTRAINT; Schema: public; Owner: wagtail_demo
--

ALTER TABLE ONLY public.wagtailcore_groupapprovaltask_groups
    ADD CONSTRAINT wagtailcore_groupapprova_groupapprovaltask_id_gro_bb5ee7eb_uniq UNIQUE (groupapprovaltask_id, group_id);


--
-- Name: wagtailcore_groupapprovaltask_groups wagtailcore_groupapprovaltask_groups_pkey; Type: CONSTRAINT; Schema: public; Owner: wagtail_demo
--

ALTER TABLE ONLY public.wagtailcore_groupapprovaltask_groups
    ADD CONSTRAINT wagtailcore_groupapprovaltask_groups_pkey PRIMARY KEY (id);


--
-- Name: wagtailcore_groupapprovaltask wagtailcore_groupapprovaltask_pkey; Type: CONSTRAINT; Schema: public; Owner: wagtail_demo
--

ALTER TABLE ONLY public.wagtailcore_groupapprovaltask
    ADD CONSTRAINT wagtailcore_groupapprovaltask_pkey PRIMARY KEY (task_ptr_id);


--
-- Name: wagtailcore_groupcollectionpermission wagtailcore_groupcollect_group_id_collection_id_p_a21cefe9_uniq; Type: CONSTRAINT; Schema: public; Owner: wagtail_demo
--

ALTER TABLE ONLY public.wagtailcore_groupcollectionpermission
    ADD CONSTRAINT wagtailcore_groupcollect_group_id_collection_id_p_a21cefe9_uniq UNIQUE (group_id, collection_id, permission_id);


--
-- Name: wagtailcore_groupcollectionpermission wagtailcore_groupcollectionpermission_pkey; Type: CONSTRAINT; Schema: public; Owner: wagtail_demo
--

ALTER TABLE ONLY public.wagtailcore_groupcollectionpermission
    ADD CONSTRAINT wagtailcore_groupcollectionpermission_pkey PRIMARY KEY (id);


--
-- Name: wagtailcore_grouppagepermission wagtailcore_grouppageper_group_id_page_id_permiss_0898bdf8_uniq; Type: CONSTRAINT; Schema: public; Owner: wagtail_demo
--

ALTER TABLE ONLY public.wagtailcore_grouppagepermission
    ADD CONSTRAINT wagtailcore_grouppageper_group_id_page_id_permiss_0898bdf8_uniq UNIQUE (group_id, page_id, permission_type);


--
-- Name: wagtailcore_grouppagepermission wagtailcore_grouppagepermission_pkey; Type: CONSTRAINT; Schema: public; Owner: wagtail_demo
--

ALTER TABLE ONLY public.wagtailcore_grouppagepermission
    ADD CONSTRAINT wagtailcore_grouppagepermission_pkey PRIMARY KEY (id);


--
-- Name: wagtailcore_locale wagtailcore_locale_language_code_key; Type: CONSTRAINT; Schema: public; Owner: wagtail_demo
--

ALTER TABLE ONLY public.wagtailcore_locale
    ADD CONSTRAINT wagtailcore_locale_language_code_key UNIQUE (language_code);


--
-- Name: wagtailcore_locale wagtailcore_locale_pkey; Type: CONSTRAINT; Schema: public; Owner: wagtail_demo
--

ALTER TABLE ONLY public.wagtailcore_locale
    ADD CONSTRAINT wagtailcore_locale_pkey PRIMARY KEY (id);


--
-- Name: wagtailcore_page wagtailcore_page_path_key; Type: CONSTRAINT; Schema: public; Owner: wagtail_demo
--

ALTER TABLE ONLY public.wagtailcore_page
    ADD CONSTRAINT wagtailcore_page_path_key UNIQUE (path);


--
-- Name: wagtailcore_page wagtailcore_page_pkey; Type: CONSTRAINT; Schema: public; Owner: wagtail_demo
--

ALTER TABLE ONLY public.wagtailcore_page
    ADD CONSTRAINT wagtailcore_page_pkey PRIMARY KEY (id);


--
-- Name: wagtailcore_page wagtailcore_page_translation_key_locale_id_9b041bad_uniq; Type: CONSTRAINT; Schema: public; Owner: wagtail_demo
--

ALTER TABLE ONLY public.wagtailcore_page
    ADD CONSTRAINT wagtailcore_page_translation_key_locale_id_9b041bad_uniq UNIQUE (translation_key, locale_id);


--
-- Name: wagtailcore_pagelogentry wagtailcore_pagelogentry_pkey; Type: CONSTRAINT; Schema: public; Owner: wagtail_demo
--

ALTER TABLE ONLY public.wagtailcore_pagelogentry
    ADD CONSTRAINT wagtailcore_pagelogentry_pkey PRIMARY KEY (id);


--
-- Name: wagtailcore_pagerevision wagtailcore_pagerevision_pkey; Type: CONSTRAINT; Schema: public; Owner: wagtail_demo
--

ALTER TABLE ONLY public.wagtailcore_pagerevision
    ADD CONSTRAINT wagtailcore_pagerevision_pkey PRIMARY KEY (id);


--
-- Name: wagtailcore_pagesubscription wagtailcore_pagesubscription_page_id_user_id_0cef73ed_uniq; Type: CONSTRAINT; Schema: public; Owner: wagtail_demo
--

ALTER TABLE ONLY public.wagtailcore_pagesubscription
    ADD CONSTRAINT wagtailcore_pagesubscription_page_id_user_id_0cef73ed_uniq UNIQUE (page_id, user_id);


--
-- Name: wagtailcore_pagesubscription wagtailcore_pagesubscription_pkey; Type: CONSTRAINT; Schema: public; Owner: wagtail_demo
--

ALTER TABLE ONLY public.wagtailcore_pagesubscription
    ADD CONSTRAINT wagtailcore_pagesubscription_pkey PRIMARY KEY (id);


--
-- Name: wagtailcore_pageviewrestriction_groups wagtailcore_pageviewrest_pageviewrestriction_id_g_d23f80bb_uniq; Type: CONSTRAINT; Schema: public; Owner: wagtail_demo
--

ALTER TABLE ONLY public.wagtailcore_pageviewrestriction_groups
    ADD CONSTRAINT wagtailcore_pageviewrest_pageviewrestriction_id_g_d23f80bb_uniq UNIQUE (pageviewrestriction_id, group_id);


--
-- Name: wagtailcore_pageviewrestriction_groups wagtailcore_pageviewrestriction_groups_pkey; Type: CONSTRAINT; Schema: public; Owner: wagtail_demo
--

ALTER TABLE ONLY public.wagtailcore_pageviewrestriction_groups
    ADD CONSTRAINT wagtailcore_pageviewrestriction_groups_pkey PRIMARY KEY (id);


--
-- Name: wagtailcore_pageviewrestriction wagtailcore_pageviewrestriction_pkey; Type: CONSTRAINT; Schema: public; Owner: wagtail_demo
--

ALTER TABLE ONLY public.wagtailcore_pageviewrestriction
    ADD CONSTRAINT wagtailcore_pageviewrestriction_pkey PRIMARY KEY (id);


--
-- Name: wagtailcore_site wagtailcore_site_hostname_port_2c626d70_uniq; Type: CONSTRAINT; Schema: public; Owner: wagtail_demo
--

ALTER TABLE ONLY public.wagtailcore_site
    ADD CONSTRAINT wagtailcore_site_hostname_port_2c626d70_uniq UNIQUE (hostname, port);


--
-- Name: wagtailcore_site wagtailcore_site_pkey; Type: CONSTRAINT; Schema: public; Owner: wagtail_demo
--

ALTER TABLE ONLY public.wagtailcore_site
    ADD CONSTRAINT wagtailcore_site_pkey PRIMARY KEY (id);


--
-- Name: wagtailcore_task wagtailcore_task_pkey; Type: CONSTRAINT; Schema: public; Owner: wagtail_demo
--

ALTER TABLE ONLY public.wagtailcore_task
    ADD CONSTRAINT wagtailcore_task_pkey PRIMARY KEY (id);


--
-- Name: wagtailcore_taskstate wagtailcore_taskstate_pkey; Type: CONSTRAINT; Schema: public; Owner: wagtail_demo
--

ALTER TABLE ONLY public.wagtailcore_taskstate
    ADD CONSTRAINT wagtailcore_taskstate_pkey PRIMARY KEY (id);


--
-- Name: wagtailcore_workflow wagtailcore_workflow_pkey; Type: CONSTRAINT; Schema: public; Owner: wagtail_demo
--

ALTER TABLE ONLY public.wagtailcore_workflow
    ADD CONSTRAINT wagtailcore_workflow_pkey PRIMARY KEY (id);


--
-- Name: wagtailcore_workflowpage wagtailcore_workflowpage_pkey; Type: CONSTRAINT; Schema: public; Owner: wagtail_demo
--

ALTER TABLE ONLY public.wagtailcore_workflowpage
    ADD CONSTRAINT wagtailcore_workflowpage_pkey PRIMARY KEY (page_id);


--
-- Name: wagtailcore_workflowstate wagtailcore_workflowstate_current_task_state_id_key; Type: CONSTRAINT; Schema: public; Owner: wagtail_demo
--

ALTER TABLE ONLY public.wagtailcore_workflowstate
    ADD CONSTRAINT wagtailcore_workflowstate_current_task_state_id_key UNIQUE (current_task_state_id);


--
-- Name: wagtailcore_workflowstate wagtailcore_workflowstate_pkey; Type: CONSTRAINT; Schema: public; Owner: wagtail_demo
--

ALTER TABLE ONLY public.wagtailcore_workflowstate
    ADD CONSTRAINT wagtailcore_workflowstate_pkey PRIMARY KEY (id);


--
-- Name: wagtailcore_workflowtask wagtailcore_workflowtask_pkey; Type: CONSTRAINT; Schema: public; Owner: wagtail_demo
--

ALTER TABLE ONLY public.wagtailcore_workflowtask
    ADD CONSTRAINT wagtailcore_workflowtask_pkey PRIMARY KEY (id);


--
-- Name: wagtailcore_workflowtask wagtailcore_workflowtask_workflow_id_task_id_4ec7a62b_uniq; Type: CONSTRAINT; Schema: public; Owner: wagtail_demo
--

ALTER TABLE ONLY public.wagtailcore_workflowtask
    ADD CONSTRAINT wagtailcore_workflowtask_workflow_id_task_id_4ec7a62b_uniq UNIQUE (workflow_id, task_id);


--
-- Name: wagtaildocs_document wagtaildocs_document_pkey; Type: CONSTRAINT; Schema: public; Owner: wagtail_demo
--

ALTER TABLE ONLY public.wagtaildocs_document
    ADD CONSTRAINT wagtaildocs_document_pkey PRIMARY KEY (id);


--
-- Name: wagtaildocs_uploadeddocument wagtaildocs_uploadeddocument_pkey; Type: CONSTRAINT; Schema: public; Owner: wagtail_demo
--

ALTER TABLE ONLY public.wagtaildocs_uploadeddocument
    ADD CONSTRAINT wagtaildocs_uploadeddocument_pkey PRIMARY KEY (id);


--
-- Name: wagtailembeds_embed wagtailembeds_embed_hash_c9bd8c9a_uniq; Type: CONSTRAINT; Schema: public; Owner: wagtail_demo
--

ALTER TABLE ONLY public.wagtailembeds_embed
    ADD CONSTRAINT wagtailembeds_embed_hash_c9bd8c9a_uniq UNIQUE (hash);


--
-- Name: wagtailembeds_embed wagtailembeds_embed_pkey; Type: CONSTRAINT; Schema: public; Owner: wagtail_demo
--

ALTER TABLE ONLY public.wagtailembeds_embed
    ADD CONSTRAINT wagtailembeds_embed_pkey PRIMARY KEY (id);


--
-- Name: wagtailforms_formsubmission wagtailforms_formsubmission_pkey; Type: CONSTRAINT; Schema: public; Owner: wagtail_demo
--

ALTER TABLE ONLY public.wagtailforms_formsubmission
    ADD CONSTRAINT wagtailforms_formsubmission_pkey PRIMARY KEY (id);


--
-- Name: wagtailimages_image wagtailimages_image_pkey; Type: CONSTRAINT; Schema: public; Owner: wagtail_demo
--

ALTER TABLE ONLY public.wagtailimages_image
    ADD CONSTRAINT wagtailimages_image_pkey PRIMARY KEY (id);


--
-- Name: wagtailimages_rendition wagtailimages_rendition_image_id_filter_spec_foc_323c8fe0_uniq; Type: CONSTRAINT; Schema: public; Owner: wagtail_demo
--

ALTER TABLE ONLY public.wagtailimages_rendition
    ADD CONSTRAINT wagtailimages_rendition_image_id_filter_spec_foc_323c8fe0_uniq UNIQUE (image_id, filter_spec, focal_point_key);


--
-- Name: wagtailimages_rendition wagtailimages_rendition_pkey; Type: CONSTRAINT; Schema: public; Owner: wagtail_demo
--

ALTER TABLE ONLY public.wagtailimages_rendition
    ADD CONSTRAINT wagtailimages_rendition_pkey PRIMARY KEY (id);


--
-- Name: wagtailimages_uploadedimage wagtailimages_uploadedimage_pkey; Type: CONSTRAINT; Schema: public; Owner: wagtail_demo
--

ALTER TABLE ONLY public.wagtailimages_uploadedimage
    ADD CONSTRAINT wagtailimages_uploadedimage_pkey PRIMARY KEY (id);


--
-- Name: wagtailredirects_redirect wagtailredirects_redirect_old_path_site_id_783622d7_uniq; Type: CONSTRAINT; Schema: public; Owner: wagtail_demo
--

ALTER TABLE ONLY public.wagtailredirects_redirect
    ADD CONSTRAINT wagtailredirects_redirect_old_path_site_id_783622d7_uniq UNIQUE (old_path, site_id);


--
-- Name: wagtailredirects_redirect wagtailredirects_redirect_pkey; Type: CONSTRAINT; Schema: public; Owner: wagtail_demo
--

ALTER TABLE ONLY public.wagtailredirects_redirect
    ADD CONSTRAINT wagtailredirects_redirect_pkey PRIMARY KEY (id);


--
-- Name: wagtailsearch_editorspick wagtailsearch_editorspick_pkey; Type: CONSTRAINT; Schema: public; Owner: wagtail_demo
--

ALTER TABLE ONLY public.wagtailsearch_editorspick
    ADD CONSTRAINT wagtailsearch_editorspick_pkey PRIMARY KEY (id);


--
-- Name: wagtailsearch_query wagtailsearch_query_pkey; Type: CONSTRAINT; Schema: public; Owner: wagtail_demo
--

ALTER TABLE ONLY public.wagtailsearch_query
    ADD CONSTRAINT wagtailsearch_query_pkey PRIMARY KEY (id);


--
-- Name: wagtailsearch_query wagtailsearch_query_query_string_key; Type: CONSTRAINT; Schema: public; Owner: wagtail_demo
--

ALTER TABLE ONLY public.wagtailsearch_query
    ADD CONSTRAINT wagtailsearch_query_query_string_key UNIQUE (query_string);


--
-- Name: wagtailsearch_querydailyhits wagtailsearch_querydailyhits_pkey; Type: CONSTRAINT; Schema: public; Owner: wagtail_demo
--

ALTER TABLE ONLY public.wagtailsearch_querydailyhits
    ADD CONSTRAINT wagtailsearch_querydailyhits_pkey PRIMARY KEY (id);


--
-- Name: wagtailsearch_querydailyhits wagtailsearch_querydailyhits_query_id_date_1dd232e6_uniq; Type: CONSTRAINT; Schema: public; Owner: wagtail_demo
--

ALTER TABLE ONLY public.wagtailsearch_querydailyhits
    ADD CONSTRAINT wagtailsearch_querydailyhits_query_id_date_1dd232e6_uniq UNIQUE (query_id, date);


--
-- Name: wagtailusers_userprofile wagtailusers_userprofile_pkey; Type: CONSTRAINT; Schema: public; Owner: wagtail_demo
--

ALTER TABLE ONLY public.wagtailusers_userprofile
    ADD CONSTRAINT wagtailusers_userprofile_pkey PRIMARY KEY (id);


--
-- Name: wagtailusers_userprofile wagtailusers_userprofile_user_id_key; Type: CONSTRAINT; Schema: public; Owner: wagtail_demo
--

ALTER TABLE ONLY public.wagtailusers_userprofile
    ADD CONSTRAINT wagtailusers_userprofile_user_id_key UNIQUE (user_id);


--
-- Name: about_aboutpage_blog_page_id_390de298; Type: INDEX; Schema: public; Owner: wagtail_demo
--

CREATE INDEX about_aboutpage_blog_page_id_390de298 ON public.about_aboutpage USING btree (blog_page_id);


--
-- Name: auth_group_name_a6ea08ec_like; Type: INDEX; Schema: public; Owner: wagtail_demo
--

CREATE INDEX auth_group_name_a6ea08ec_like ON public.auth_group USING btree (name varchar_pattern_ops);


--
-- Name: auth_group_permissions_group_id_b120cbf9; Type: INDEX; Schema: public; Owner: wagtail_demo
--

CREATE INDEX auth_group_permissions_group_id_b120cbf9 ON public.auth_group_permissions USING btree (group_id);


--
-- Name: auth_group_permissions_permission_id_84c5c92e; Type: INDEX; Schema: public; Owner: wagtail_demo
--

CREATE INDEX auth_group_permissions_permission_id_84c5c92e ON public.auth_group_permissions USING btree (permission_id);


--
-- Name: auth_permission_content_type_id_2f476e4b; Type: INDEX; Schema: public; Owner: wagtail_demo
--

CREATE INDEX auth_permission_content_type_id_2f476e4b ON public.auth_permission USING btree (content_type_id);


--
-- Name: auth_user_groups_group_id_97559544; Type: INDEX; Schema: public; Owner: wagtail_demo
--

CREATE INDEX auth_user_groups_group_id_97559544 ON public.auth_user_groups USING btree (group_id);


--
-- Name: auth_user_groups_user_id_6a12ed8b; Type: INDEX; Schema: public; Owner: wagtail_demo
--

CREATE INDEX auth_user_groups_user_id_6a12ed8b ON public.auth_user_groups USING btree (user_id);


--
-- Name: auth_user_user_permissions_permission_id_1fbb5f2c; Type: INDEX; Schema: public; Owner: wagtail_demo
--

CREATE INDEX auth_user_user_permissions_permission_id_1fbb5f2c ON public.auth_user_user_permissions USING btree (permission_id);


--
-- Name: auth_user_user_permissions_user_id_a95ead1b; Type: INDEX; Schema: public; Owner: wagtail_demo
--

CREATE INDEX auth_user_user_permissions_user_id_a95ead1b ON public.auth_user_user_permissions USING btree (user_id);


--
-- Name: auth_user_username_6821ab7c_like; Type: INDEX; Schema: public; Owner: wagtail_demo
--

CREATE INDEX auth_user_username_6821ab7c_like ON public.auth_user USING btree (username varchar_pattern_ops);


--
-- Name: blog_blogcategory_slug_7996de7a_like; Type: INDEX; Schema: public; Owner: wagtail_demo
--

CREATE INDEX blog_blogcategory_slug_7996de7a_like ON public.blog_blogcategory USING btree (slug varchar_pattern_ops);


--
-- Name: blog_postpage_header_image_id_b6fcd5f4; Type: INDEX; Schema: public; Owner: wagtail_demo
--

CREATE INDEX blog_postpage_header_image_id_b6fcd5f4 ON public.blog_postpage USING btree (header_image_id);


--
-- Name: blog_postpageblogcategory_blog_category_id_d556e5eb; Type: INDEX; Schema: public; Owner: wagtail_demo
--

CREATE INDEX blog_postpageblogcategory_blog_category_id_d556e5eb ON public.blog_postpageblogcategory USING btree (blog_category_id);


--
-- Name: blog_postpageblogcategory_page_id_b8f4da20; Type: INDEX; Schema: public; Owner: wagtail_demo
--

CREATE INDEX blog_postpageblogcategory_page_id_b8f4da20 ON public.blog_postpageblogcategory USING btree (page_id);


--
-- Name: blog_postpagetag_content_object_id_a06cd0b5; Type: INDEX; Schema: public; Owner: wagtail_demo
--

CREATE INDEX blog_postpagetag_content_object_id_a06cd0b5 ON public.blog_postpagetag USING btree (content_object_id);


--
-- Name: blog_postpagetag_tag_id_4bb6c6b3; Type: INDEX; Schema: public; Owner: wagtail_demo
--

CREATE INDEX blog_postpagetag_tag_id_4bb6c6b3 ON public.blog_postpagetag USING btree (tag_id);


--
-- Name: django_admin_log_content_type_id_c4bce8eb; Type: INDEX; Schema: public; Owner: wagtail_demo
--

CREATE INDEX django_admin_log_content_type_id_c4bce8eb ON public.django_admin_log USING btree (content_type_id);


--
-- Name: django_admin_log_user_id_c564eba6; Type: INDEX; Schema: public; Owner: wagtail_demo
--

CREATE INDEX django_admin_log_user_id_c564eba6 ON public.django_admin_log USING btree (user_id);


--
-- Name: django_session_expire_date_a5c62663; Type: INDEX; Schema: public; Owner: wagtail_demo
--

CREATE INDEX django_session_expire_date_a5c62663 ON public.django_session USING btree (expire_date);


--
-- Name: django_session_session_key_c0390e0f_like; Type: INDEX; Schema: public; Owner: wagtail_demo
--

CREATE INDEX django_session_session_key_c0390e0f_like ON public.django_session USING btree (session_key varchar_pattern_ops);


--
-- Name: landing_landingpage_about_page_id_9b240658; Type: INDEX; Schema: public; Owner: wagtail_demo
--

CREATE INDEX landing_landingpage_about_page_id_9b240658 ON public.landing_landingpage USING btree (about_page_id);


--
-- Name: landing_landingpage_blog_page_id_2edfbd4a; Type: INDEX; Schema: public; Owner: wagtail_demo
--

CREATE INDEX landing_landingpage_blog_page_id_2edfbd4a ON public.landing_landingpage USING btree (blog_page_id);


--
-- Name: landing_landingpage_logo_id_211356f3; Type: INDEX; Schema: public; Owner: wagtail_demo
--

CREATE INDEX landing_landingpage_logo_id_211356f3 ON public.landing_landingpage USING btree (logo_id);


--
-- Name: taggit_tag_name_58eb2ed9_like; Type: INDEX; Schema: public; Owner: wagtail_demo
--

CREATE INDEX taggit_tag_name_58eb2ed9_like ON public.taggit_tag USING btree (name varchar_pattern_ops);


--
-- Name: taggit_tag_slug_6be58b2c_like; Type: INDEX; Schema: public; Owner: wagtail_demo
--

CREATE INDEX taggit_tag_slug_6be58b2c_like ON public.taggit_tag USING btree (slug varchar_pattern_ops);


--
-- Name: taggit_taggeditem_content_type_id_9957a03c; Type: INDEX; Schema: public; Owner: wagtail_demo
--

CREATE INDEX taggit_taggeditem_content_type_id_9957a03c ON public.taggit_taggeditem USING btree (content_type_id);


--
-- Name: taggit_taggeditem_content_type_id_object_id_196cc965_idx; Type: INDEX; Schema: public; Owner: wagtail_demo
--

CREATE INDEX taggit_taggeditem_content_type_id_object_id_196cc965_idx ON public.taggit_taggeditem USING btree (content_type_id, object_id);


--
-- Name: taggit_taggeditem_object_id_e2d7d1df; Type: INDEX; Schema: public; Owner: wagtail_demo
--

CREATE INDEX taggit_taggeditem_object_id_e2d7d1df ON public.taggit_taggeditem USING btree (object_id);


--
-- Name: taggit_taggeditem_tag_id_f4f5b767; Type: INDEX; Schema: public; Owner: wagtail_demo
--

CREATE INDEX taggit_taggeditem_tag_id_f4f5b767 ON public.taggit_taggeditem USING btree (tag_id);


--
-- Name: unique_in_progress_workflow; Type: INDEX; Schema: public; Owner: wagtail_demo
--

CREATE UNIQUE INDEX unique_in_progress_workflow ON public.wagtailcore_workflowstate USING btree (page_id) WHERE ((status)::text = ANY (ARRAY[('in_progress'::character varying)::text, ('needs_changes'::character varying)::text]));


--
-- Name: wagtail_localize_localesynchronization_sync_from_id_1bc4c2eb; Type: INDEX; Schema: public; Owner: wagtail_demo
--

CREATE INDEX wagtail_localize_localesynchronization_sync_from_id_1bc4c2eb ON public.wagtail_localize_localesynchronization USING btree (sync_from_id);


--
-- Name: wagtail_localize_overridablesegment_context_id_eed8c388; Type: INDEX; Schema: public; Owner: wagtail_demo
--

CREATE INDEX wagtail_localize_overridablesegment_context_id_eed8c388 ON public.wagtail_localize_overridablesegment USING btree (context_id);


--
-- Name: wagtail_localize_overridablesegment_source_id_5720ac20; Type: INDEX; Schema: public; Owner: wagtail_demo
--

CREATE INDEX wagtail_localize_overridablesegment_source_id_5720ac20 ON public.wagtail_localize_overridablesegment USING btree (source_id);


--
-- Name: wagtail_localize_relatedobjectsegment_context_id_c0a725be; Type: INDEX; Schema: public; Owner: wagtail_demo
--

CREATE INDEX wagtail_localize_relatedobjectsegment_context_id_c0a725be ON public.wagtail_localize_relatedobjectsegment USING btree (context_id);


--
-- Name: wagtail_localize_relatedobjectsegment_object_id_6c7b58df; Type: INDEX; Schema: public; Owner: wagtail_demo
--

CREATE INDEX wagtail_localize_relatedobjectsegment_object_id_6c7b58df ON public.wagtail_localize_relatedobjectsegment USING btree (object_id);


--
-- Name: wagtail_localize_relatedobjectsegment_source_id_9a3b1373; Type: INDEX; Schema: public; Owner: wagtail_demo
--

CREATE INDEX wagtail_localize_relatedobjectsegment_source_id_9a3b1373 ON public.wagtail_localize_relatedobjectsegment USING btree (source_id);


--
-- Name: wagtail_localize_segmentoverride_context_id_f827efe0; Type: INDEX; Schema: public; Owner: wagtail_demo
--

CREATE INDEX wagtail_localize_segmentoverride_context_id_f827efe0 ON public.wagtail_localize_segmentoverride USING btree (context_id);


--
-- Name: wagtail_localize_segmentoverride_last_translated_by_id_a86448fc; Type: INDEX; Schema: public; Owner: wagtail_demo
--

CREATE INDEX wagtail_localize_segmentoverride_last_translated_by_id_a86448fc ON public.wagtail_localize_segmentoverride USING btree (last_translated_by_id);


--
-- Name: wagtail_localize_segmentoverride_locale_id_b1673d41; Type: INDEX; Schema: public; Owner: wagtail_demo
--

CREATE INDEX wagtail_localize_segmentoverride_locale_id_b1673d41 ON public.wagtail_localize_segmentoverride USING btree (locale_id);


--
-- Name: wagtail_localize_string_locale_id_2cded126; Type: INDEX; Schema: public; Owner: wagtail_demo
--

CREATE INDEX wagtail_localize_string_locale_id_2cded126 ON public.wagtail_localize_string USING btree (locale_id);


--
-- Name: wagtail_localize_stringsegment_context_id_63235539; Type: INDEX; Schema: public; Owner: wagtail_demo
--

CREATE INDEX wagtail_localize_stringsegment_context_id_63235539 ON public.wagtail_localize_stringsegment USING btree (context_id);


--
-- Name: wagtail_localize_stringsegment_source_id_5804129f; Type: INDEX; Schema: public; Owner: wagtail_demo
--

CREATE INDEX wagtail_localize_stringsegment_source_id_5804129f ON public.wagtail_localize_stringsegment USING btree (source_id);


--
-- Name: wagtail_localize_stringsegment_string_id_6356d5ec; Type: INDEX; Schema: public; Owner: wagtail_demo
--

CREATE INDEX wagtail_localize_stringsegment_string_id_6356d5ec ON public.wagtail_localize_stringsegment USING btree (string_id);


--
-- Name: wagtail_localize_stringtra_last_translated_by_id_764c7a3f; Type: INDEX; Schema: public; Owner: wagtail_demo
--

CREATE INDEX wagtail_localize_stringtra_last_translated_by_id_764c7a3f ON public.wagtail_localize_stringtranslation USING btree (last_translated_by_id);


--
-- Name: wagtail_localize_stringtranslation_context_id_3cc13049; Type: INDEX; Schema: public; Owner: wagtail_demo
--

CREATE INDEX wagtail_localize_stringtranslation_context_id_3cc13049 ON public.wagtail_localize_stringtranslation USING btree (context_id);


--
-- Name: wagtail_localize_stringtranslation_locale_id_b9e3730d; Type: INDEX; Schema: public; Owner: wagtail_demo
--

CREATE INDEX wagtail_localize_stringtranslation_locale_id_b9e3730d ON public.wagtail_localize_stringtranslation USING btree (locale_id);


--
-- Name: wagtail_localize_stringtranslation_translation_of_id_8eef01d0; Type: INDEX; Schema: public; Owner: wagtail_demo
--

CREATE INDEX wagtail_localize_stringtranslation_translation_of_id_8eef01d0 ON public.wagtail_localize_stringtranslation USING btree (translation_of_id);


--
-- Name: wagtail_localize_templatesegment_context_id_81456b25; Type: INDEX; Schema: public; Owner: wagtail_demo
--

CREATE INDEX wagtail_localize_templatesegment_context_id_81456b25 ON public.wagtail_localize_templatesegment USING btree (context_id);


--
-- Name: wagtail_localize_templatesegment_source_id_26b89dc6; Type: INDEX; Schema: public; Owner: wagtail_demo
--

CREATE INDEX wagtail_localize_templatesegment_source_id_26b89dc6 ON public.wagtail_localize_templatesegment USING btree (source_id);


--
-- Name: wagtail_localize_templatesegment_template_id_c370b3c8; Type: INDEX; Schema: public; Owner: wagtail_demo
--

CREATE INDEX wagtail_localize_templatesegment_template_id_c370b3c8 ON public.wagtail_localize_templatesegment USING btree (template_id);


--
-- Name: wagtail_localize_translatableobject_content_type_id_0d6c5139; Type: INDEX; Schema: public; Owner: wagtail_demo
--

CREATE INDEX wagtail_localize_translatableobject_content_type_id_0d6c5139 ON public.wagtail_localize_translatableobject USING btree (content_type_id);


--
-- Name: wagtail_localize_translati_specific_content_type_id_3095eb76; Type: INDEX; Schema: public; Owner: wagtail_demo
--

CREATE INDEX wagtail_localize_translati_specific_content_type_id_3095eb76 ON public.wagtail_localize_translationsource USING btree (specific_content_type_id);


--
-- Name: wagtail_localize_translation_source_id_e326e1e3; Type: INDEX; Schema: public; Owner: wagtail_demo
--

CREATE INDEX wagtail_localize_translation_source_id_e326e1e3 ON public.wagtail_localize_translation USING btree (source_id);


--
-- Name: wagtail_localize_translation_target_locale_id_8c524f73; Type: INDEX; Schema: public; Owner: wagtail_demo
--

CREATE INDEX wagtail_localize_translation_target_locale_id_8c524f73 ON public.wagtail_localize_translation USING btree (target_locale_id);


--
-- Name: wagtail_localize_translationcontext_object_id_86263ce7; Type: INDEX; Schema: public; Owner: wagtail_demo
--

CREATE INDEX wagtail_localize_translationcontext_object_id_86263ce7 ON public.wagtail_localize_translationcontext USING btree (object_id);


--
-- Name: wagtail_localize_translationlog_locale_id_37619cb4; Type: INDEX; Schema: public; Owner: wagtail_demo
--

CREATE INDEX wagtail_localize_translationlog_locale_id_37619cb4 ON public.wagtail_localize_translationlog USING btree (locale_id);


--
-- Name: wagtail_localize_translationlog_page_revision_id_b036eea6; Type: INDEX; Schema: public; Owner: wagtail_demo
--

CREATE INDEX wagtail_localize_translationlog_page_revision_id_b036eea6 ON public.wagtail_localize_translationlog USING btree (page_revision_id);


--
-- Name: wagtail_localize_translationlog_source_id_7228923e; Type: INDEX; Schema: public; Owner: wagtail_demo
--

CREATE INDEX wagtail_localize_translationlog_source_id_7228923e ON public.wagtail_localize_translationlog USING btree (source_id);


--
-- Name: wagtail_localize_translationsource_locale_id_0ac264c0; Type: INDEX; Schema: public; Owner: wagtail_demo
--

CREATE INDEX wagtail_localize_translationsource_locale_id_0ac264c0 ON public.wagtail_localize_translationsource USING btree (locale_id);


--
-- Name: wagtail_localize_translationsource_object_id_6a078fd2; Type: INDEX; Schema: public; Owner: wagtail_demo
--

CREATE INDEX wagtail_localize_translationsource_object_id_6a078fd2 ON public.wagtail_localize_translationsource USING btree (object_id);


--
-- Name: wagtailcore_collection_path_d848dc19_like; Type: INDEX; Schema: public; Owner: wagtail_demo
--

CREATE INDEX wagtailcore_collection_path_d848dc19_like ON public.wagtailcore_collection USING btree (path varchar_pattern_ops);


--
-- Name: wagtailcore_collectionview_collectionviewrestriction__47320efd; Type: INDEX; Schema: public; Owner: wagtail_demo
--

CREATE INDEX wagtailcore_collectionview_collectionviewrestriction__47320efd ON public.wagtailcore_collectionviewrestriction_groups USING btree (collectionviewrestriction_id);


--
-- Name: wagtailcore_collectionviewrestriction_collection_id_761908ec; Type: INDEX; Schema: public; Owner: wagtail_demo
--

CREATE INDEX wagtailcore_collectionviewrestriction_collection_id_761908ec ON public.wagtailcore_collectionviewrestriction USING btree (collection_id);


--
-- Name: wagtailcore_collectionviewrestriction_groups_group_id_1823f2a3; Type: INDEX; Schema: public; Owner: wagtail_demo
--

CREATE INDEX wagtailcore_collectionviewrestriction_groups_group_id_1823f2a3 ON public.wagtailcore_collectionviewrestriction_groups USING btree (group_id);


--
-- Name: wagtailcore_comment_page_id_108444b5; Type: INDEX; Schema: public; Owner: wagtail_demo
--

CREATE INDEX wagtailcore_comment_page_id_108444b5 ON public.wagtailcore_comment USING btree (page_id);


--
-- Name: wagtailcore_comment_resolved_by_id_a282aa0e; Type: INDEX; Schema: public; Owner: wagtail_demo
--

CREATE INDEX wagtailcore_comment_resolved_by_id_a282aa0e ON public.wagtailcore_comment USING btree (resolved_by_id);


--
-- Name: wagtailcore_comment_revision_created_id_1d058279; Type: INDEX; Schema: public; Owner: wagtail_demo
--

CREATE INDEX wagtailcore_comment_revision_created_id_1d058279 ON public.wagtailcore_comment USING btree (revision_created_id);


--
-- Name: wagtailcore_comment_user_id_0c577ca6; Type: INDEX; Schema: public; Owner: wagtail_demo
--

CREATE INDEX wagtailcore_comment_user_id_0c577ca6 ON public.wagtailcore_comment USING btree (user_id);


--
-- Name: wagtailcore_commentreply_comment_id_afc7e027; Type: INDEX; Schema: public; Owner: wagtail_demo
--

CREATE INDEX wagtailcore_commentreply_comment_id_afc7e027 ON public.wagtailcore_commentreply USING btree (comment_id);


--
-- Name: wagtailcore_commentreply_user_id_d0b3b9c3; Type: INDEX; Schema: public; Owner: wagtail_demo
--

CREATE INDEX wagtailcore_commentreply_user_id_d0b3b9c3 ON public.wagtailcore_commentreply USING btree (user_id);


--
-- Name: wagtailcore_groupapprovalt_groupapprovaltask_id_9a9255ea; Type: INDEX; Schema: public; Owner: wagtail_demo
--

CREATE INDEX wagtailcore_groupapprovalt_groupapprovaltask_id_9a9255ea ON public.wagtailcore_groupapprovaltask_groups USING btree (groupapprovaltask_id);


--
-- Name: wagtailcore_groupapprovaltask_groups_group_id_2e64b61f; Type: INDEX; Schema: public; Owner: wagtail_demo
--

CREATE INDEX wagtailcore_groupapprovaltask_groups_group_id_2e64b61f ON public.wagtailcore_groupapprovaltask_groups USING btree (group_id);


--
-- Name: wagtailcore_groupcollectionpermission_collection_id_5423575a; Type: INDEX; Schema: public; Owner: wagtail_demo
--

CREATE INDEX wagtailcore_groupcollectionpermission_collection_id_5423575a ON public.wagtailcore_groupcollectionpermission USING btree (collection_id);


--
-- Name: wagtailcore_groupcollectionpermission_group_id_05d61460; Type: INDEX; Schema: public; Owner: wagtail_demo
--

CREATE INDEX wagtailcore_groupcollectionpermission_group_id_05d61460 ON public.wagtailcore_groupcollectionpermission USING btree (group_id);


--
-- Name: wagtailcore_groupcollectionpermission_permission_id_1b626275; Type: INDEX; Schema: public; Owner: wagtail_demo
--

CREATE INDEX wagtailcore_groupcollectionpermission_permission_id_1b626275 ON public.wagtailcore_groupcollectionpermission USING btree (permission_id);


--
-- Name: wagtailcore_grouppagepermission_group_id_fc07e671; Type: INDEX; Schema: public; Owner: wagtail_demo
--

CREATE INDEX wagtailcore_grouppagepermission_group_id_fc07e671 ON public.wagtailcore_grouppagepermission USING btree (group_id);


--
-- Name: wagtailcore_grouppagepermission_page_id_710b114a; Type: INDEX; Schema: public; Owner: wagtail_demo
--

CREATE INDEX wagtailcore_grouppagepermission_page_id_710b114a ON public.wagtailcore_grouppagepermission USING btree (page_id);


--
-- Name: wagtailcore_locale_language_code_03149338_like; Type: INDEX; Schema: public; Owner: wagtail_demo
--

CREATE INDEX wagtailcore_locale_language_code_03149338_like ON public.wagtailcore_locale USING btree (language_code varchar_pattern_ops);


--
-- Name: wagtailcore_page_alias_of_id_12945502; Type: INDEX; Schema: public; Owner: wagtail_demo
--

CREATE INDEX wagtailcore_page_alias_of_id_12945502 ON public.wagtailcore_page USING btree (alias_of_id);


--
-- Name: wagtailcore_page_content_type_id_c28424df; Type: INDEX; Schema: public; Owner: wagtail_demo
--

CREATE INDEX wagtailcore_page_content_type_id_c28424df ON public.wagtailcore_page USING btree (content_type_id);


--
-- Name: wagtailcore_page_first_published_at_2b5dd637; Type: INDEX; Schema: public; Owner: wagtail_demo
--

CREATE INDEX wagtailcore_page_first_published_at_2b5dd637 ON public.wagtailcore_page USING btree (first_published_at);


--
-- Name: wagtailcore_page_live_revision_id_930bd822; Type: INDEX; Schema: public; Owner: wagtail_demo
--

CREATE INDEX wagtailcore_page_live_revision_id_930bd822 ON public.wagtailcore_page USING btree (live_revision_id);


--
-- Name: wagtailcore_page_locale_id_3c7e30a6; Type: INDEX; Schema: public; Owner: wagtail_demo
--

CREATE INDEX wagtailcore_page_locale_id_3c7e30a6 ON public.wagtailcore_page USING btree (locale_id);


--
-- Name: wagtailcore_page_locked_by_id_bcb86245; Type: INDEX; Schema: public; Owner: wagtail_demo
--

CREATE INDEX wagtailcore_page_locked_by_id_bcb86245 ON public.wagtailcore_page USING btree (locked_by_id);


--
-- Name: wagtailcore_page_owner_id_fbf7c332; Type: INDEX; Schema: public; Owner: wagtail_demo
--

CREATE INDEX wagtailcore_page_owner_id_fbf7c332 ON public.wagtailcore_page USING btree (owner_id);


--
-- Name: wagtailcore_page_path_98eba2c8_like; Type: INDEX; Schema: public; Owner: wagtail_demo
--

CREATE INDEX wagtailcore_page_path_98eba2c8_like ON public.wagtailcore_page USING btree (path varchar_pattern_ops);


--
-- Name: wagtailcore_page_slug_e7c11b8f; Type: INDEX; Schema: public; Owner: wagtail_demo
--

CREATE INDEX wagtailcore_page_slug_e7c11b8f ON public.wagtailcore_page USING btree (slug);


--
-- Name: wagtailcore_page_slug_e7c11b8f_like; Type: INDEX; Schema: public; Owner: wagtail_demo
--

CREATE INDEX wagtailcore_page_slug_e7c11b8f_like ON public.wagtailcore_page USING btree (slug varchar_pattern_ops);


--
-- Name: wagtailcore_pagelogentry_action_c2408198; Type: INDEX; Schema: public; Owner: wagtail_demo
--

CREATE INDEX wagtailcore_pagelogentry_action_c2408198 ON public.wagtailcore_pagelogentry USING btree (action);


--
-- Name: wagtailcore_pagelogentry_action_c2408198_like; Type: INDEX; Schema: public; Owner: wagtail_demo
--

CREATE INDEX wagtailcore_pagelogentry_action_c2408198_like ON public.wagtailcore_pagelogentry USING btree (action varchar_pattern_ops);


--
-- Name: wagtailcore_pagelogentry_content_changed_99f27ade; Type: INDEX; Schema: public; Owner: wagtail_demo
--

CREATE INDEX wagtailcore_pagelogentry_content_changed_99f27ade ON public.wagtailcore_pagelogentry USING btree (content_changed);


--
-- Name: wagtailcore_pagelogentry_content_type_id_74e7708a; Type: INDEX; Schema: public; Owner: wagtail_demo
--

CREATE INDEX wagtailcore_pagelogentry_content_type_id_74e7708a ON public.wagtailcore_pagelogentry USING btree (content_type_id);


--
-- Name: wagtailcore_pagelogentry_page_id_8464e327; Type: INDEX; Schema: public; Owner: wagtail_demo
--

CREATE INDEX wagtailcore_pagelogentry_page_id_8464e327 ON public.wagtailcore_pagelogentry USING btree (page_id);


--
-- Name: wagtailcore_pagelogentry_revision_id_8043d103; Type: INDEX; Schema: public; Owner: wagtail_demo
--

CREATE INDEX wagtailcore_pagelogentry_revision_id_8043d103 ON public.wagtailcore_pagelogentry USING btree (revision_id);


--
-- Name: wagtailcore_pagelogentry_user_id_604ccfd8; Type: INDEX; Schema: public; Owner: wagtail_demo
--

CREATE INDEX wagtailcore_pagelogentry_user_id_604ccfd8 ON public.wagtailcore_pagelogentry USING btree (user_id);


--
-- Name: wagtailcore_pagerevision_approved_go_live_at_e56afc67; Type: INDEX; Schema: public; Owner: wagtail_demo
--

CREATE INDEX wagtailcore_pagerevision_approved_go_live_at_e56afc67 ON public.wagtailcore_pagerevision USING btree (approved_go_live_at);


--
-- Name: wagtailcore_pagerevision_created_at_66954e3b; Type: INDEX; Schema: public; Owner: wagtail_demo
--

CREATE INDEX wagtailcore_pagerevision_created_at_66954e3b ON public.wagtailcore_pagerevision USING btree (created_at);


--
-- Name: wagtailcore_pagerevision_page_id_d421cc1d; Type: INDEX; Schema: public; Owner: wagtail_demo
--

CREATE INDEX wagtailcore_pagerevision_page_id_d421cc1d ON public.wagtailcore_pagerevision USING btree (page_id);


--
-- Name: wagtailcore_pagerevision_submitted_for_moderation_c682e44c; Type: INDEX; Schema: public; Owner: wagtail_demo
--

CREATE INDEX wagtailcore_pagerevision_submitted_for_moderation_c682e44c ON public.wagtailcore_pagerevision USING btree (submitted_for_moderation);


--
-- Name: wagtailcore_pagerevision_user_id_2409d2f4; Type: INDEX; Schema: public; Owner: wagtail_demo
--

CREATE INDEX wagtailcore_pagerevision_user_id_2409d2f4 ON public.wagtailcore_pagerevision USING btree (user_id);


--
-- Name: wagtailcore_pagesubscription_page_id_a085e7a6; Type: INDEX; Schema: public; Owner: wagtail_demo
--

CREATE INDEX wagtailcore_pagesubscription_page_id_a085e7a6 ON public.wagtailcore_pagesubscription USING btree (page_id);


--
-- Name: wagtailcore_pagesubscription_user_id_89d7def9; Type: INDEX; Schema: public; Owner: wagtail_demo
--

CREATE INDEX wagtailcore_pagesubscription_user_id_89d7def9 ON public.wagtailcore_pagesubscription USING btree (user_id);


--
-- Name: wagtailcore_pageviewrestri_pageviewrestriction_id_f147a99a; Type: INDEX; Schema: public; Owner: wagtail_demo
--

CREATE INDEX wagtailcore_pageviewrestri_pageviewrestriction_id_f147a99a ON public.wagtailcore_pageviewrestriction_groups USING btree (pageviewrestriction_id);


--
-- Name: wagtailcore_pageviewrestriction_groups_group_id_6460f223; Type: INDEX; Schema: public; Owner: wagtail_demo
--

CREATE INDEX wagtailcore_pageviewrestriction_groups_group_id_6460f223 ON public.wagtailcore_pageviewrestriction_groups USING btree (group_id);


--
-- Name: wagtailcore_pageviewrestriction_page_id_15a8bea6; Type: INDEX; Schema: public; Owner: wagtail_demo
--

CREATE INDEX wagtailcore_pageviewrestriction_page_id_15a8bea6 ON public.wagtailcore_pageviewrestriction USING btree (page_id);


--
-- Name: wagtailcore_site_hostname_96b20b46; Type: INDEX; Schema: public; Owner: wagtail_demo
--

CREATE INDEX wagtailcore_site_hostname_96b20b46 ON public.wagtailcore_site USING btree (hostname);


--
-- Name: wagtailcore_site_hostname_96b20b46_like; Type: INDEX; Schema: public; Owner: wagtail_demo
--

CREATE INDEX wagtailcore_site_hostname_96b20b46_like ON public.wagtailcore_site USING btree (hostname varchar_pattern_ops);


--
-- Name: wagtailcore_site_root_page_id_e02fb95c; Type: INDEX; Schema: public; Owner: wagtail_demo
--

CREATE INDEX wagtailcore_site_root_page_id_e02fb95c ON public.wagtailcore_site USING btree (root_page_id);


--
-- Name: wagtailcore_task_content_type_id_249ab8ba; Type: INDEX; Schema: public; Owner: wagtail_demo
--

CREATE INDEX wagtailcore_task_content_type_id_249ab8ba ON public.wagtailcore_task USING btree (content_type_id);


--
-- Name: wagtailcore_taskstate_content_type_id_0a758fdc; Type: INDEX; Schema: public; Owner: wagtail_demo
--

CREATE INDEX wagtailcore_taskstate_content_type_id_0a758fdc ON public.wagtailcore_taskstate USING btree (content_type_id);


--
-- Name: wagtailcore_taskstate_finished_by_id_13f98229; Type: INDEX; Schema: public; Owner: wagtail_demo
--

CREATE INDEX wagtailcore_taskstate_finished_by_id_13f98229 ON public.wagtailcore_taskstate USING btree (finished_by_id);


--
-- Name: wagtailcore_taskstate_page_revision_id_9f52c88e; Type: INDEX; Schema: public; Owner: wagtail_demo
--

CREATE INDEX wagtailcore_taskstate_page_revision_id_9f52c88e ON public.wagtailcore_taskstate USING btree (page_revision_id);


--
-- Name: wagtailcore_taskstate_task_id_c3677c34; Type: INDEX; Schema: public; Owner: wagtail_demo
--

CREATE INDEX wagtailcore_taskstate_task_id_c3677c34 ON public.wagtailcore_taskstate USING btree (task_id);


--
-- Name: wagtailcore_taskstate_workflow_state_id_9239a775; Type: INDEX; Schema: public; Owner: wagtail_demo
--

CREATE INDEX wagtailcore_taskstate_workflow_state_id_9239a775 ON public.wagtailcore_taskstate USING btree (workflow_state_id);


--
-- Name: wagtailcore_workflowpage_workflow_id_56f56ff6; Type: INDEX; Schema: public; Owner: wagtail_demo
--

CREATE INDEX wagtailcore_workflowpage_workflow_id_56f56ff6 ON public.wagtailcore_workflowpage USING btree (workflow_id);


--
-- Name: wagtailcore_workflowstate_page_id_6c962862; Type: INDEX; Schema: public; Owner: wagtail_demo
--

CREATE INDEX wagtailcore_workflowstate_page_id_6c962862 ON public.wagtailcore_workflowstate USING btree (page_id);


--
-- Name: wagtailcore_workflowstate_requested_by_id_4090bca3; Type: INDEX; Schema: public; Owner: wagtail_demo
--

CREATE INDEX wagtailcore_workflowstate_requested_by_id_4090bca3 ON public.wagtailcore_workflowstate USING btree (requested_by_id);


--
-- Name: wagtailcore_workflowstate_workflow_id_1f18378f; Type: INDEX; Schema: public; Owner: wagtail_demo
--

CREATE INDEX wagtailcore_workflowstate_workflow_id_1f18378f ON public.wagtailcore_workflowstate USING btree (workflow_id);


--
-- Name: wagtailcore_workflowtask_task_id_ce7716fe; Type: INDEX; Schema: public; Owner: wagtail_demo
--

CREATE INDEX wagtailcore_workflowtask_task_id_ce7716fe ON public.wagtailcore_workflowtask USING btree (task_id);


--
-- Name: wagtailcore_workflowtask_workflow_id_b9717175; Type: INDEX; Schema: public; Owner: wagtail_demo
--

CREATE INDEX wagtailcore_workflowtask_workflow_id_b9717175 ON public.wagtailcore_workflowtask USING btree (workflow_id);


--
-- Name: wagtaildocs_document_collection_id_23881625; Type: INDEX; Schema: public; Owner: wagtail_demo
--

CREATE INDEX wagtaildocs_document_collection_id_23881625 ON public.wagtaildocs_document USING btree (collection_id);


--
-- Name: wagtaildocs_document_uploaded_by_user_id_17258b41; Type: INDEX; Schema: public; Owner: wagtail_demo
--

CREATE INDEX wagtaildocs_document_uploaded_by_user_id_17258b41 ON public.wagtaildocs_document USING btree (uploaded_by_user_id);


--
-- Name: wagtaildocs_uploadeddocument_uploaded_by_user_id_8dd61a73; Type: INDEX; Schema: public; Owner: wagtail_demo
--

CREATE INDEX wagtaildocs_uploadeddocument_uploaded_by_user_id_8dd61a73 ON public.wagtaildocs_uploadeddocument USING btree (uploaded_by_user_id);


--
-- Name: wagtailembeds_embed_cache_until_26c94bb0; Type: INDEX; Schema: public; Owner: wagtail_demo
--

CREATE INDEX wagtailembeds_embed_cache_until_26c94bb0 ON public.wagtailembeds_embed USING btree (cache_until);


--
-- Name: wagtailembeds_embed_hash_c9bd8c9a_like; Type: INDEX; Schema: public; Owner: wagtail_demo
--

CREATE INDEX wagtailembeds_embed_hash_c9bd8c9a_like ON public.wagtailembeds_embed USING btree (hash varchar_pattern_ops);


--
-- Name: wagtailforms_formsubmission_page_id_e48e93e7; Type: INDEX; Schema: public; Owner: wagtail_demo
--

CREATE INDEX wagtailforms_formsubmission_page_id_e48e93e7 ON public.wagtailforms_formsubmission USING btree (page_id);


--
-- Name: wagtailimages_image_collection_id_c2f8af7e; Type: INDEX; Schema: public; Owner: wagtail_demo
--

CREATE INDEX wagtailimages_image_collection_id_c2f8af7e ON public.wagtailimages_image USING btree (collection_id);


--
-- Name: wagtailimages_image_created_at_86fa6cd4; Type: INDEX; Schema: public; Owner: wagtail_demo
--

CREATE INDEX wagtailimages_image_created_at_86fa6cd4 ON public.wagtailimages_image USING btree (created_at);


--
-- Name: wagtailimages_image_uploaded_by_user_id_5d73dc75; Type: INDEX; Schema: public; Owner: wagtail_demo
--

CREATE INDEX wagtailimages_image_uploaded_by_user_id_5d73dc75 ON public.wagtailimages_image USING btree (uploaded_by_user_id);


--
-- Name: wagtailimages_rendition_filter_spec_1cba3201; Type: INDEX; Schema: public; Owner: wagtail_demo
--

CREATE INDEX wagtailimages_rendition_filter_spec_1cba3201 ON public.wagtailimages_rendition USING btree (filter_spec);


--
-- Name: wagtailimages_rendition_filter_spec_1cba3201_like; Type: INDEX; Schema: public; Owner: wagtail_demo
--

CREATE INDEX wagtailimages_rendition_filter_spec_1cba3201_like ON public.wagtailimages_rendition USING btree (filter_spec varchar_pattern_ops);


--
-- Name: wagtailimages_rendition_image_id_3e1fd774; Type: INDEX; Schema: public; Owner: wagtail_demo
--

CREATE INDEX wagtailimages_rendition_image_id_3e1fd774 ON public.wagtailimages_rendition USING btree (image_id);


--
-- Name: wagtailimages_uploadedimage_uploaded_by_user_id_85921689; Type: INDEX; Schema: public; Owner: wagtail_demo
--

CREATE INDEX wagtailimages_uploadedimage_uploaded_by_user_id_85921689 ON public.wagtailimages_uploadedimage USING btree (uploaded_by_user_id);


--
-- Name: wagtailredirects_redirect_old_path_bb35247b; Type: INDEX; Schema: public; Owner: wagtail_demo
--

CREATE INDEX wagtailredirects_redirect_old_path_bb35247b ON public.wagtailredirects_redirect USING btree (old_path);


--
-- Name: wagtailredirects_redirect_old_path_bb35247b_like; Type: INDEX; Schema: public; Owner: wagtail_demo
--

CREATE INDEX wagtailredirects_redirect_old_path_bb35247b_like ON public.wagtailredirects_redirect USING btree (old_path varchar_pattern_ops);


--
-- Name: wagtailredirects_redirect_redirect_page_id_b5728a8f; Type: INDEX; Schema: public; Owner: wagtail_demo
--

CREATE INDEX wagtailredirects_redirect_redirect_page_id_b5728a8f ON public.wagtailredirects_redirect USING btree (redirect_page_id);


--
-- Name: wagtailredirects_redirect_site_id_780a0e1e; Type: INDEX; Schema: public; Owner: wagtail_demo
--

CREATE INDEX wagtailredirects_redirect_site_id_780a0e1e ON public.wagtailredirects_redirect USING btree (site_id);


--
-- Name: wagtailsearch_editorspick_page_id_28cbc274; Type: INDEX; Schema: public; Owner: wagtail_demo
--

CREATE INDEX wagtailsearch_editorspick_page_id_28cbc274 ON public.wagtailsearch_editorspick USING btree (page_id);


--
-- Name: wagtailsearch_editorspick_query_id_c6eee4a0; Type: INDEX; Schema: public; Owner: wagtail_demo
--

CREATE INDEX wagtailsearch_editorspick_query_id_c6eee4a0 ON public.wagtailsearch_editorspick USING btree (query_id);


--
-- Name: wagtailsearch_query_query_string_e785ea07_like; Type: INDEX; Schema: public; Owner: wagtail_demo
--

CREATE INDEX wagtailsearch_query_query_string_e785ea07_like ON public.wagtailsearch_query USING btree (query_string varchar_pattern_ops);


--
-- Name: wagtailsearch_querydailyhits_query_id_2185994b; Type: INDEX; Schema: public; Owner: wagtail_demo
--

CREATE INDEX wagtailsearch_querydailyhits_query_id_2185994b ON public.wagtailsearch_querydailyhits USING btree (query_id);


--
-- Name: about_aboutpage about_aboutpage_blog_page_id_390de298_fk_wagtailcore_page_id; Type: FK CONSTRAINT; Schema: public; Owner: wagtail_demo
--

ALTER TABLE ONLY public.about_aboutpage
    ADD CONSTRAINT about_aboutpage_blog_page_id_390de298_fk_wagtailcore_page_id FOREIGN KEY (blog_page_id) REFERENCES public.wagtailcore_page(id) DEFERRABLE INITIALLY DEFERRED;


--
-- Name: about_aboutpage about_aboutpage_page_ptr_id_4b8dd3ec_fk_wagtailcore_page_id; Type: FK CONSTRAINT; Schema: public; Owner: wagtail_demo
--

ALTER TABLE ONLY public.about_aboutpage
    ADD CONSTRAINT about_aboutpage_page_ptr_id_4b8dd3ec_fk_wagtailcore_page_id FOREIGN KEY (page_ptr_id) REFERENCES public.wagtailcore_page(id) DEFERRABLE INITIALLY DEFERRED;


--
-- Name: auth_group_permissions auth_group_permissio_permission_id_84c5c92e_fk_auth_perm; Type: FK CONSTRAINT; Schema: public; Owner: wagtail_demo
--

ALTER TABLE ONLY public.auth_group_permissions
    ADD CONSTRAINT auth_group_permissio_permission_id_84c5c92e_fk_auth_perm FOREIGN KEY (permission_id) REFERENCES public.auth_permission(id) DEFERRABLE INITIALLY DEFERRED;


--
-- Name: auth_group_permissions auth_group_permissions_group_id_b120cbf9_fk_auth_group_id; Type: FK CONSTRAINT; Schema: public; Owner: wagtail_demo
--

ALTER TABLE ONLY public.auth_group_permissions
    ADD CONSTRAINT auth_group_permissions_group_id_b120cbf9_fk_auth_group_id FOREIGN KEY (group_id) REFERENCES public.auth_group(id) DEFERRABLE INITIALLY DEFERRED;


--
-- Name: auth_permission auth_permission_content_type_id_2f476e4b_fk_django_co; Type: FK CONSTRAINT; Schema: public; Owner: wagtail_demo
--

ALTER TABLE ONLY public.auth_permission
    ADD CONSTRAINT auth_permission_content_type_id_2f476e4b_fk_django_co FOREIGN KEY (content_type_id) REFERENCES public.django_content_type(id) DEFERRABLE INITIALLY DEFERRED;


--
-- Name: auth_user_groups auth_user_groups_group_id_97559544_fk_auth_group_id; Type: FK CONSTRAINT; Schema: public; Owner: wagtail_demo
--

ALTER TABLE ONLY public.auth_user_groups
    ADD CONSTRAINT auth_user_groups_group_id_97559544_fk_auth_group_id FOREIGN KEY (group_id) REFERENCES public.auth_group(id) DEFERRABLE INITIALLY DEFERRED;


--
-- Name: auth_user_groups auth_user_groups_user_id_6a12ed8b_fk_auth_user_id; Type: FK CONSTRAINT; Schema: public; Owner: wagtail_demo
--

ALTER TABLE ONLY public.auth_user_groups
    ADD CONSTRAINT auth_user_groups_user_id_6a12ed8b_fk_auth_user_id FOREIGN KEY (user_id) REFERENCES public.auth_user(id) DEFERRABLE INITIALLY DEFERRED;


--
-- Name: auth_user_user_permissions auth_user_user_permi_permission_id_1fbb5f2c_fk_auth_perm; Type: FK CONSTRAINT; Schema: public; Owner: wagtail_demo
--

ALTER TABLE ONLY public.auth_user_user_permissions
    ADD CONSTRAINT auth_user_user_permi_permission_id_1fbb5f2c_fk_auth_perm FOREIGN KEY (permission_id) REFERENCES public.auth_permission(id) DEFERRABLE INITIALLY DEFERRED;


--
-- Name: auth_user_user_permissions auth_user_user_permissions_user_id_a95ead1b_fk_auth_user_id; Type: FK CONSTRAINT; Schema: public; Owner: wagtail_demo
--

ALTER TABLE ONLY public.auth_user_user_permissions
    ADD CONSTRAINT auth_user_user_permissions_user_id_a95ead1b_fk_auth_user_id FOREIGN KEY (user_id) REFERENCES public.auth_user(id) DEFERRABLE INITIALLY DEFERRED;


--
-- Name: blog_blogpage blog_blogpage_page_ptr_id_1d78e2b7_fk_wagtailcore_page_id; Type: FK CONSTRAINT; Schema: public; Owner: wagtail_demo
--

ALTER TABLE ONLY public.blog_blogpage
    ADD CONSTRAINT blog_blogpage_page_ptr_id_1d78e2b7_fk_wagtailcore_page_id FOREIGN KEY (page_ptr_id) REFERENCES public.wagtailcore_page(id) DEFERRABLE INITIALLY DEFERRED;


--
-- Name: blog_postpage blog_postpage_header_image_id_b6fcd5f4_fk_wagtailim; Type: FK CONSTRAINT; Schema: public; Owner: wagtail_demo
--

ALTER TABLE ONLY public.blog_postpage
    ADD CONSTRAINT blog_postpage_header_image_id_b6fcd5f4_fk_wagtailim FOREIGN KEY (header_image_id) REFERENCES public.wagtailimages_image(id) DEFERRABLE INITIALLY DEFERRED;


--
-- Name: blog_postpage blog_postpage_page_ptr_id_54127208_fk_wagtailcore_page_id; Type: FK CONSTRAINT; Schema: public; Owner: wagtail_demo
--

ALTER TABLE ONLY public.blog_postpage
    ADD CONSTRAINT blog_postpage_page_ptr_id_54127208_fk_wagtailcore_page_id FOREIGN KEY (page_ptr_id) REFERENCES public.wagtailcore_page(id) DEFERRABLE INITIALLY DEFERRED;


--
-- Name: blog_postpageblogcategory blog_postpageblogcat_page_id_b8f4da20_fk_blog_post; Type: FK CONSTRAINT; Schema: public; Owner: wagtail_demo
--

ALTER TABLE ONLY public.blog_postpageblogcategory
    ADD CONSTRAINT blog_postpageblogcat_page_id_b8f4da20_fk_blog_post FOREIGN KEY (page_id) REFERENCES public.blog_postpage(page_ptr_id) DEFERRABLE INITIALLY DEFERRED;


--
-- Name: blog_postpageblogcategory blog_postpageblogcategory_blog_category_id_d556e5eb_fk; Type: FK CONSTRAINT; Schema: public; Owner: wagtail_demo
--

ALTER TABLE ONLY public.blog_postpageblogcategory
    ADD CONSTRAINT blog_postpageblogcategory_blog_category_id_d556e5eb_fk FOREIGN KEY (blog_category_id) REFERENCES public.blog_blogcategory(id) DEFERRABLE INITIALLY DEFERRED;


--
-- Name: blog_postpagetag blog_postpagetag_content_object_id_a06cd0b5_fk_blog_post; Type: FK CONSTRAINT; Schema: public; Owner: wagtail_demo
--

ALTER TABLE ONLY public.blog_postpagetag
    ADD CONSTRAINT blog_postpagetag_content_object_id_a06cd0b5_fk_blog_post FOREIGN KEY (content_object_id) REFERENCES public.blog_postpage(page_ptr_id) DEFERRABLE INITIALLY DEFERRED;


--
-- Name: blog_postpagetag blog_postpagetag_tag_id_4bb6c6b3_fk_taggit_tag_id; Type: FK CONSTRAINT; Schema: public; Owner: wagtail_demo
--

ALTER TABLE ONLY public.blog_postpagetag
    ADD CONSTRAINT blog_postpagetag_tag_id_4bb6c6b3_fk_taggit_tag_id FOREIGN KEY (tag_id) REFERENCES public.taggit_tag(id) DEFERRABLE INITIALLY DEFERRED;


--
-- Name: django_admin_log django_admin_log_content_type_id_c4bce8eb_fk_django_co; Type: FK CONSTRAINT; Schema: public; Owner: wagtail_demo
--

ALTER TABLE ONLY public.django_admin_log
    ADD CONSTRAINT django_admin_log_content_type_id_c4bce8eb_fk_django_co FOREIGN KEY (content_type_id) REFERENCES public.django_content_type(id) DEFERRABLE INITIALLY DEFERRED;


--
-- Name: django_admin_log django_admin_log_user_id_c564eba6_fk_auth_user_id; Type: FK CONSTRAINT; Schema: public; Owner: wagtail_demo
--

ALTER TABLE ONLY public.django_admin_log
    ADD CONSTRAINT django_admin_log_user_id_c564eba6_fk_auth_user_id FOREIGN KEY (user_id) REFERENCES public.auth_user(id) DEFERRABLE INITIALLY DEFERRED;


--
-- Name: home_homepage home_homepage_page_ptr_id_e5b77cf7_fk_wagtailcore_page_id; Type: FK CONSTRAINT; Schema: public; Owner: wagtail_demo
--

ALTER TABLE ONLY public.home_homepage
    ADD CONSTRAINT home_homepage_page_ptr_id_e5b77cf7_fk_wagtailcore_page_id FOREIGN KEY (page_ptr_id) REFERENCES public.wagtailcore_page(id) DEFERRABLE INITIALLY DEFERRED;


--
-- Name: landing_landingpage landing_landingpage_about_page_id_9b240658_fk_wagtailco; Type: FK CONSTRAINT; Schema: public; Owner: wagtail_demo
--

ALTER TABLE ONLY public.landing_landingpage
    ADD CONSTRAINT landing_landingpage_about_page_id_9b240658_fk_wagtailco FOREIGN KEY (about_page_id) REFERENCES public.wagtailcore_page(id) DEFERRABLE INITIALLY DEFERRED;


--
-- Name: landing_landingpage landing_landingpage_blog_page_id_2edfbd4a_fk_wagtailco; Type: FK CONSTRAINT; Schema: public; Owner: wagtail_demo
--

ALTER TABLE ONLY public.landing_landingpage
    ADD CONSTRAINT landing_landingpage_blog_page_id_2edfbd4a_fk_wagtailco FOREIGN KEY (blog_page_id) REFERENCES public.wagtailcore_page(id) DEFERRABLE INITIALLY DEFERRED;


--
-- Name: landing_landingpage landing_landingpage_logo_id_211356f3_fk_wagtailimages_image_id; Type: FK CONSTRAINT; Schema: public; Owner: wagtail_demo
--

ALTER TABLE ONLY public.landing_landingpage
    ADD CONSTRAINT landing_landingpage_logo_id_211356f3_fk_wagtailimages_image_id FOREIGN KEY (logo_id) REFERENCES public.wagtailimages_image(id) DEFERRABLE INITIALLY DEFERRED;


--
-- Name: landing_landingpage landing_landingpage_page_ptr_id_f2004790_fk_wagtailcore_page_id; Type: FK CONSTRAINT; Schema: public; Owner: wagtail_demo
--

ALTER TABLE ONLY public.landing_landingpage
    ADD CONSTRAINT landing_landingpage_page_ptr_id_f2004790_fk_wagtailcore_page_id FOREIGN KEY (page_ptr_id) REFERENCES public.wagtailcore_page(id) DEFERRABLE INITIALLY DEFERRED;


--
-- Name: taggit_taggeditem taggit_taggeditem_content_type_id_9957a03c_fk_django_co; Type: FK CONSTRAINT; Schema: public; Owner: wagtail_demo
--

ALTER TABLE ONLY public.taggit_taggeditem
    ADD CONSTRAINT taggit_taggeditem_content_type_id_9957a03c_fk_django_co FOREIGN KEY (content_type_id) REFERENCES public.django_content_type(id) DEFERRABLE INITIALLY DEFERRED;


--
-- Name: taggit_taggeditem taggit_taggeditem_tag_id_f4f5b767_fk_taggit_tag_id; Type: FK CONSTRAINT; Schema: public; Owner: wagtail_demo
--

ALTER TABLE ONLY public.taggit_taggeditem
    ADD CONSTRAINT taggit_taggeditem_tag_id_f4f5b767_fk_taggit_tag_id FOREIGN KEY (tag_id) REFERENCES public.taggit_tag(id) DEFERRABLE INITIALLY DEFERRED;


--
-- Name: wagtail_localize_localesynchronization wagtail_localize_loc_locale_id_036a3a20_fk_wagtailco; Type: FK CONSTRAINT; Schema: public; Owner: wagtail_demo
--

ALTER TABLE ONLY public.wagtail_localize_localesynchronization
    ADD CONSTRAINT wagtail_localize_loc_locale_id_036a3a20_fk_wagtailco FOREIGN KEY (locale_id) REFERENCES public.wagtailcore_locale(id) DEFERRABLE INITIALLY DEFERRED;


--
-- Name: wagtail_localize_localesynchronization wagtail_localize_loc_sync_from_id_1bc4c2eb_fk_wagtailco; Type: FK CONSTRAINT; Schema: public; Owner: wagtail_demo
--

ALTER TABLE ONLY public.wagtail_localize_localesynchronization
    ADD CONSTRAINT wagtail_localize_loc_sync_from_id_1bc4c2eb_fk_wagtailco FOREIGN KEY (sync_from_id) REFERENCES public.wagtailcore_locale(id) DEFERRABLE INITIALLY DEFERRED;


--
-- Name: wagtail_localize_overridablesegment wagtail_localize_ove_context_id_eed8c388_fk_wagtail_l; Type: FK CONSTRAINT; Schema: public; Owner: wagtail_demo
--

ALTER TABLE ONLY public.wagtail_localize_overridablesegment
    ADD CONSTRAINT wagtail_localize_ove_context_id_eed8c388_fk_wagtail_l FOREIGN KEY (context_id) REFERENCES public.wagtail_localize_translationcontext(id) DEFERRABLE INITIALLY DEFERRED;


--
-- Name: wagtail_localize_overridablesegment wagtail_localize_ove_source_id_5720ac20_fk_wagtail_l; Type: FK CONSTRAINT; Schema: public; Owner: wagtail_demo
--

ALTER TABLE ONLY public.wagtail_localize_overridablesegment
    ADD CONSTRAINT wagtail_localize_ove_source_id_5720ac20_fk_wagtail_l FOREIGN KEY (source_id) REFERENCES public.wagtail_localize_translationsource(id) DEFERRABLE INITIALLY DEFERRED;


--
-- Name: wagtail_localize_relatedobjectsegment wagtail_localize_rel_context_id_c0a725be_fk_wagtail_l; Type: FK CONSTRAINT; Schema: public; Owner: wagtail_demo
--

ALTER TABLE ONLY public.wagtail_localize_relatedobjectsegment
    ADD CONSTRAINT wagtail_localize_rel_context_id_c0a725be_fk_wagtail_l FOREIGN KEY (context_id) REFERENCES public.wagtail_localize_translationcontext(id) DEFERRABLE INITIALLY DEFERRED;


--
-- Name: wagtail_localize_relatedobjectsegment wagtail_localize_rel_object_id_6c7b58df_fk_wagtail_l; Type: FK CONSTRAINT; Schema: public; Owner: wagtail_demo
--

ALTER TABLE ONLY public.wagtail_localize_relatedobjectsegment
    ADD CONSTRAINT wagtail_localize_rel_object_id_6c7b58df_fk_wagtail_l FOREIGN KEY (object_id) REFERENCES public.wagtail_localize_translatableobject(translation_key) DEFERRABLE INITIALLY DEFERRED;


--
-- Name: wagtail_localize_relatedobjectsegment wagtail_localize_rel_source_id_9a3b1373_fk_wagtail_l; Type: FK CONSTRAINT; Schema: public; Owner: wagtail_demo
--

ALTER TABLE ONLY public.wagtail_localize_relatedobjectsegment
    ADD CONSTRAINT wagtail_localize_rel_source_id_9a3b1373_fk_wagtail_l FOREIGN KEY (source_id) REFERENCES public.wagtail_localize_translationsource(id) DEFERRABLE INITIALLY DEFERRED;


--
-- Name: wagtail_localize_segmentoverride wagtail_localize_seg_context_id_f827efe0_fk_wagtail_l; Type: FK CONSTRAINT; Schema: public; Owner: wagtail_demo
--

ALTER TABLE ONLY public.wagtail_localize_segmentoverride
    ADD CONSTRAINT wagtail_localize_seg_context_id_f827efe0_fk_wagtail_l FOREIGN KEY (context_id) REFERENCES public.wagtail_localize_translationcontext(id) DEFERRABLE INITIALLY DEFERRED;


--
-- Name: wagtail_localize_segmentoverride wagtail_localize_seg_last_translated_by_i_a86448fc_fk_auth_user; Type: FK CONSTRAINT; Schema: public; Owner: wagtail_demo
--

ALTER TABLE ONLY public.wagtail_localize_segmentoverride
    ADD CONSTRAINT wagtail_localize_seg_last_translated_by_i_a86448fc_fk_auth_user FOREIGN KEY (last_translated_by_id) REFERENCES public.auth_user(id) DEFERRABLE INITIALLY DEFERRED;


--
-- Name: wagtail_localize_segmentoverride wagtail_localize_seg_locale_id_b1673d41_fk_wagtailco; Type: FK CONSTRAINT; Schema: public; Owner: wagtail_demo
--

ALTER TABLE ONLY public.wagtail_localize_segmentoverride
    ADD CONSTRAINT wagtail_localize_seg_locale_id_b1673d41_fk_wagtailco FOREIGN KEY (locale_id) REFERENCES public.wagtailcore_locale(id) DEFERRABLE INITIALLY DEFERRED;


--
-- Name: wagtail_localize_stringtranslation wagtail_localize_str_context_id_3cc13049_fk_wagtail_l; Type: FK CONSTRAINT; Schema: public; Owner: wagtail_demo
--

ALTER TABLE ONLY public.wagtail_localize_stringtranslation
    ADD CONSTRAINT wagtail_localize_str_context_id_3cc13049_fk_wagtail_l FOREIGN KEY (context_id) REFERENCES public.wagtail_localize_translationcontext(id) DEFERRABLE INITIALLY DEFERRED;


--
-- Name: wagtail_localize_stringsegment wagtail_localize_str_context_id_63235539_fk_wagtail_l; Type: FK CONSTRAINT; Schema: public; Owner: wagtail_demo
--

ALTER TABLE ONLY public.wagtail_localize_stringsegment
    ADD CONSTRAINT wagtail_localize_str_context_id_63235539_fk_wagtail_l FOREIGN KEY (context_id) REFERENCES public.wagtail_localize_translationcontext(id) DEFERRABLE INITIALLY DEFERRED;


--
-- Name: wagtail_localize_stringtranslation wagtail_localize_str_last_translated_by_i_764c7a3f_fk_auth_user; Type: FK CONSTRAINT; Schema: public; Owner: wagtail_demo
--

ALTER TABLE ONLY public.wagtail_localize_stringtranslation
    ADD CONSTRAINT wagtail_localize_str_last_translated_by_i_764c7a3f_fk_auth_user FOREIGN KEY (last_translated_by_id) REFERENCES public.auth_user(id) DEFERRABLE INITIALLY DEFERRED;


--
-- Name: wagtail_localize_string wagtail_localize_str_locale_id_2cded126_fk_wagtailco; Type: FK CONSTRAINT; Schema: public; Owner: wagtail_demo
--

ALTER TABLE ONLY public.wagtail_localize_string
    ADD CONSTRAINT wagtail_localize_str_locale_id_2cded126_fk_wagtailco FOREIGN KEY (locale_id) REFERENCES public.wagtailcore_locale(id) DEFERRABLE INITIALLY DEFERRED;


--
-- Name: wagtail_localize_stringtranslation wagtail_localize_str_locale_id_b9e3730d_fk_wagtailco; Type: FK CONSTRAINT; Schema: public; Owner: wagtail_demo
--

ALTER TABLE ONLY public.wagtail_localize_stringtranslation
    ADD CONSTRAINT wagtail_localize_str_locale_id_b9e3730d_fk_wagtailco FOREIGN KEY (locale_id) REFERENCES public.wagtailcore_locale(id) DEFERRABLE INITIALLY DEFERRED;


--
-- Name: wagtail_localize_stringsegment wagtail_localize_str_source_id_5804129f_fk_wagtail_l; Type: FK CONSTRAINT; Schema: public; Owner: wagtail_demo
--

ALTER TABLE ONLY public.wagtail_localize_stringsegment
    ADD CONSTRAINT wagtail_localize_str_source_id_5804129f_fk_wagtail_l FOREIGN KEY (source_id) REFERENCES public.wagtail_localize_translationsource(id) DEFERRABLE INITIALLY DEFERRED;


--
-- Name: wagtail_localize_stringsegment wagtail_localize_str_string_id_6356d5ec_fk_wagtail_l; Type: FK CONSTRAINT; Schema: public; Owner: wagtail_demo
--

ALTER TABLE ONLY public.wagtail_localize_stringsegment
    ADD CONSTRAINT wagtail_localize_str_string_id_6356d5ec_fk_wagtail_l FOREIGN KEY (string_id) REFERENCES public.wagtail_localize_string(id) DEFERRABLE INITIALLY DEFERRED;


--
-- Name: wagtail_localize_stringtranslation wagtail_localize_str_translation_of_id_8eef01d0_fk_wagtail_l; Type: FK CONSTRAINT; Schema: public; Owner: wagtail_demo
--

ALTER TABLE ONLY public.wagtail_localize_stringtranslation
    ADD CONSTRAINT wagtail_localize_str_translation_of_id_8eef01d0_fk_wagtail_l FOREIGN KEY (translation_of_id) REFERENCES public.wagtail_localize_string(id) DEFERRABLE INITIALLY DEFERRED;


--
-- Name: wagtail_localize_templatesegment wagtail_localize_tem_context_id_81456b25_fk_wagtail_l; Type: FK CONSTRAINT; Schema: public; Owner: wagtail_demo
--

ALTER TABLE ONLY public.wagtail_localize_templatesegment
    ADD CONSTRAINT wagtail_localize_tem_context_id_81456b25_fk_wagtail_l FOREIGN KEY (context_id) REFERENCES public.wagtail_localize_translationcontext(id) DEFERRABLE INITIALLY DEFERRED;


--
-- Name: wagtail_localize_templatesegment wagtail_localize_tem_source_id_26b89dc6_fk_wagtail_l; Type: FK CONSTRAINT; Schema: public; Owner: wagtail_demo
--

ALTER TABLE ONLY public.wagtail_localize_templatesegment
    ADD CONSTRAINT wagtail_localize_tem_source_id_26b89dc6_fk_wagtail_l FOREIGN KEY (source_id) REFERENCES public.wagtail_localize_translationsource(id) DEFERRABLE INITIALLY DEFERRED;


--
-- Name: wagtail_localize_templatesegment wagtail_localize_tem_template_id_c370b3c8_fk_wagtail_l; Type: FK CONSTRAINT; Schema: public; Owner: wagtail_demo
--

ALTER TABLE ONLY public.wagtail_localize_templatesegment
    ADD CONSTRAINT wagtail_localize_tem_template_id_c370b3c8_fk_wagtail_l FOREIGN KEY (template_id) REFERENCES public.wagtail_localize_template(id) DEFERRABLE INITIALLY DEFERRED;


--
-- Name: wagtail_localize_translatableobject wagtail_localize_tra_content_type_id_0d6c5139_fk_django_co; Type: FK CONSTRAINT; Schema: public; Owner: wagtail_demo
--

ALTER TABLE ONLY public.wagtail_localize_translatableobject
    ADD CONSTRAINT wagtail_localize_tra_content_type_id_0d6c5139_fk_django_co FOREIGN KEY (content_type_id) REFERENCES public.django_content_type(id) DEFERRABLE INITIALLY DEFERRED;


--
-- Name: wagtail_localize_translationsource wagtail_localize_tra_locale_id_0ac264c0_fk_wagtailco; Type: FK CONSTRAINT; Schema: public; Owner: wagtail_demo
--

ALTER TABLE ONLY public.wagtail_localize_translationsource
    ADD CONSTRAINT wagtail_localize_tra_locale_id_0ac264c0_fk_wagtailco FOREIGN KEY (locale_id) REFERENCES public.wagtailcore_locale(id) DEFERRABLE INITIALLY DEFERRED;


--
-- Name: wagtail_localize_translationlog wagtail_localize_tra_locale_id_37619cb4_fk_wagtailco; Type: FK CONSTRAINT; Schema: public; Owner: wagtail_demo
--

ALTER TABLE ONLY public.wagtail_localize_translationlog
    ADD CONSTRAINT wagtail_localize_tra_locale_id_37619cb4_fk_wagtailco FOREIGN KEY (locale_id) REFERENCES public.wagtailcore_locale(id) DEFERRABLE INITIALLY DEFERRED;


--
-- Name: wagtail_localize_translationsource wagtail_localize_tra_object_id_6a078fd2_fk_wagtail_l; Type: FK CONSTRAINT; Schema: public; Owner: wagtail_demo
--

ALTER TABLE ONLY public.wagtail_localize_translationsource
    ADD CONSTRAINT wagtail_localize_tra_object_id_6a078fd2_fk_wagtail_l FOREIGN KEY (object_id) REFERENCES public.wagtail_localize_translatableobject(translation_key) DEFERRABLE INITIALLY DEFERRED;


--
-- Name: wagtail_localize_translationcontext wagtail_localize_tra_object_id_86263ce7_fk_wagtail_l; Type: FK CONSTRAINT; Schema: public; Owner: wagtail_demo
--

ALTER TABLE ONLY public.wagtail_localize_translationcontext
    ADD CONSTRAINT wagtail_localize_tra_object_id_86263ce7_fk_wagtail_l FOREIGN KEY (object_id) REFERENCES public.wagtail_localize_translatableobject(translation_key) DEFERRABLE INITIALLY DEFERRED;


--
-- Name: wagtail_localize_translationlog wagtail_localize_tra_page_revision_id_b036eea6_fk_wagtailco; Type: FK CONSTRAINT; Schema: public; Owner: wagtail_demo
--

ALTER TABLE ONLY public.wagtail_localize_translationlog
    ADD CONSTRAINT wagtail_localize_tra_page_revision_id_b036eea6_fk_wagtailco FOREIGN KEY (page_revision_id) REFERENCES public.wagtailcore_pagerevision(id) DEFERRABLE INITIALLY DEFERRED;


--
-- Name: wagtail_localize_translationlog wagtail_localize_tra_source_id_7228923e_fk_wagtail_l; Type: FK CONSTRAINT; Schema: public; Owner: wagtail_demo
--

ALTER TABLE ONLY public.wagtail_localize_translationlog
    ADD CONSTRAINT wagtail_localize_tra_source_id_7228923e_fk_wagtail_l FOREIGN KEY (source_id) REFERENCES public.wagtail_localize_translationsource(id) DEFERRABLE INITIALLY DEFERRED;


--
-- Name: wagtail_localize_translation wagtail_localize_tra_source_id_e326e1e3_fk_wagtail_l; Type: FK CONSTRAINT; Schema: public; Owner: wagtail_demo
--

ALTER TABLE ONLY public.wagtail_localize_translation
    ADD CONSTRAINT wagtail_localize_tra_source_id_e326e1e3_fk_wagtail_l FOREIGN KEY (source_id) REFERENCES public.wagtail_localize_translationsource(id) DEFERRABLE INITIALLY DEFERRED;


--
-- Name: wagtail_localize_translationsource wagtail_localize_tra_specific_content_typ_3095eb76_fk_django_co; Type: FK CONSTRAINT; Schema: public; Owner: wagtail_demo
--

ALTER TABLE ONLY public.wagtail_localize_translationsource
    ADD CONSTRAINT wagtail_localize_tra_specific_content_typ_3095eb76_fk_django_co FOREIGN KEY (specific_content_type_id) REFERENCES public.django_content_type(id) DEFERRABLE INITIALLY DEFERRED;


--
-- Name: wagtail_localize_translation wagtail_localize_tra_target_locale_id_8c524f73_fk_wagtailco; Type: FK CONSTRAINT; Schema: public; Owner: wagtail_demo
--

ALTER TABLE ONLY public.wagtail_localize_translation
    ADD CONSTRAINT wagtail_localize_tra_target_locale_id_8c524f73_fk_wagtailco FOREIGN KEY (target_locale_id) REFERENCES public.wagtailcore_locale(id) DEFERRABLE INITIALLY DEFERRED;


--
-- Name: wagtailcore_collectionviewrestriction wagtailcore_collecti_collection_id_761908ec_fk_wagtailco; Type: FK CONSTRAINT; Schema: public; Owner: wagtail_demo
--

ALTER TABLE ONLY public.wagtailcore_collectionviewrestriction
    ADD CONSTRAINT wagtailcore_collecti_collection_id_761908ec_fk_wagtailco FOREIGN KEY (collection_id) REFERENCES public.wagtailcore_collection(id) DEFERRABLE INITIALLY DEFERRED;


--
-- Name: wagtailcore_collectionviewrestriction_groups wagtailcore_collecti_collectionviewrestri_47320efd_fk_wagtailco; Type: FK CONSTRAINT; Schema: public; Owner: wagtail_demo
--

ALTER TABLE ONLY public.wagtailcore_collectionviewrestriction_groups
    ADD CONSTRAINT wagtailcore_collecti_collectionviewrestri_47320efd_fk_wagtailco FOREIGN KEY (collectionviewrestriction_id) REFERENCES public.wagtailcore_collectionviewrestriction(id) DEFERRABLE INITIALLY DEFERRED;


--
-- Name: wagtailcore_collectionviewrestriction_groups wagtailcore_collecti_group_id_1823f2a3_fk_auth_grou; Type: FK CONSTRAINT; Schema: public; Owner: wagtail_demo
--

ALTER TABLE ONLY public.wagtailcore_collectionviewrestriction_groups
    ADD CONSTRAINT wagtailcore_collecti_group_id_1823f2a3_fk_auth_grou FOREIGN KEY (group_id) REFERENCES public.auth_group(id) DEFERRABLE INITIALLY DEFERRED;


--
-- Name: wagtailcore_comment wagtailcore_comment_page_id_108444b5_fk_wagtailcore_page_id; Type: FK CONSTRAINT; Schema: public; Owner: wagtail_demo
--

ALTER TABLE ONLY public.wagtailcore_comment
    ADD CONSTRAINT wagtailcore_comment_page_id_108444b5_fk_wagtailcore_page_id FOREIGN KEY (page_id) REFERENCES public.wagtailcore_page(id) DEFERRABLE INITIALLY DEFERRED;


--
-- Name: wagtailcore_comment wagtailcore_comment_resolved_by_id_a282aa0e_fk_auth_user_id; Type: FK CONSTRAINT; Schema: public; Owner: wagtail_demo
--

ALTER TABLE ONLY public.wagtailcore_comment
    ADD CONSTRAINT wagtailcore_comment_resolved_by_id_a282aa0e_fk_auth_user_id FOREIGN KEY (resolved_by_id) REFERENCES public.auth_user(id) DEFERRABLE INITIALLY DEFERRED;


--
-- Name: wagtailcore_comment wagtailcore_comment_revision_created_id_1d058279_fk_wagtailco; Type: FK CONSTRAINT; Schema: public; Owner: wagtail_demo
--

ALTER TABLE ONLY public.wagtailcore_comment
    ADD CONSTRAINT wagtailcore_comment_revision_created_id_1d058279_fk_wagtailco FOREIGN KEY (revision_created_id) REFERENCES public.wagtailcore_pagerevision(id) DEFERRABLE INITIALLY DEFERRED;


--
-- Name: wagtailcore_comment wagtailcore_comment_user_id_0c577ca6_fk_auth_user_id; Type: FK CONSTRAINT; Schema: public; Owner: wagtail_demo
--

ALTER TABLE ONLY public.wagtailcore_comment
    ADD CONSTRAINT wagtailcore_comment_user_id_0c577ca6_fk_auth_user_id FOREIGN KEY (user_id) REFERENCES public.auth_user(id) DEFERRABLE INITIALLY DEFERRED;


--
-- Name: wagtailcore_commentreply wagtailcore_commentr_comment_id_afc7e027_fk_wagtailco; Type: FK CONSTRAINT; Schema: public; Owner: wagtail_demo
--

ALTER TABLE ONLY public.wagtailcore_commentreply
    ADD CONSTRAINT wagtailcore_commentr_comment_id_afc7e027_fk_wagtailco FOREIGN KEY (comment_id) REFERENCES public.wagtailcore_comment(id) DEFERRABLE INITIALLY DEFERRED;


--
-- Name: wagtailcore_commentreply wagtailcore_commentreply_user_id_d0b3b9c3_fk_auth_user_id; Type: FK CONSTRAINT; Schema: public; Owner: wagtail_demo
--

ALTER TABLE ONLY public.wagtailcore_commentreply
    ADD CONSTRAINT wagtailcore_commentreply_user_id_d0b3b9c3_fk_auth_user_id FOREIGN KEY (user_id) REFERENCES public.auth_user(id) DEFERRABLE INITIALLY DEFERRED;


--
-- Name: wagtailcore_groupapprovaltask_groups wagtailcore_groupapp_group_id_2e64b61f_fk_auth_grou; Type: FK CONSTRAINT; Schema: public; Owner: wagtail_demo
--

ALTER TABLE ONLY public.wagtailcore_groupapprovaltask_groups
    ADD CONSTRAINT wagtailcore_groupapp_group_id_2e64b61f_fk_auth_grou FOREIGN KEY (group_id) REFERENCES public.auth_group(id) DEFERRABLE INITIALLY DEFERRED;


--
-- Name: wagtailcore_groupapprovaltask_groups wagtailcore_groupapp_groupapprovaltask_id_9a9255ea_fk_wagtailco; Type: FK CONSTRAINT; Schema: public; Owner: wagtail_demo
--

ALTER TABLE ONLY public.wagtailcore_groupapprovaltask_groups
    ADD CONSTRAINT wagtailcore_groupapp_groupapprovaltask_id_9a9255ea_fk_wagtailco FOREIGN KEY (groupapprovaltask_id) REFERENCES public.wagtailcore_groupapprovaltask(task_ptr_id) DEFERRABLE INITIALLY DEFERRED;


--
-- Name: wagtailcore_groupapprovaltask wagtailcore_groupapp_task_ptr_id_cfe58781_fk_wagtailco; Type: FK CONSTRAINT; Schema: public; Owner: wagtail_demo
--

ALTER TABLE ONLY public.wagtailcore_groupapprovaltask
    ADD CONSTRAINT wagtailcore_groupapp_task_ptr_id_cfe58781_fk_wagtailco FOREIGN KEY (task_ptr_id) REFERENCES public.wagtailcore_task(id) DEFERRABLE INITIALLY DEFERRED;


--
-- Name: wagtailcore_groupcollectionpermission wagtailcore_groupcol_collection_id_5423575a_fk_wagtailco; Type: FK CONSTRAINT; Schema: public; Owner: wagtail_demo
--

ALTER TABLE ONLY public.wagtailcore_groupcollectionpermission
    ADD CONSTRAINT wagtailcore_groupcol_collection_id_5423575a_fk_wagtailco FOREIGN KEY (collection_id) REFERENCES public.wagtailcore_collection(id) DEFERRABLE INITIALLY DEFERRED;


--
-- Name: wagtailcore_groupcollectionpermission wagtailcore_groupcol_group_id_05d61460_fk_auth_grou; Type: FK CONSTRAINT; Schema: public; Owner: wagtail_demo
--

ALTER TABLE ONLY public.wagtailcore_groupcollectionpermission
    ADD CONSTRAINT wagtailcore_groupcol_group_id_05d61460_fk_auth_grou FOREIGN KEY (group_id) REFERENCES public.auth_group(id) DEFERRABLE INITIALLY DEFERRED;


--
-- Name: wagtailcore_groupcollectionpermission wagtailcore_groupcol_permission_id_1b626275_fk_auth_perm; Type: FK CONSTRAINT; Schema: public; Owner: wagtail_demo
--

ALTER TABLE ONLY public.wagtailcore_groupcollectionpermission
    ADD CONSTRAINT wagtailcore_groupcol_permission_id_1b626275_fk_auth_perm FOREIGN KEY (permission_id) REFERENCES public.auth_permission(id) DEFERRABLE INITIALLY DEFERRED;


--
-- Name: wagtailcore_grouppagepermission wagtailcore_grouppag_group_id_fc07e671_fk_auth_grou; Type: FK CONSTRAINT; Schema: public; Owner: wagtail_demo
--

ALTER TABLE ONLY public.wagtailcore_grouppagepermission
    ADD CONSTRAINT wagtailcore_grouppag_group_id_fc07e671_fk_auth_grou FOREIGN KEY (group_id) REFERENCES public.auth_group(id) DEFERRABLE INITIALLY DEFERRED;


--
-- Name: wagtailcore_grouppagepermission wagtailcore_grouppag_page_id_710b114a_fk_wagtailco; Type: FK CONSTRAINT; Schema: public; Owner: wagtail_demo
--

ALTER TABLE ONLY public.wagtailcore_grouppagepermission
    ADD CONSTRAINT wagtailcore_grouppag_page_id_710b114a_fk_wagtailco FOREIGN KEY (page_id) REFERENCES public.wagtailcore_page(id) DEFERRABLE INITIALLY DEFERRED;


--
-- Name: wagtailcore_page wagtailcore_page_alias_of_id_12945502_fk_wagtailcore_page_id; Type: FK CONSTRAINT; Schema: public; Owner: wagtail_demo
--

ALTER TABLE ONLY public.wagtailcore_page
    ADD CONSTRAINT wagtailcore_page_alias_of_id_12945502_fk_wagtailcore_page_id FOREIGN KEY (alias_of_id) REFERENCES public.wagtailcore_page(id) DEFERRABLE INITIALLY DEFERRED;


--
-- Name: wagtailcore_page wagtailcore_page_content_type_id_c28424df_fk_django_co; Type: FK CONSTRAINT; Schema: public; Owner: wagtail_demo
--

ALTER TABLE ONLY public.wagtailcore_page
    ADD CONSTRAINT wagtailcore_page_content_type_id_c28424df_fk_django_co FOREIGN KEY (content_type_id) REFERENCES public.django_content_type(id) DEFERRABLE INITIALLY DEFERRED;


--
-- Name: wagtailcore_page wagtailcore_page_live_revision_id_930bd822_fk_wagtailco; Type: FK CONSTRAINT; Schema: public; Owner: wagtail_demo
--

ALTER TABLE ONLY public.wagtailcore_page
    ADD CONSTRAINT wagtailcore_page_live_revision_id_930bd822_fk_wagtailco FOREIGN KEY (live_revision_id) REFERENCES public.wagtailcore_pagerevision(id) DEFERRABLE INITIALLY DEFERRED;


--
-- Name: wagtailcore_page wagtailcore_page_locale_id_3c7e30a6_fk_wagtailcore_locale_id; Type: FK CONSTRAINT; Schema: public; Owner: wagtail_demo
--

ALTER TABLE ONLY public.wagtailcore_page
    ADD CONSTRAINT wagtailcore_page_locale_id_3c7e30a6_fk_wagtailcore_locale_id FOREIGN KEY (locale_id) REFERENCES public.wagtailcore_locale(id) DEFERRABLE INITIALLY DEFERRED;


--
-- Name: wagtailcore_page wagtailcore_page_locked_by_id_bcb86245_fk_auth_user_id; Type: FK CONSTRAINT; Schema: public; Owner: wagtail_demo
--

ALTER TABLE ONLY public.wagtailcore_page
    ADD CONSTRAINT wagtailcore_page_locked_by_id_bcb86245_fk_auth_user_id FOREIGN KEY (locked_by_id) REFERENCES public.auth_user(id) DEFERRABLE INITIALLY DEFERRED;


--
-- Name: wagtailcore_page wagtailcore_page_owner_id_fbf7c332_fk_auth_user_id; Type: FK CONSTRAINT; Schema: public; Owner: wagtail_demo
--

ALTER TABLE ONLY public.wagtailcore_page
    ADD CONSTRAINT wagtailcore_page_owner_id_fbf7c332_fk_auth_user_id FOREIGN KEY (owner_id) REFERENCES public.auth_user(id) DEFERRABLE INITIALLY DEFERRED;


--
-- Name: wagtailcore_pagelogentry wagtailcore_pageloge_content_type_id_74e7708a_fk_django_co; Type: FK CONSTRAINT; Schema: public; Owner: wagtail_demo
--

ALTER TABLE ONLY public.wagtailcore_pagelogentry
    ADD CONSTRAINT wagtailcore_pageloge_content_type_id_74e7708a_fk_django_co FOREIGN KEY (content_type_id) REFERENCES public.django_content_type(id) DEFERRABLE INITIALLY DEFERRED;


--
-- Name: wagtailcore_pagerevision wagtailcore_pagerevi_page_id_d421cc1d_fk_wagtailco; Type: FK CONSTRAINT; Schema: public; Owner: wagtail_demo
--

ALTER TABLE ONLY public.wagtailcore_pagerevision
    ADD CONSTRAINT wagtailcore_pagerevi_page_id_d421cc1d_fk_wagtailco FOREIGN KEY (page_id) REFERENCES public.wagtailcore_page(id) DEFERRABLE INITIALLY DEFERRED;


--
-- Name: wagtailcore_pagerevision wagtailcore_pagerevision_user_id_2409d2f4_fk_auth_user_id; Type: FK CONSTRAINT; Schema: public; Owner: wagtail_demo
--

ALTER TABLE ONLY public.wagtailcore_pagerevision
    ADD CONSTRAINT wagtailcore_pagerevision_user_id_2409d2f4_fk_auth_user_id FOREIGN KEY (user_id) REFERENCES public.auth_user(id) DEFERRABLE INITIALLY DEFERRED;


--
-- Name: wagtailcore_pagesubscription wagtailcore_pagesubs_page_id_a085e7a6_fk_wagtailco; Type: FK CONSTRAINT; Schema: public; Owner: wagtail_demo
--

ALTER TABLE ONLY public.wagtailcore_pagesubscription
    ADD CONSTRAINT wagtailcore_pagesubs_page_id_a085e7a6_fk_wagtailco FOREIGN KEY (page_id) REFERENCES public.wagtailcore_page(id) DEFERRABLE INITIALLY DEFERRED;


--
-- Name: wagtailcore_pagesubscription wagtailcore_pagesubscription_user_id_89d7def9_fk_auth_user_id; Type: FK CONSTRAINT; Schema: public; Owner: wagtail_demo
--

ALTER TABLE ONLY public.wagtailcore_pagesubscription
    ADD CONSTRAINT wagtailcore_pagesubscription_user_id_89d7def9_fk_auth_user_id FOREIGN KEY (user_id) REFERENCES public.auth_user(id) DEFERRABLE INITIALLY DEFERRED;


--
-- Name: wagtailcore_pageviewrestriction_groups wagtailcore_pageview_group_id_6460f223_fk_auth_grou; Type: FK CONSTRAINT; Schema: public; Owner: wagtail_demo
--

ALTER TABLE ONLY public.wagtailcore_pageviewrestriction_groups
    ADD CONSTRAINT wagtailcore_pageview_group_id_6460f223_fk_auth_grou FOREIGN KEY (group_id) REFERENCES public.auth_group(id) DEFERRABLE INITIALLY DEFERRED;


--
-- Name: wagtailcore_pageviewrestriction wagtailcore_pageview_page_id_15a8bea6_fk_wagtailco; Type: FK CONSTRAINT; Schema: public; Owner: wagtail_demo
--

ALTER TABLE ONLY public.wagtailcore_pageviewrestriction
    ADD CONSTRAINT wagtailcore_pageview_page_id_15a8bea6_fk_wagtailco FOREIGN KEY (page_id) REFERENCES public.wagtailcore_page(id) DEFERRABLE INITIALLY DEFERRED;


--
-- Name: wagtailcore_pageviewrestriction_groups wagtailcore_pageview_pageviewrestriction__f147a99a_fk_wagtailco; Type: FK CONSTRAINT; Schema: public; Owner: wagtail_demo
--

ALTER TABLE ONLY public.wagtailcore_pageviewrestriction_groups
    ADD CONSTRAINT wagtailcore_pageview_pageviewrestriction__f147a99a_fk_wagtailco FOREIGN KEY (pageviewrestriction_id) REFERENCES public.wagtailcore_pageviewrestriction(id) DEFERRABLE INITIALLY DEFERRED;


--
-- Name: wagtailcore_site wagtailcore_site_root_page_id_e02fb95c_fk_wagtailcore_page_id; Type: FK CONSTRAINT; Schema: public; Owner: wagtail_demo
--

ALTER TABLE ONLY public.wagtailcore_site
    ADD CONSTRAINT wagtailcore_site_root_page_id_e02fb95c_fk_wagtailcore_page_id FOREIGN KEY (root_page_id) REFERENCES public.wagtailcore_page(id) DEFERRABLE INITIALLY DEFERRED;


--
-- Name: wagtailcore_task wagtailcore_task_content_type_id_249ab8ba_fk_django_co; Type: FK CONSTRAINT; Schema: public; Owner: wagtail_demo
--

ALTER TABLE ONLY public.wagtailcore_task
    ADD CONSTRAINT wagtailcore_task_content_type_id_249ab8ba_fk_django_co FOREIGN KEY (content_type_id) REFERENCES public.django_content_type(id) DEFERRABLE INITIALLY DEFERRED;


--
-- Name: wagtailcore_taskstate wagtailcore_taskstat_content_type_id_0a758fdc_fk_django_co; Type: FK CONSTRAINT; Schema: public; Owner: wagtail_demo
--

ALTER TABLE ONLY public.wagtailcore_taskstate
    ADD CONSTRAINT wagtailcore_taskstat_content_type_id_0a758fdc_fk_django_co FOREIGN KEY (content_type_id) REFERENCES public.django_content_type(id) DEFERRABLE INITIALLY DEFERRED;


--
-- Name: wagtailcore_taskstate wagtailcore_taskstat_page_revision_id_9f52c88e_fk_wagtailco; Type: FK CONSTRAINT; Schema: public; Owner: wagtail_demo
--

ALTER TABLE ONLY public.wagtailcore_taskstate
    ADD CONSTRAINT wagtailcore_taskstat_page_revision_id_9f52c88e_fk_wagtailco FOREIGN KEY (page_revision_id) REFERENCES public.wagtailcore_pagerevision(id) DEFERRABLE INITIALLY DEFERRED;


--
-- Name: wagtailcore_taskstate wagtailcore_taskstat_workflow_state_id_9239a775_fk_wagtailco; Type: FK CONSTRAINT; Schema: public; Owner: wagtail_demo
--

ALTER TABLE ONLY public.wagtailcore_taskstate
    ADD CONSTRAINT wagtailcore_taskstat_workflow_state_id_9239a775_fk_wagtailco FOREIGN KEY (workflow_state_id) REFERENCES public.wagtailcore_workflowstate(id) DEFERRABLE INITIALLY DEFERRED;


--
-- Name: wagtailcore_taskstate wagtailcore_taskstate_finished_by_id_13f98229_fk_auth_user_id; Type: FK CONSTRAINT; Schema: public; Owner: wagtail_demo
--

ALTER TABLE ONLY public.wagtailcore_taskstate
    ADD CONSTRAINT wagtailcore_taskstate_finished_by_id_13f98229_fk_auth_user_id FOREIGN KEY (finished_by_id) REFERENCES public.auth_user(id) DEFERRABLE INITIALLY DEFERRED;


--
-- Name: wagtailcore_taskstate wagtailcore_taskstate_task_id_c3677c34_fk_wagtailcore_task_id; Type: FK CONSTRAINT; Schema: public; Owner: wagtail_demo
--

ALTER TABLE ONLY public.wagtailcore_taskstate
    ADD CONSTRAINT wagtailcore_taskstate_task_id_c3677c34_fk_wagtailcore_task_id FOREIGN KEY (task_id) REFERENCES public.wagtailcore_task(id) DEFERRABLE INITIALLY DEFERRED;


--
-- Name: wagtailcore_workflowstate wagtailcore_workflow_current_task_state_i_3a1a0632_fk_wagtailco; Type: FK CONSTRAINT; Schema: public; Owner: wagtail_demo
--

ALTER TABLE ONLY public.wagtailcore_workflowstate
    ADD CONSTRAINT wagtailcore_workflow_current_task_state_i_3a1a0632_fk_wagtailco FOREIGN KEY (current_task_state_id) REFERENCES public.wagtailcore_taskstate(id) DEFERRABLE INITIALLY DEFERRED;


--
-- Name: wagtailcore_workflowstate wagtailcore_workflow_page_id_6c962862_fk_wagtailco; Type: FK CONSTRAINT; Schema: public; Owner: wagtail_demo
--

ALTER TABLE ONLY public.wagtailcore_workflowstate
    ADD CONSTRAINT wagtailcore_workflow_page_id_6c962862_fk_wagtailco FOREIGN KEY (page_id) REFERENCES public.wagtailcore_page(id) DEFERRABLE INITIALLY DEFERRED;


--
-- Name: wagtailcore_workflowpage wagtailcore_workflow_page_id_81e7bab6_fk_wagtailco; Type: FK CONSTRAINT; Schema: public; Owner: wagtail_demo
--

ALTER TABLE ONLY public.wagtailcore_workflowpage
    ADD CONSTRAINT wagtailcore_workflow_page_id_81e7bab6_fk_wagtailco FOREIGN KEY (page_id) REFERENCES public.wagtailcore_page(id) DEFERRABLE INITIALLY DEFERRED;


--
-- Name: wagtailcore_workflowstate wagtailcore_workflow_requested_by_id_4090bca3_fk_auth_user; Type: FK CONSTRAINT; Schema: public; Owner: wagtail_demo
--

ALTER TABLE ONLY public.wagtailcore_workflowstate
    ADD CONSTRAINT wagtailcore_workflow_requested_by_id_4090bca3_fk_auth_user FOREIGN KEY (requested_by_id) REFERENCES public.auth_user(id) DEFERRABLE INITIALLY DEFERRED;


--
-- Name: wagtailcore_workflowtask wagtailcore_workflow_task_id_ce7716fe_fk_wagtailco; Type: FK CONSTRAINT; Schema: public; Owner: wagtail_demo
--

ALTER TABLE ONLY public.wagtailcore_workflowtask
    ADD CONSTRAINT wagtailcore_workflow_task_id_ce7716fe_fk_wagtailco FOREIGN KEY (task_id) REFERENCES public.wagtailcore_task(id) DEFERRABLE INITIALLY DEFERRED;


--
-- Name: wagtailcore_workflowstate wagtailcore_workflow_workflow_id_1f18378f_fk_wagtailco; Type: FK CONSTRAINT; Schema: public; Owner: wagtail_demo
--

ALTER TABLE ONLY public.wagtailcore_workflowstate
    ADD CONSTRAINT wagtailcore_workflow_workflow_id_1f18378f_fk_wagtailco FOREIGN KEY (workflow_id) REFERENCES public.wagtailcore_workflow(id) DEFERRABLE INITIALLY DEFERRED;


--
-- Name: wagtailcore_workflowpage wagtailcore_workflow_workflow_id_56f56ff6_fk_wagtailco; Type: FK CONSTRAINT; Schema: public; Owner: wagtail_demo
--

ALTER TABLE ONLY public.wagtailcore_workflowpage
    ADD CONSTRAINT wagtailcore_workflow_workflow_id_56f56ff6_fk_wagtailco FOREIGN KEY (workflow_id) REFERENCES public.wagtailcore_workflow(id) DEFERRABLE INITIALLY DEFERRED;


--
-- Name: wagtailcore_workflowtask wagtailcore_workflow_workflow_id_b9717175_fk_wagtailco; Type: FK CONSTRAINT; Schema: public; Owner: wagtail_demo
--

ALTER TABLE ONLY public.wagtailcore_workflowtask
    ADD CONSTRAINT wagtailcore_workflow_workflow_id_b9717175_fk_wagtailco FOREIGN KEY (workflow_id) REFERENCES public.wagtailcore_workflow(id) DEFERRABLE INITIALLY DEFERRED;


--
-- Name: wagtaildocs_document wagtaildocs_document_collection_id_23881625_fk_wagtailco; Type: FK CONSTRAINT; Schema: public; Owner: wagtail_demo
--

ALTER TABLE ONLY public.wagtaildocs_document
    ADD CONSTRAINT wagtaildocs_document_collection_id_23881625_fk_wagtailco FOREIGN KEY (collection_id) REFERENCES public.wagtailcore_collection(id) DEFERRABLE INITIALLY DEFERRED;


--
-- Name: wagtaildocs_document wagtaildocs_document_uploaded_by_user_id_17258b41_fk_auth_user; Type: FK CONSTRAINT; Schema: public; Owner: wagtail_demo
--

ALTER TABLE ONLY public.wagtaildocs_document
    ADD CONSTRAINT wagtaildocs_document_uploaded_by_user_id_17258b41_fk_auth_user FOREIGN KEY (uploaded_by_user_id) REFERENCES public.auth_user(id) DEFERRABLE INITIALLY DEFERRED;


--
-- Name: wagtaildocs_uploadeddocument wagtaildocs_uploaded_uploaded_by_user_id_8dd61a73_fk_auth_user; Type: FK CONSTRAINT; Schema: public; Owner: wagtail_demo
--

ALTER TABLE ONLY public.wagtaildocs_uploadeddocument
    ADD CONSTRAINT wagtaildocs_uploaded_uploaded_by_user_id_8dd61a73_fk_auth_user FOREIGN KEY (uploaded_by_user_id) REFERENCES public.auth_user(id) DEFERRABLE INITIALLY DEFERRED;


--
-- Name: wagtailforms_formsubmission wagtailforms_formsub_page_id_e48e93e7_fk_wagtailco; Type: FK CONSTRAINT; Schema: public; Owner: wagtail_demo
--

ALTER TABLE ONLY public.wagtailforms_formsubmission
    ADD CONSTRAINT wagtailforms_formsub_page_id_e48e93e7_fk_wagtailco FOREIGN KEY (page_id) REFERENCES public.wagtailcore_page(id) DEFERRABLE INITIALLY DEFERRED;


--
-- Name: wagtailimages_image wagtailimages_image_collection_id_c2f8af7e_fk_wagtailco; Type: FK CONSTRAINT; Schema: public; Owner: wagtail_demo
--

ALTER TABLE ONLY public.wagtailimages_image
    ADD CONSTRAINT wagtailimages_image_collection_id_c2f8af7e_fk_wagtailco FOREIGN KEY (collection_id) REFERENCES public.wagtailcore_collection(id) DEFERRABLE INITIALLY DEFERRED;


--
-- Name: wagtailimages_image wagtailimages_image_uploaded_by_user_id_5d73dc75_fk_auth_user; Type: FK CONSTRAINT; Schema: public; Owner: wagtail_demo
--

ALTER TABLE ONLY public.wagtailimages_image
    ADD CONSTRAINT wagtailimages_image_uploaded_by_user_id_5d73dc75_fk_auth_user FOREIGN KEY (uploaded_by_user_id) REFERENCES public.auth_user(id) DEFERRABLE INITIALLY DEFERRED;


--
-- Name: wagtailimages_rendition wagtailimages_rendit_image_id_3e1fd774_fk_wagtailim; Type: FK CONSTRAINT; Schema: public; Owner: wagtail_demo
--

ALTER TABLE ONLY public.wagtailimages_rendition
    ADD CONSTRAINT wagtailimages_rendit_image_id_3e1fd774_fk_wagtailim FOREIGN KEY (image_id) REFERENCES public.wagtailimages_image(id) DEFERRABLE INITIALLY DEFERRED;


--
-- Name: wagtailimages_uploadedimage wagtailimages_upload_uploaded_by_user_id_85921689_fk_auth_user; Type: FK CONSTRAINT; Schema: public; Owner: wagtail_demo
--

ALTER TABLE ONLY public.wagtailimages_uploadedimage
    ADD CONSTRAINT wagtailimages_upload_uploaded_by_user_id_85921689_fk_auth_user FOREIGN KEY (uploaded_by_user_id) REFERENCES public.auth_user(id) DEFERRABLE INITIALLY DEFERRED;


--
-- Name: wagtailredirects_redirect wagtailredirects_red_redirect_page_id_b5728a8f_fk_wagtailco; Type: FK CONSTRAINT; Schema: public; Owner: wagtail_demo
--

ALTER TABLE ONLY public.wagtailredirects_redirect
    ADD CONSTRAINT wagtailredirects_red_redirect_page_id_b5728a8f_fk_wagtailco FOREIGN KEY (redirect_page_id) REFERENCES public.wagtailcore_page(id) DEFERRABLE INITIALLY DEFERRED;


--
-- Name: wagtailredirects_redirect wagtailredirects_red_site_id_780a0e1e_fk_wagtailco; Type: FK CONSTRAINT; Schema: public; Owner: wagtail_demo
--

ALTER TABLE ONLY public.wagtailredirects_redirect
    ADD CONSTRAINT wagtailredirects_red_site_id_780a0e1e_fk_wagtailco FOREIGN KEY (site_id) REFERENCES public.wagtailcore_site(id) DEFERRABLE INITIALLY DEFERRED;


--
-- Name: wagtailsearch_editorspick wagtailsearch_editor_page_id_28cbc274_fk_wagtailco; Type: FK CONSTRAINT; Schema: public; Owner: wagtail_demo
--

ALTER TABLE ONLY public.wagtailsearch_editorspick
    ADD CONSTRAINT wagtailsearch_editor_page_id_28cbc274_fk_wagtailco FOREIGN KEY (page_id) REFERENCES public.wagtailcore_page(id) DEFERRABLE INITIALLY DEFERRED;


--
-- Name: wagtailsearch_editorspick wagtailsearch_editor_query_id_c6eee4a0_fk_wagtailse; Type: FK CONSTRAINT; Schema: public; Owner: wagtail_demo
--

ALTER TABLE ONLY public.wagtailsearch_editorspick
    ADD CONSTRAINT wagtailsearch_editor_query_id_c6eee4a0_fk_wagtailse FOREIGN KEY (query_id) REFERENCES public.wagtailsearch_query(id) DEFERRABLE INITIALLY DEFERRED;


--
-- Name: wagtailsearch_querydailyhits wagtailsearch_queryd_query_id_2185994b_fk_wagtailse; Type: FK CONSTRAINT; Schema: public; Owner: wagtail_demo
--

ALTER TABLE ONLY public.wagtailsearch_querydailyhits
    ADD CONSTRAINT wagtailsearch_queryd_query_id_2185994b_fk_wagtailse FOREIGN KEY (query_id) REFERENCES public.wagtailsearch_query(id) DEFERRABLE INITIALLY DEFERRED;


--
-- Name: wagtailusers_userprofile wagtailusers_userprofile_user_id_59c92331_fk_auth_user_id; Type: FK CONSTRAINT; Schema: public; Owner: wagtail_demo
--

ALTER TABLE ONLY public.wagtailusers_userprofile
    ADD CONSTRAINT wagtailusers_userprofile_user_id_59c92331_fk_auth_user_id FOREIGN KEY (user_id) REFERENCES public.auth_user(id) DEFERRABLE INITIALLY DEFERRED;


--
-- PostgreSQL database dump complete
--

